0.000000000000000000e+00,2.161671160948967774e-01,6.422451804053722936e-03,8.731741040276205790e-02,4.656784287996821724e-06,0.000000000000000000e+00,0.000000000000000000e+00,5.850341389313630514e-02,6.157257875180271317e-03,6.225877620796118617e-01,1.898675143904595655e-04,2.766705332016804620e-03
0.000000000000000000e+00,2.161716031404094795e-01,6.414591451605078723e-03,8.732971575361621330e-02,3.378065200404785477e-06,0.000000000000000000e+00,0.000000000000000000e+00,5.851347784573355387e-02,6.134567292424583304e-03,6.225846053242746203e-01,1.949308888779088106e-04,2.774133794502945446e-03
1.485433922142892149e-06,2.161727699430149030e-01,6.422971477530680338e-03,8.733823922678488061e-02,1.853338760103225470e-06,0.000000000000000000e+00,0.000000000000000000e+00,5.853264015697210582e-02,6.095741439197934972e-03,6.225753904370173730e-01,1.998227873450614072e-04,2.763500132741899401e-03
1.027661379415143240e-06,2.161813347432697541e-01,6.407362934563871383e-03,8.736418149927914489e-02,2.938304422322480101e-07,0.000000000000000000e+00,0.000000000000000000e+00,5.854338584954184993e-02,6.066855822239564967e-03,6.225683159427253255e-01,2.120243034291050856e-04,2.778401891173769549e-03
1.572514165145845320e-06,2.161853365147433648e-01,6.393736164118128500e-03,8.737427604312224261e-02,9.068020839969888868e-09,0.000000000000000000e+00,0.000000000000000000e+00,5.856162752119346837e-02,6.039398408334815255e-03,6.225602644476744274e-01,2.174769932024880838e-04,2.778335580550324660e-03
1.248531461330512550e-06,2.161894094767317642e-01,6.413564729738625500e-03,8.738589501881295629e-02,0.000000000000000000e+00,0.000000000000000000e+00,0.000000000000000000e+00,5.853024152685359915e-02,6.043922183934618587e-03,6.225552847489045361e-01,2.219263496242539484e-04,2.788608041918582900e-03
7.615159477006907532e-05,2.162059948776918206e-01,6.512907181385538605e-03,8.742063724908800959e-02,0.000000000000000000e+00,0.000000000000000000e+00,0.000000000000000000e+00,5.782460094516764931e-02,6.055875329467626418e-03,6.228625591538594630e-01,2.925931574341452106e-04,2.780508086852790696e-03
3.487093885353845821e-04,2.163795112342651872e-01,6.570066314268019000e-03,8.767588683027835450e-02,1.301983280164224339e-06,0.000000000000000000e+00,0.000000000000000000e+00,5.665119686748370381e-02,6.092439377734752172e-03,6.230176040970566431e-01,5.051839584504693587e-04,2.779309828697673623e-03
6.414592919077948506e-04,2.166595779280301171e-01,6.601922413491461208e-03,8.799730910094717695e-02,1.147358002091699076e-06,0.000000000000000000e+00,0.000000000000000000e+00,5.534962698597033909e-02,6.113772337554703763e-03,6.230965397663790206e-01,7.860577156201386129e-04,2.777787173588666322e-03
9.589296343624188973e-04,2.169818918508430450e-01,6.646225303948060693e-03,8.832466725199626667e-02,0.000000000000000000e+00,0.000000000000000000e+00,0.000000000000000000e+00,5.398070355245326857e-02,6.139474919506447345e-03,6.231876118976287238e-01,1.054927278047488020e-03,2.774193482705741582e-03
1.268942168226600735e-03,2.173760231631068351e-01,6.727460280748519261e-03,8.869194856412083994e-02,0.000000000000000000e+00,0.000000000000000000e+00,0.000000000000000000e+00,5.237102257736889199e-02,6.150687170470939616e-03,6.233066222789173105e-01,1.313427044162770270e-03,2.827453863073731144e-03
1.558931319518506000e-03,2.178797412642835274e-01,6.768116397631624911e-03,8.913443205444994411e-02,0.000000000000000000e+00,0.000000000000000000e+00,0.000000000000000000e+00,5.049123109225636674e-02,6.136947377792576104e-03,6.234149007723895908e-01,1.545079273945084266e-03,3.099574686158699209e-03
1.806752874009004721e-03,2.184855490551156909e-01,6.799413499339419450e-03,8.965606439572933184e-02,0.000000000000000000e+00,0.000000000000000000e+00,0.000000000000000000e+00,4.837492730115543899e-02,6.134993562254469589e-03,6.235266334699787194e-01,1.756096997153115246e-03,3.498180332950064260e-03
2.003271339757831289e-03,2.191678838762467774e-01,6.807505313413889612e-03,9.025873573771231451e-02,7.141443879922507359e-06,0.000000000000000000e+00,0.000000000000000000e+00,4.609744148605639941e-02,6.126072321438081648e-03,6.236027903964910246e-01,1.961478778633174869e-03,4.004441292270009486e-03
2.164794033298775896e-03,2.198733279663684925e-01,6.813367203574672605e-03,9.091256021319638059e-02,1.618486674279779290e-05,0.000000000000000000e+00,0.000000000000000000e+00,4.372327212423213899e-02,6.118836172589042777e-03,6.236800287720053459e-01,2.130969039085089251e-03,4.599874467151337035e-03
2.335579928535664544e-03,2.205851968921328787e-01,6.820154367977941667e-03,9.161823887929980426e-02,3.061602573595019510e-05,0.000000000000000000e+00,0.000000000000000000e+00,4.120954261614407504e-02,6.118291300231278734e-03,6.237287675058218461e-01,2.283415379275468681e-03,5.288018926133151304e-03
2.537503000976439396e-03,2.212603296510573803e-01,6.827644565018849317e-03,9.233823849694569597e-02,5.909800005568442265e-05,0.000000000000000000e+00,0.000000000000000000e+00,3.862724563426984947e-02,6.115673735750073135e-03,6.237214473514494095e-01,2.455924913306161989e-03,6.056152243014760635e-03
2.733015653807094499e-03,2.218753401804375580e-01,6.849742007520766805e-03,9.302353116965741964e-02,9.540454307203491619e-05,0.000000000000000000e+00,0.000000000000000000e+00,3.603116743484700152e-02,6.115131998614335533e-03,6.237089331145458937e-01,2.697351241877864268e-03,6.867249747353565935e-03
2.927013499581374543e-03,2.224690486335881012e-01,6.866573478886507653e-03,9.368187890327156486e-02,1.829391157783965454e-04,0.000000000000000000e+00,0.000000000000000000e+00,3.340083320681187101e-02,6.117579538015572790e-03,6.236957949445627314e-01,2.987626892649471438e-03,7.674656687930023029e-03
3.064546404270899332e-03,2.230085891463916559e-01,6.874310392988650098e-03,9.428086814830749507e-02,2.205393360921073618e-04,0.000000000000000000e+00,0.000000000000000000e+00,3.059039894670820617e-02,6.721227955263446227e-03,6.236887206792846028e-01,3.217986924958508594e-03,8.333454321449627888e-03
3.139847827279231094e-03,2.235143006587563819e-01,6.875276483865684109e-03,9.483871910374160052e-02,2.490072287373305999e-04,0.000000000000000000e+00,3.308387054837232718e-04,2.768629888864533248e-02,7.462042105495132922e-03,6.236705944555853698e-01,3.392711305341390704e-03,8.827028076036524951e-03
3.217968897210231761e-03,2.239714120961547317e-01,6.882613132844401377e-03,9.533620170508598501e-02,2.635214692000846688e-04,0.000000000000000000e+00,7.911699602066791289e-04,2.481855278037882473e-02,8.281407126637678820e-03,6.236838188090569890e-01,3.552300189862358463e-03,9.203144696057765153e-03
3.365505627817209650e-03,2.243706560744437584e-01,6.883407311269576327e-03,9.580518854741928991e-02,2.657131656138499946e-04,0.000000000000000000e+00,1.260992574594678971e-03,2.198427218311097345e-02,9.081005725691534275e-03,6.236646997635362233e-01,3.768713314308311940e-03,9.537070493645620831e-03
3.589240624575138188e-03,2.247128673075583782e-01,6.884740177019895574e-03,9.630359312228151114e-02,2.686992409329907452e-04,0.000000000000000000e+00,1.717212804893289034e-03,1.919472777904849062e-02,9.799846781437535417e-03,6.236852984015975876e-01,4.017693093249513278e-03,9.829730622930549222e-03
3.892359364831037092e-03,2.250116204246269680e-01,6.885719786624605078e-03,9.684229664488414047e-02,2.822732479460593404e-04,0.000000000000000000e+00,2.144402127855251240e-03,1.653100522682858856e-02,1.045121668580600675e-02,6.236651061683994302e-01,4.249392873544873862e-03,1.003954876845621590e-02
4.297352733894816389e-03,2.253499400532665287e-01,6.887637380858760601e-03,9.743851911102241470e-02,3.045202343714920675e-04,0.000000000000000000e+00,2.533670166928471499e-03,1.407324987558345071e-02,1.072606326434694980e-02,6.236757333240204870e-01,4.513714108331414419e-03,1.020087443273793616e-02
4.719627404744527500e-03,2.257641664605586629e-01,6.891297945071589784e-03,9.806430299999877032e-02,3.101305277610572823e-04,0.000000000000000000e+00,2.911469976127833807e-03,1.178227235432378200e-02,1.074381203201876279e-02,6.236693519199489888e-01,4.785224713579928034e-03,1.035843792328875086e-02
5.145771043160466025e-03,2.262135257167118829e-01,6.895405433991803716e-03,9.867734901668770431e-02,3.119000979117381167e-04,0.000000000000000000e+00,3.282859404296420945e-03,9.568653467773422308e-03,1.077127683241691294e-02,6.236049458911729904e-01,5.041529020438470683e-03,1.048765259744737985e-02
5.632232781937640542e-03,2.266303818297000505e-01,6.902263848184434641e-03,9.924530346704941997e-02,3.126457966279046598e-04,1.939652807573466768e-07,3.685743048534826337e-03,7.567431610065233905e-03,1.078943330924895215e-02,6.233377952989801463e-01,5.320080152123058542e-03,1.056347528884576774e-02
6.124400852288531746e-03,2.270216968878877029e-01,6.896424829102043921e-03,9.974457346277638969e-02,3.147108324807793532e-04,3.667765371121199949e-07,4.130925919140600137e-03,5.777541545465657638e-03,1.078162413366001368e-02,6.229548360926934203e-01,5.590808072213904190e-03,1.062810065687097225e-02
6.579753860169982801e-03,2.273991043503228726e-01,6.866633839301218394e-03,1.001970846804119408e-01,3.122785897940415483e-04,8.403638823079972623e-07,4.521753636827356357e-03,4.268278798337952519e-03,1.079904528070126449e-02,6.224904009731823118e-01,5.841985269934624192e-03,1.069600889151060656e-02
7.062012192614205291e-03,2.277527024764330332e-01,6.852334859900970597e-03,1.006306634537829647e-01,3.189578137652681450e-04,6.261590352594116587e-07,4.803222631944647873e-03,2.950470093831333070e-03,1.077075087015058434e-02,6.220200960676589563e-01,6.103229142918614389e-03,1.072243403846658873e-02
7.556620830211780403e-03,2.281563820799362707e-01,6.837314303800435047e-03,1.010032119911599274e-01,3.146548734909610802e-04,1.209337671600377082e-07,4.857615010213039639e-03,1.875564156248156695e-03,1.077744187531054672e-02,6.215672189326757469e-01,6.328188534534422149e-03,1.071237031539151729e-02
8.060347200746749777e-03,2.284562302435255987e-01,6.829379595893127382e-03,1.010668687110356234e-01,3.253802230077322403e-04,5.546023026920559237e-07,4.858190604763190125e-03,1.196991054169584297e-03,1.075324996098159236e-02,6.212496860937236631e-01,6.443091675539009897e-03,1.071658573743980609e-02
8.116025575182950549e-03,2.284478924428749169e-01,6.845755516876851458e-03,1.010686686552178110e-01,3.167207691300424140e-04,1.308449337215170116e-04,4.865322671754519247e-03,1.079917007143761393e-03,1.076316006625478716e-02,6.211076382406015561e-01,6.421748018947008585e-03,1.071478457151540595e-02
8.109104500713627470e-03,2.284277302430234025e-01,6.858282640018441290e-03,1.010651520232835748e-01,3.290074448249964744e-04,1.016931523815602654e-03,4.861014099346452379e-03,7.779643410288153427e-04,1.076143106286533285e-02,6.205329894510708266e-01,6.408841229748258803e-03,1.072198854758077587e-02
8.090856576302013492e-03,2.284270645550543211e-01,6.882936338605758105e-03,1.010658008449878686e-01,3.113385280685924679e-04,2.229759537930218159e-03,4.861548775203440760e-03,4.047920791913072760e-04,1.077977444875015921e-02,6.197178908691918231e-01,6.399345684463636670e-03,1.072421337805246414e-02
8.086289262118013035e-03,2.284086262602959549e-01,6.898823272231081535e-03,1.010676958782708579e-01,3.228898108707645002e-04,3.684608993246753315e-03,4.861554192677577588e-03,6.551926265612676836e-05,1.078685595190183484e-02,6.186005573454725903e-01,6.383851196366571723e-03,1.072881676997703738e-02
8.069681478409272690e-03,2.284231711376427665e-01,6.834213203303994739e-03,1.010721808975716535e-01,3.044761945178956907e-04,5.198567777418615886e-03,4.865979889207917679e-03,1.091876121485556986e-05,1.079252999862798448e-02,6.172325851238891214e-01,6.385003158292689926e-03,1.073115156785416774e-02
8.077494380674413166e-03,2.284173451076082495e-01,6.523253500084860365e-03,1.010741026218544836e-01,3.118361842890679070e-04,6.901489067360238282e-03,4.870797493747989169e-03,8.958029582002759194e-06,1.079684345099034791e-02,6.158231511173394290e-01,6.390457827335362107e-03,1.073575078949006410e-02
8.070934442957321958e-03,2.284375886386338095e-01,6.159856488053954034e-03,1.010798594913156906e-01,3.012431639316788079e-04,8.764251727325512997e-03,4.876867770287613216e-03,5.888720186698407681e-06,1.081572914882009129e-02,6.142910231425997569e-01,6.397779473308501039e-03,1.072540412467841604e-02
8.082694409052596993e-03,2.284369481149732262e-01,5.706068600442737102e-03,1.010794365088084762e-01,3.008734427533087379e-04,1.092205307260954786e-02,4.879021591441278644e-03,5.898337820953751794e-06,1.080590682738308619e-02,6.125988445436357788e-01,6.415741652983043483e-03,1.071104148863257985e-02
8.086101065341059005e-03,2.283786814990229896e-01,5.293354046469119466e-03,1.010057625086961952e-01,1.534383653061911301e-04,1.342647181799301939e-02,4.885500893030188078e-03,9.000067784654186890e-06,1.079235070459617918e-02,6.108557392224890359e-01,6.366293524577099072e-03,1.069813054880456964e-02
8.097225569918535537e-03,2.282344889570445678e-01,4.992808382628699179e-03,1.009275962692811751e-01,3.806715956943364839e-05,1.615118812327428696e-02,4.892126056214981568e-03,1.188015234382073661e-05,1.078905699549060834e-02,6.091506081752701141e-01,6.120934063190525479e-03,1.057598920518165383e-02
8.095413325914962641e-03,2.280397518170038940e-01,4.710617559029931130e-03,1.008063384483161296e-01,0.000000000000000000e+00,1.912193938426274067e-02,4.774379550707759379e-03,1.319719830929724265e-05,1.078118015929226473e-02,6.074759367106637997e-01,5.800394611097394425e-03,1.037396491600574289e-02
8.005516358692881668e-03,2.279045839118049865e-01,4.457240185839143887e-03,1.006858827993328404e-01,0.000000000000000000e+00,2.229286894295317775e-02,4.607064509417137937e-03,1.370948697141163265e-05,1.078943710706448643e-02,6.057126576497272596e-01,5.369575740517682459e-03,1.015785839639790633e-02
7.730284568875677061e-03,2.277789482877387306e-01,4.215879496333130479e-03,1.005896503602179970e-01,0.000000000000000000e+00,2.564643712783678739e-02,4.421742171776142996e-03,1.418440369114179928e-05,1.080660605823821792e-02,6.038676609423665465e-01,5.009911194961645491e-03,9.913663362573774465e-03
7.475364912657163352e-03,2.275402170251411837e-01,3.939616244311464240e-03,1.004482930116163825e-01,0.000000000000000000e+00,2.906374864594510332e-02,4.269324472468537940e-03,1.308247833691287099e-05,1.082056725966637663e-02,6.020487220658434779e-01,4.729600814236584877e-03,9.633974325005423625e-03
7.158241679025429717e-03,2.272845136262539034e-01,3.616794533505782519e-03,1.003096004579666078e-01,0.000000000000000000e+00,3.257349206245702122e-02,4.148863867923549033e-03,1.412363094850753007e-05,1.083547783607272455e-02,6.002254395854571545e-01,4.490032261807373228e-03,9.320607832849095095e-03
6.770666462764736958e-03,2.271045782087813547e-01,3.365580135676253613e-03,1.002150479516478038e-01,0.000000000000000000e+00,3.629071261803414050e-02,4.019927197444119610e-03,1.328910310325255165e-05,1.059251580642196419e-02,5.984240011466587239e-01,4.195882330975582615e-03,9.008221099764160758e-03
6.382556826046255002e-03,2.270532731387708558e-01,3.238279059526285534e-03,1.002150570105136557e-01,0.000000000000000000e+00,4.011635667979120828e-02,3.951409914023228109e-03,1.325655019707289388e-05,9.640920464622712571e-03,5.966489009057448500e-01,3.958924454304815072e-03,8.778600904624267107e-03
6.058652405894344485e-03,2.269520885066574623e-01,3.112853345939318485e-03,1.001976376964837795e-01,0.000000000000000000e+00,4.400166079575644484e-02,3.856844804898061727e-03,1.231503253918804070e-05,8.542780324406026166e-03,5.949381603824561715e-01,3.759208278916662330e-03,8.563714907325577566e-03
5.747429562101885950e-03,2.268765557277716005e-01,3.039552165610087328e-03,1.001697878092035338e-01,0.000000000000000000e+00,4.795791763693151022e-02,3.706906933819011530e-03,1.207246905045971124e-05,7.341678032963101785e-03,5.932094150723556947e-01,3.555379268324673249e-03,8.378395000921856628e-03
5.427297315575990884e-03,2.268264755481757544e-01,3.037287074258184297e-03,1.000820405878652120e-01,0.000000000000000000e+00,5.197876594655138904e-02,3.516100152559690009e-03,1.215707786467495756e-05,6.104158765745107233e-03,5.914855984397332511e-01,3.346850367061299063e-03,8.175994342623643663e-03
5.112206428207648375e-03,2.267566722725651851e-01,3.036979470503353706e-03,9.996189620275632015e-02,0.000000000000000000e+00,5.598143886892403137e-02,3.258393365383686034e-03,1.277685521843750140e-05,4.961075647924767344e-03,5.897838404568076509e-01,3.185096087015378951e-03,7.938189784641688437e-03
4.759300293971184363e-03,2.266121544470227900e-01,3.036768487614048551e-03,9.979383309684355940e-02,0.000000000000000000e+00,6.000635232393837504e-02,2.945011080414644978e-03,6.730050098330113157e-05,3.990132632487665941e-03,5.880786840579013131e-01,3.077006803707405501e-03,7.613413366418785369e-03
4.344442641613957719e-03,2.264281496992245624e-01,2.990229426682459394e-03,9.954871307614417131e-02,0.000000000000000000e+00,6.387582526978631547e-02,2.701535760220934081e-03,4.508560803993453517e-04,3.165884620104359240e-03,5.863337024804576858e-01,2.896038208251434844e-03,7.245684201808922503e-03
3.948046258075992195e-03,2.262057823644726406e-01,2.846516004431726143e-03,9.921602873144788615e-02,0.000000000000000000e+00,6.755639841113335320e-02,2.420185873983138076e-03,7.589054403744678341e-04,3.019059597200322766e-03,5.844878208904055183e-01,2.675966555788140879e-03,6.874837002417488047e-03
3.541597609517003770e-03,2.259546153230458376e-01,2.694435419967072202e-03,9.884213707376739155e-02,0.000000000000000000e+00,7.122712278484409631e-02,2.072709524494979836e-03,1.178009524177649030e-03,3.033468092525431429e-03,5.825523291829846073e-01,2.448445604837356029e-03,6.459447435345279029e-03
3.181697019590183466e-03,2.256661053134857431e-01,2.543447385328573632e-03,9.841852520689520212e-02,0.000000000000000000e+00,7.474375847147475549e-02,1.786490104565289323e-03,1.743427881217510288e-03,3.035414670662405553e-03,5.805807951235045783e-01,2.297667437852913847e-03,5.989703642327636260e-03
2.887923812921962090e-03,2.253840226070148445e-01,2.367518589213461755e-03,9.794497855391502694e-02,0.000000000000000000e+00,7.801921369741562917e-02,1.548843334449299686e-03,2.385730202137300790e-03,3.069427065963466466e-03,5.786425544177512537e-01,2.196779168885023420e-03,5.553372084538910590e-03
2.696135315527098050e-03,2.251053459380950861e-01,2.150740195871793121e-03,9.745766586366973183e-02,0.000000000000000000e+00,8.122394152841135029e-02,1.237515303969460075e-03,3.076141935639437573e-03,3.051208136603690297e-03,5.767251360099454605e-01,2.082391456575406231e-03,5.180843619980896562e-03
2.466297629024670132e-03,2.248118179851053000e-01,1.962064044708465137e-03,9.699532764368853921e-02,0.000000000000000000e+00,8.435848786149025003e-02,8.795442979085142709e-04,3.902524725568899764e-03,3.078411036683924643e-03,5.748253209408703546e-01,1.892494898616527968e-03,4.840331790691047159e-03
2.164178494587454867e-03,2.245200527718170247e-01,1.859148108507824824e-03,9.653227793588634031e-02,0.000000000000000000e+00,8.725729786236052776e-02,4.999531755890187232e-04,4.906426752795506677e-03,3.033299469238939956e-03,5.729643496186229701e-01,1.732980432646086125e-03,4.525090345376309858e-03
1.852650539993829339e-03,2.242616123389460925e-01,1.707821037016840106e-03,9.607135563379171073e-02,0.000000000000000000e+00,8.997832388393907366e-02,1.710280594169685407e-04,5.965902263081081583e-03,3.055824637698198887e-03,5.711378891585719986e-01,1.540573664696037954e-03,4.279075348049003052e-03
1.599225607229933779e-03,2.240050871736817550e-01,1.563404494256377588e-03,9.563040993999126493e-02,0.000000000000000000e+00,9.240475524008238961e-02,0.000000000000000000e+00,7.126994550091724119e-03,3.023772790226366206e-03,5.693168214623834933e-01,1.313607674135902972e-03,4.027300660391311231e-03
1.393779863294309675e-03,2.237746631485554305e-01,1.454464011059243946e-03,9.522556789767976093e-02,0.000000000000000000e+00,9.442746131253984543e-02,0.000000000000000000e+00,8.330411562692418073e-03,3.051605299334434179e-03,5.675582996176076200e-01,1.052651043583221818e-03,3.759295113793405859e-03
1.236732249612173531e-03,2.235948367357015465e-01,1.390781708940013687e-03,9.482192129630064026e-02,0.000000000000000000e+00,9.610373899898798367e-02,0.000000000000000000e+00,9.619560093311720420e-03,3.048857732128354339e-03,5.658810149572237602e-01,8.122943357937814244e-04,3.506971205608938515e-03
1.125755401316873598e-03,2.234797230690183101e-01,1.290987755037946395e-03,9.439726914084531351e-02,0.000000000000000000e+00,9.755223865676600215e-02,0.000000000000000000e+00,1.101104470166540741e-02,3.069221233878246646e-03,5.642675836337212036e-01,5.239016911059705310e-04,3.297398856790314040e-03
9.805436060199958573e-04,2.234188326628428756e-01,1.154480059839909983e-03,9.396732968239049355e-02,0.000000000000000000e+00,9.888868076424967013e-02,0.000000000000000000e+00,1.238870906695832552e-02,3.074312336558974752e-03,5.627386613031925000e-01,3.211975921117181170e-04,3.071442494414215480e-03
9.152558631768458819e-04,2.234139266109439748e-01,1.115527554592252819e-03,9.364216126896904302e-02,0.000000000000000000e+00,1.000051151564742002e-01,0.000000000000000000e+00,1.386832436459159434e-02,2.594829072877313444e-03,5.613650825688358825e-01,1.706909383347621385e-04,2.943521325955323221e-03
9.169914926804619958e-04,2.234156353343290380e-01,1.115061218957906801e-03,9.339787852925302003e-02,0.000000000000000000e+00,1.007175259023286307e-01,0.000000000000000000e+00,1.542333297520595906e-02,1.902661152191181468e-03,5.600688403859996889e-01,1.360550718640398359e-04,2.944153976458035657e-03
9.192716457249386222e-04,2.234164129091844586e-01,1.114257588882803639e-03,9.330594755948096175e-02,0.000000000000000000e+00,1.008363504635145375e-01,0.000000000000000000e+00,1.711527528798952036e-02,1.223802751264999608e-03,5.589668142874129053e-01,1.368591996349305471e-04,2.947219185156363819e-03
9.202759920858944679e-04,2.234154132913722668e-01,1.112697725096244063e-03,9.323103197780591156e-02,0.000000000000000000e+00,1.008265853810574320e-01,0.000000000000000000e+00,1.885410314531137457e-02,5.534435412294137508e-04,5.579885586749827597e-01,1.365567738043898659e-04,2.944544196244888289e-03
9.201628623973193317e-04,2.234147628300720834e-01,1.095222079529774555e-03,9.309964868609568733e-02,0.000000000000000000e+00,1.008106561400055612e-01,0.000000000000000000e+00,2.056511349469847608e-02,8.199192687339134668e-06,5.570162055812691859e-01,1.255608480237051694e-04,2.944007834721477923e-03
8.016415260018015408e-04,2.233565790552645702e-01,9.845592614761281610e-04,9.288973422397098223e-02,0.000000000000000000e+00,1.007980327025629480e-01,0.000000000000000000e+00,2.218551362650824851e-02,4.337516992024836057e-06,5.559862194689952908e-01,8.114084429747780958e-05,2.942045969895505392e-03
5.895366355389488212e-04,2.232970035449698409e-01,8.470252593624262322e-04,9.267361454261424658e-02,0.000000000000000000e+00,1.007956214414317681e-01,0.000000000000000000e+00,2.380230792769012435e-02,1.395870120001653576e-05,5.550312341263039517e-01,7.521831873828371568e-05,2.904081234848897904e-03
4.630461105464390797e-04,2.232961022067181667e-01,6.610712752253088522e-04,9.247859466593477684e-02,0.000000000000000000e+00,1.008047566447875243e-01,0.000000000000000000e+00,2.536083897853697727e-02,2.566249125165563576e-05,5.541318890618600612e-01,6.638234963251171987e-05,2.722298235754315975e-03
3.614794422441261934e-04,2.232988271621563214e-01,5.002633375731302878e-04,9.230045796814148606e-02,0.000000000000000000e+00,1.008204170919320131e-01,0.000000000000000000e+00,2.686698002079423303e-02,2.843205085174040905e-05,5.532945720524768962e-01,5.532724051539181031e-05,2.479715441441692186e-03
2.134937299550727972e-04,2.232977252274767344e-01,3.464332766437057680e-04,9.214611947465482789e-02,0.000000000000000000e+00,1.008330460163244235e-01,0.000000000000000000e+00,2.837251132430339620e-02,2.696500088427955771e-05,5.525521222558236190e-01,5.465182024499753641e-05,2.181330342887281056e-03
1.114007858540673099e-04,2.233056041374623102e-01,2.635779386703132176e-04,9.211423410144758961e-02,0.000000000000000000e+00,1.003432010882477354e-01,0.000000000000000000e+00,2.993028665849442604e-02,2.032419485532370362e-05,5.519859067125750807e-01,5.433241380914360225e-05,1.920296308546399523e-03
3.859929368219273521e-05,2.233123716309767803e-01,2.322126209986609196e-04,9.209693649575764751e-02,0.000000000000000000e+00,9.956994518424258644e-02,0.000000000000000000e+00,3.151206566198768572e-02,1.291912307328214059e-05,5.515572703792094300e-01,5.842512481589137068e-05,1.650819544043291088e-03
2.975644248067760791e-05,2.233185953863540685e-01,2.080385969865783250e-04,9.207347740208057796e-02,0.000000000000000000e+00,9.856875360342864933e-02,0.000000000000000000e+00,3.314925816234297329e-02,5.403491731897754749e-06,5.512075962147772179e-01,6.994751774777374425e-05,1.398448295094830785e-03
3.202211197576208351e-05,2.233238664139224894e-01,1.701901833454255340e-04,9.206618535606729548e-02,0.000000000000000000e+00,9.735543954918547682e-02,0.000000000000000000e+00,3.482631584040640077e-02,3.636461988670506203e-06,5.509474254666096860e-01,7.318025926300928243e-05,1.214687717655778439e-03
3.798823969764131601e-05,2.233178352142736467e-01,1.511200193704622145e-04,9.206557306448122369e-02,0.000000000000000000e+00,9.606830739030777777e-02,0.000000000000000000e+00,3.650713671618688316e-02,6.193094873007948959e-06,5.507111450502679695e-01,8.330072377620158881e-05,1.078122824600357766e-03
4.379188034636948045e-05,2.233141369473989890e-01,1.517981608021656630e-04,9.206688519013389582e-02,0.000000000000000000e+00,9.466426013343332002e-02,0.000000000000000000e+00,3.830626279928414646e-02,5.868306699425119960e-06,5.505051277066966842e-01,7.302776708904438812e-05,9.027516919063022487e-04
4.654792546691506426e-05,2.233026790829632235e-01,1.511753807927642117e-04,9.206677341609757759e-02,0.000000000000000000e+00,9.303228552786947658e-02,0.000000000000000000e+00,4.017424959507937682e-02,9.660599519210369041e-06,5.504297053337812162e-01,7.559397579543430208e-05,7.472260980261104810e-04
4.596770756315775899e-05,2.233032773028582052e-01,1.524607635075566985e-04,9.206981139637540612e-02,0.000000000000000000e+00,9.113384355953459137e-02,0.000000000000000000e+00,4.209195135292467110e-02,1.262396143702693008e-05,5.504275230194770607e-01,6.670102843160254200e-05,7.247697314955287538e-04
4.720413637091298598e-05,2.232947514703044478e-01,1.475880431108818997e-04,9.207250047583688535e-02,0.000000000000000000e+00,8.906947042132981607e-02,0.000000000000000000e+00,4.415171234233500330e-02,1.705517059466410225e-05,5.504224511954739496e-01,7.468230268889869969e-05,7.196473555363167669e-04
4.204441309884428859e-05,2.233004525249547567e-01,1.489488800843560975e-04,9.207470512284154918e-02,0.000000000000000000e+00,8.694356852504669941e-02,0.000000000000000000e+00,4.627227207525565211e-02,1.747615983414566791e-05,5.504184165673666751e-01,7.516126521973798421e-05,7.107793900166200531e-04
4.289044144469942324e-05,2.232991033403856629e-01,1.454729073289308795e-04,9.207661955999954517e-02,6.492605349111866620e-04,8.451475542056141599e-02,0.000000000000000000e+00,4.818133025265426000e-02,1.551036928777261502e-05,5.504041316318183386e-01,8.455088081288466065e-05,5.539755724970387698e-04
4.042783028193764206e-05,2.233024875300485546e-01,1.447614472952273924e-04,9.197059039781185774e-02,2.010160232597343714e-03,8.187481369685861710e-02,0.000000000000000000e+00,5.005505382005091125e-02,1.103323760245181872e-05,5.501740639211367689e-01,8.442546015369394930e-05,3.141910026100386646e-04
4.551513189146254816e-05,2.232961059711961183e-01,1.315912537132283991e-04,9.179483232934593229e-02,3.365011156153153125e-03,7.924035759573413995e-02,0.000000000000000000e+00,5.200948749764450207e-02,5.942251897439729685e-06,5.499623314991650691e-01,7.299049056938057296e-05,7.553986155911326006e-05
5.529846882161993781e-05,2.232861208453671142e-01,8.061958872129553128e-05,9.166974936539688812e-02,4.629027784071936685e-03,7.661303684155131022e-02,0.000000000000000000e+00,5.389809288791947567e-02,2.836305899804000885e-06,5.497281279094480277e-01,4.863255412619457349e-05,0.000000000000000000e+00
6.681743120627340010e-05,2.232848209145486540e-01,4.937344690596902856e-05,9.150964742394133988e-02,5.741437520959342782e-03,7.403205977991252074e-02,0.000000000000000000e+00,5.580692719521967993e-02,0.000000000000000000e+00,5.495002716280344979e-01,2.855821253917722668e-05,0.000000000000000000e+00
8.187309203166589166e-05,2.232857916515016972e-01,3.833208683414103822e-05,9.127460509549963075e-02,6.818976760978562313e-03,7.147960314055860909e-02,0.000000000000000000e+00,5.777689414079043018e-02,5.332140192348300215e-06,5.492431766094407752e-01,5.335663729932643033e-06,0.000000000000000000e+00
7.612056970141842856e-05,2.233274411752685651e-01,3.132704088811048376e-05,9.100683380647275889e-02,7.824948650719117452e-03,6.898021207187114701e-02,0.000000000000000000e+00,5.978035509617480453e-02,1.206840431001672393e-05,5.489628450852628294e-01,1.571852804812266439e-05,0.000000000000000000e+00
7.957588616063994067e-05,2.234796959669702876e-01,2.006391809793868464e-05,9.085641202504736447e-02,8.193091307538596588e-03,6.662344495508989994e-02,0.000000000000000000e+00,6.193171411690997358e-02,2.148499096180008175e-05,5.487635610498321492e-01,3.105294443010951633e-05,0.000000000000000000e+00
6.143246790463977470e-05,2.237061323769423959e-01,1.154174043433809140e-05,9.075822782832911051e-02,8.194783230471755150e-03,6.435344780141834253e-02,0.000000000000000000e+00,6.419772738939670542e-02,2.472308356526288777e-05,5.486449456197165508e-01,4.497016058007930844e-05,0.000000000000000000e+00
4.134615292956323249e-05,2.238930175316081461e-01,1.354915902846631434e-05,9.060414890926116183e-02,8.195625818908423496e-03,6.214606646655376071e-02,0.000000000000000000e+00,6.650261267900835216e-02,3.185531290560950996e-05,5.485194121027963110e-01,6.012533637203049439e-05,0.000000000000000000e+00
3.238700808042115894e-05,2.241061177327675069e-01,2.242221655734802556e-05,9.049182219032514407e-02,8.202633735275277269e-03,5.999642045840026389e-02,0.000000000000000000e+00,6.879287331447983544e-02,2.106617637652335610e-05,5.482738450366267946e-01,5.656208535442540971e-05,0.000000000000000000e+00
2.945189479269353934e-05,2.242683284528396437e-01,2.773081352041987298e-05,9.044244756071447011e-02,8.205103363664171742e-03,5.798941724848748203e-02,0.000000000000000000e+00,7.111352168345368152e-02,1.533251786925287710e-05,5.478526614786822790e-01,5.529040435419638075e-05,0.000000000000000000e+00
3.466616275364877738e-05,2.242998217511340819e-01,3.426883029352777702e-05,9.039168152288698521e-02,8.217019253528636338e-03,5.612646040896637073e-02,0.000000000000000000e+00,7.346886172733407827e-02,3.976682832433428408e-06,5.473869956990331520e-01,4.116786312107684930e-05,0.000000000000000000e+00
5.013234966572178590e-05,2.242962512891892857e-01,3.680858583489484066e-05,9.031878236847108721e-02,8.216316089218902649e-03,5.432205564905071005e-02,0.000000000000000000e+00,7.584274340108249080e-02,0.000000000000000000e+00,5.469110759008839473e-01,2.491485482540114720e-05,0.000000000000000000e+00
6.474294315034231462e-05,2.242919389894272031e-01,2.701800346771135553e-05,9.030362649550131848e-02,8.220899490922519912e-03,5.248552977489368693e-02,0.000000000000000000e+00,7.821501974577162175e-02,6.935021371854771660e-06,5.463936278049366102e-01,9.794596899215181175e-06,0.000000000000000000e+00
7.877521196713754457e-05,2.242890444758379176e-01,2.517102089850005634e-05,9.029741875300131837e-02,7.567883574120868109e-03,5.087830173073548679e-02,0.000000000000000000e+00,8.079434065457137548e-02,1.576800381068014682e-05,5.460832583633398185e-01,9.328700491383342888e-06,0.000000000000000000e+00
7.288151878803290050e-05,2.242822358796972559e-01,1.286353363438584256e-05,9.030634523422061133e-02,6.540508947137800046e-03,4.947567813908152617e-02,0.000000000000000000e+00,8.344122980849626170e-02,2.004901396818159590e-05,5.458465346246738070e-01,1.710671293892881162e-05,0.000000000000000000e+00
6.422617237544336454e-05,2.242735215887251277e-01,1.078447394288000155e-05,9.032327753009121440e-02,5.414764487422329790e-03,4.816984739656802322e-02,0.000000000000000000e+00,8.604900507371866791e-02,2.452740692820232370e-05,5.456600801396166434e-01,2.829855556461061139e-05,0.000000000000000000e+00
5.115413589966752152e-05,2.242750415495892158e-01,1.286052028192194807e-05,9.033235485523469221e-02,4.328152232750481256e-03,4.694506289189301351e-02,0.000000000000000000e+00,8.861030508889186641e-02,2.310107621318195940e-05,5.454179172331422576e-01,3.169365329901196391e-05,0.000000000000000000e+00
2.760241452303316859e-05,2.242742699389273509e-01,1.580774162908149007e-05,9.034501504687157680e-02,3.259339051724680948e-03,4.580636721782505028e-02,0.000000000000000000e+00,9.105595561264151483e-02,1.525984028768411391e-05,5.451892190899283452e-01,3.271714515019633144e-05,0.000000000000000000e+00
1.446187435578306736e-05,2.242823997844570205e-01,3.062735484329982068e-05,9.033161209133827585e-02,2.252657239661977253e-03,4.471819706956896290e-02,0.000000000000000000e+00,9.335892099865865379e-02,8.232515247025922906e-06,5.449688561428335243e-01,2.947692937694133190e-05,0.000000000000000000e+00
6.425919509089106282e-06,2.242918834476089474e-01,2.794427799870532632e-05,9.033117923339306632e-02,1.222634067133986525e-03,4.367890407629592547e-02,0.000000000000000000e+00,9.551740644251974222e-02,0.000000000000000000e+00,5.449136837797693422e-01,2.289278474260261602e-05,0.000000000000000000e+00
2.594182743726314419e-05,2.242966306013624567e-01,3.226193535562571832e-05,9.030692926291683520e-02,2.094931660994766968e-04,4.275167389155345998e-02,0.000000000000000000e+00,9.746473287861184831e-02,0.000000000000000000e+00,5.449176535771307339e-01,1.559922828267295113e-05,0.000000000000000000e+00
4.051571657992223167e-05,2.243023883687074449e-01,1.872351920720429617e-05,9.029028421150478434e-02,0.000000000000000000e+00,4.164748065444383307e-02,0.000000000000000000e+00,9.886685371930375998e-02,0.000000000000000000e+00,5.449027775322359268e-01,5.729668111545244859e-06,0.000000000000000000e+00
6.009278838176924410e-05,2.242976333861846083e-01,1.587251802542742439e-05,9.027720885347974289e-02,0.000000000000000000e+00,4.051018715692756428e-02,0.000000000000000000e+00,1.000151075943910700e-01,9.112643628098779953e-08,5.449100350428094375e-01,3.560946905617798167e-06,0.000000000000000000e+00
6.635463452570607536e-05,2.242942288617155167e-01,7.838419499112850937e-06,9.028582076078280061e-02,0.000000000000000000e+00,3.939490692753555567e-02,0.000000000000000000e+00,1.011501419055600565e-01,0.000000000000000000e+00,5.448824095513474797e-01,2.799296827678530629e-06,0.000000000000000000e+00
6.690594625739653301e-05,2.242845345007500879e-01,8.890771268158208845e-06,9.029463256121088299e-02,0.000000000000000000e+00,3.829315470942754041e-02,0.000000000000000000e+00,1.022711554759851010e-01,0.000000000000000000e+00,5.448797382440683235e-01,1.505181805512958672e-06,0.000000000000000000e+00
5.344981121732540611e-05,2.242785283094022031e-01,1.269952539464359652e-05,9.031894824828462509e-02,0.000000000000000000e+00,3.732174488963282966e-02,0.000000000000000000e+00,1.032477572362769658e-01,0.000000000000000000e+00,5.448540506083380253e-01,9.107901433392690490e-07,0.000000000000000000e+00
3.555948119287924663e-05,2.242695153713674117e-01,2.001482100101649475e-05,9.034035505458888615e-02,0.000000000000000000e+00,3.653391602383836839e-02,0.000000000000000000e+00,1.040493944128236120e-01,0.000000000000000000e+00,5.448638116205380966e-01,4.498826570474373976e-07,0.000000000000000000e+00
1.636106521490694884e-05,2.243412876044654225e-01,2.275492755988709606e-05,9.035490771377091557e-02,0.000000000000000000e+00,3.586988084646581393e-02,0.000000000000000000e+00,1.046023685774984252e-01,0.000000000000000000e+00,5.448623462046354726e-01,0.000000000000000000e+00,0.000000000000000000e+00
1.822190017894534711e-04,2.245479653685564791e-01,2.814118368265728054e-05,9.036118016885943960e-02,0.000000000000000000e+00,3.529571494031473466e-02,0.000000000000000000e+00,1.045892066443400437e-01,0.000000000000000000e+00,5.448766771329438541e-01,1.175864381430209374e-04,0.000000000000000000e+00
3.478475224233727693e-04,2.249252704665944402e-01,4.981416829073148986e-05,9.038567843549330516e-02,0.000000000000000000e+00,3.457889132898488843e-02,0.000000000000000000e+00,1.045873241946926047e-01,4.635572252425046070e-06,5.448974544391336217e-01,2.325068557763651630e-04,0.000000000000000000e+00
4.829709018218985629e-04,2.253811080932260902e-01,1.055999877022391055e-04,9.050822875960071179e-02,0.000000000000000000e+00,3.372943768487928623e-02,0.000000000000000000e+00,1.045696334742369088e-01,5.288161794255043886e-06,5.449144100283498382e-01,3.134755298974876135e-04,0.000000000000000000e+00
6.194187132501960446e-04,2.258690627398581008e-01,1.805993759046075004e-04,9.065920623025958136e-02,0.000000000000000000e+00,3.274443677770925293e-02,0.000000000000000000e+00,1.045787191050262660e-01,7.543721419540815463e-06,5.449290490214392380e-01,4.311455320913428488e-04,3.514314195306722804e-06
7.597896317023159710e-04,2.263556994589893123e-01,2.853118248519825677e-04,9.078223810630318968e-02,0.000000000000000000e+00,3.165413163865442303e-02,0.000000000000000000e+00,1.045805021243793181e-01,5.210706499171358390e-05,5.449583300902783867e-01,5.273352089958040397e-04,4.744350654745015057e-05
8.471563883411834884e-04,2.267937562441741106e-01,2.910314081919472833e-04,9.082846081137130323e-02,0.000000000000000000e+00,3.035709066966537154e-02,0.000000000000000000e+00,1.045934329436811194e-01,5.771235144121206716e-04,5.450226577578336506e-01,6.078454455345573592e-04,7.798568416118193747e-05
8.756615288500128446e-04,2.272652720362512146e-01,2.911749850740475614e-04,9.092186637773755353e-02,0.000000000000000000e+00,2.882310410881171181e-02,0.000000000000000000e+00,1.046028470469668736e-01,1.338683303563579022e-03,5.451203504901742658e-01,6.617662951804644282e-04,9.208001940118005688e-05
9.100941236249260151e-04,2.278499389232679639e-01,2.896866555040783628e-04,9.115320052574046872e-02,0.000000000000000000e+00,2.720324074075757687e-02,0.000000000000000000e+00,1.042440616420062943e-01,2.045514924657641266e-03,5.454451226637866412e-01,7.909971700923307258e-04,9.173748248601531249e-05
1.014800652091719544e-03,2.285543077284797331e-01,3.916442825800035788e-04,9.153340548466493143e-02,0.000000000000000000e+00,2.562996834272456004e-02,0.000000000000000000e+00,1.033818064889193422e-01,2.314082647154543353e-03,5.460498086129533801e-01,1.021662716340611182e-03,1.281889838668764242e-04
1.150692138801092399e-03,2.293393345705011799e-01,7.092790428886606643e-04,9.206212403071110939e-02,0.000000000000000000e+00,2.407864377197017208e-02,0.000000000000000000e+00,1.021221184714282554e-01,2.339144333695817972e-03,5.467799873397095611e-01,1.300077049841985750e-03,1.408451601787753381e-04
1.273650268058924102e-03,2.302057849325149230e-01,1.039596148423430934e-03,9.273986573584952486e-02,0.000000000000000000e+00,2.252274816953730302e-02,0.000000000000000000e+00,1.005415664509807100e-01,2.381905756141427816e-03,5.476075478387860684e-01,1.574331707332252226e-03,1.404299675508848368e-04
1.392839164204922328e-03,2.310856745027514703e-01,1.434860339848430689e-03,9.346464804873423626e-02,0.000000000000000000e+00,2.092566440310392184e-02,0.000000000000000000e+00,9.879116657134913437e-02,2.424504344935662567e-03,5.485347960017764590e-01,1.825943515581825508e-03,1.425455277273194156e-04
1.505069040114403924e-03,2.319759781617241057e-01,1.905099413521042003e-03,9.421988804618132429e-02,0.000000000000000000e+00,1.931568375222859554e-02,0.000000000000000000e+00,9.683770052087582736e-02,2.443407227409971367e-03,5.495494619856974294e-01,2.103564776867326153e-03,1.471420884597418729e-04
1.671804770335524144e-03,2.328917188972124963e-01,2.512479735876751216e-03,9.500781620783653458e-02,0.000000000000000000e+00,1.771112618899409533e-02,0.000000000000000000e+00,9.457636979411887523e-02,2.424597875326609930e-03,5.506089275448847742e-01,2.422008239212149455e-03,1.495564482671971139e-04
1.879388187201377729e-03,2.338599220582530669e-01,3.240356327339746247e-03,9.582394119734606586e-02,0.000000000000000000e+00,1.613150448105001022e-02,0.000000000000000000e+00,9.201193625778243679e-02,2.407705780100111680e-03,5.517345078157099847e-01,2.745019501403060582e-03,1.559426413896484293e-04
2.103332675927139638e-03,2.349126157580880281e-01,4.031862379525623374e-03,9.667767169853365428e-02,0.000000000000000000e+00,1.455777738878964549e-02,0.000000000000000000e+00,8.916021557604231207e-02,2.361388044977580543e-03,5.529596843585787846e-01,3.079393873538615722e-03,1.614863772421151419e-04
2.370275657190328011e-03,2.360258142877298959e-01,4.850116195434847795e-03,9.755820825756680859e-02,0.000000000000000000e+00,1.299263865506614449e-02,0.000000000000000000e+00,8.610156259242836285e-02,2.320167183914361320e-03,5.542253369773174621e-01,3.409945081254918756e-03,1.639472703365238448e-04
2.696275589538969005e-03,2.371719594261136321e-01,5.604127337196371933e-03,9.848336134343574355e-02,0.000000000000000000e+00,1.148458776844273055e-02,0.000000000000000000e+00,8.292200443124510267e-02,2.305852882351035714e-03,5.554788562874013458e-01,3.714886450397885797e-03,1.623747928730922283e-04
3.095913700490866317e-03,2.383131626465702646e-01,6.317285471354399697e-03,9.945694624006980178e-02,0.000000000000000000e+00,9.992443580897864691e-03,0.000000000000000000e+00,7.964786909434051765e-02,2.304333085662068573e-03,5.566903961917590848e-01,4.027406554157896522e-03,1.612947146176380454e-04
3.515014882267217516e-03,2.394650456442383446e-01,6.911983341389128788e-03,1.004848029127182463e-01,0.000000000000000000e+00,8.528270932645739405e-03,0.000000000000000000e+00,7.634992607384512298e-02,2.326376758300327269e-03,5.578866968517044445e-01,4.350979534299880859e-03,1.633214143520407059e-04
3.918143813319835758e-03,2.406192496661118119e-01,7.382399687949827739e-03,1.015111169904344551e-01,0.000000000000000000e+00,7.177790330181552970e-03,0.000000000000000000e+00,7.306664887494414284e-02,2.370098750219131346e-03,5.590653286089395380e-01,4.704450376629048039e-03,1.604949764673818181e-04
4.334650967315065509e-03,2.417171256679307989e-01,7.801047539364422238e-03,1.024756564536494080e-01,0.000000000000000000e+00,6.042821222171214021e-03,0.000000000000000000e+00,6.983561324344886301e-02,2.410829511716536082e-03,5.601669250462799621e-01,5.042329752559199761e-03,1.589782375946839936e-04
4.760323052034123870e-03,2.427710617720449382e-01,8.108182994696946574e-03,1.034355995378947179e-01,0.000000000000000000e+00,5.093858331053216677e-03,0.000000000000000000e+00,6.664787454148476953e-02,2.433835150825234325e-03,5.612097527951972475e-01,5.368758358267905310e-03,1.557021307124067131e-04
5.239686892099015662e-03,2.437630851404840870e-01,8.156530893722148748e-03,1.043824673666970959e-01,0.000000000000000000e+00,4.190880382880454030e-03,0.000000000000000000e+00,6.352810701677739924e-02,2.648040542152827349e-03,5.622093406543019478e-01,5.673099342526862800e-03,1.839270019917856589e-04
5.676790946892285201e-03,2.446202235398187708e-01,8.168143126016699784e-03,1.052250220652951179e-01,0.000000000000000000e+00,3.292312787256754508e-03,0.000000000000000000e+00,6.036884048828175531e-02,3.415959157947821585e-03,5.630987259007615986e-01,5.927176094202316232e-03,1.830756845389323656e-04
6.068122305344612888e-03,2.454132019741788462e-01,8.167919199732734739e-03,1.060426272852309781e-01,0.000000000000000000e+00,2.565800074643060855e-03,0.000000000000000000e+00,5.711965721367727455e-02,4.279517921033103127e-03,5.639156221982984940e-01,6.224594223384215599e-03,1.825729551681364385e-04
6.452910913483580514e-03,2.461364995935430289e-01,8.166899330535239837e-03,1.068396033379723636e-01,0.000000000000000000e+00,1.998082454720169487e-03,0.000000000000000000e+00,5.378749633411691183e-02,5.194799644273909341e-03,5.646648586696056960e-01,6.560073697144635889e-03,1.817483954414939441e-04
6.816514474185153029e-03,2.468071676380630408e-01,8.165804480841646479e-03,1.075970415861803309e-01,0.000000000000000000e+00,1.592002760159103979e-03,0.000000000000000000e+00,5.046129071819385747e-02,6.028548100355679389e-03,5.653882420097116057e-01,6.950862462108743992e-03,1.813284197357292152e-04
7.119590032705296230e-03,2.474494336276111262e-01,8.165411624416443054e-03,1.082992751631234873e-01,0.000000000000000000e+00,1.601595505484914271e-03,0.000000000000000000e+00,4.717611376295825082e-02,6.639048480279710791e-03,5.660589162369507044e-01,7.307387793468035457e-03,1.809716042639149323e-04
7.513623946801904763e-03,2.482059928191283071e-01,8.187536845487244919e-03,1.090971211144920044e-01,0.000000000000000000e+00,1.612419628382243510e-03,0.000000000000000000e+00,4.406386616115983562e-02,6.643024050886511996e-03,5.667476339236914296e-01,7.716580860888361260e-03,2.143430378868282275e-04
7.928131195487774993e-03,2.489886684190971422e-01,8.187870359726841935e-03,1.099125319714306798e-01,0.000000000000000000e+00,1.634342908152636642e-03,0.000000000000000000e+00,4.098176925234078838e-02,6.652151031460525402e-03,5.673521132334811146e-01,8.116206872190809968e-03,2.402642359912634932e-04
8.313416961263071434e-03,2.498163257678557847e-01,8.187388089033400748e-03,1.107416809682638670e-01,0.000000000000000000e+00,1.643354477467136223e-03,0.000000000000000000e+00,3.792562755414884829e-02,6.670498892421908473e-03,5.678974105525056437e-01,8.507150718500465503e-03,2.713243604310765114e-04
8.613495341503822275e-03,2.506723121812092225e-01,8.185999966706993328e-03,1.115539546699001322e-01,0.000000000000000000e+00,1.664873130655970508e-03,0.000000000000000000e+00,3.500121173242010109e-02,6.672997836805408776e-03,5.683731979329903483e-01,8.887202264753165867e-03,3.417736774818685335e-04
8.873512777681296163e-03,2.515294429215386707e-01,8.184364429725839510e-03,1.123404731405145823e-01,0.000000000000000000e+00,1.664990443498017263e-03,0.000000000000000000e+00,3.224640847223508855e-02,6.686759713206346864e-03,5.688014476921645635e-01,9.270799761324508351e-03,3.794488592569254348e-04
9.096797168409298875e-03,2.523715152679080198e-01,8.187904816095083194e-03,1.131199896817756123e-01,0.000000000000000000e+00,1.674930784249881004e-03,0.000000000000000000e+00,2.957098234723081268e-02,6.664465189000086040e-03,5.692535138374035242e-01,9.635247698791874621e-03,4.106794794833925006e-04
9.325145214467539176e-03,2.531824390748138032e-01,8.191983181986241952e-03,1.139061114833939542e-01,0.000000000000000000e+00,1.667546163497156354e-03,0.000000000000000000e+00,2.701527935335448077e-02,6.661936446492446560e-03,5.697058079194413649e-01,9.928078036216123753e-03,4.180824986402306817e-04
9.561909246226735562e-03,2.539104706674590872e-01,8.201077444113691328e-03,1.146558181205878102e-01,0.000000000000000000e+00,1.671722056337549261e-03,0.000000000000000000e+00,2.467675291462606557e-02,6.640582522669314855e-03,5.700326406697979742e-01,1.014601197185160258e-02,5.084035889141422151e-04
9.730092198614283955e-03,2.545548743762803823e-01,8.204111541724659964e-03,1.153681305642818428e-01,0.000000000000000000e+00,1.665184001392808503e-03,0.000000000000000000e+00,2.253142560211313095e-02,6.648610746435668593e-03,5.702525022408586608e-01,1.040097447651171583e-02,6.496226643977715898e-04
9.885127507027210644e-03,2.551708667141713294e-01,8.195543933777658940e-03,1.160975701633075174e-01,0.000000000000000000e+00,1.668482883212330957e-03,0.000000000000000000e+00,2.051980548613489483e-02,6.650314216570597445e-03,5.702838716732765434e-01,1.064431535850621224e-02,8.556015872926511388e-04
9.928057416220232440e-03,2.557833507085675584e-01,8.189000910633095071e-03,1.168325053530209767e-01,0.000000000000000000e+00,1.795763711551656922e-03,0.000000000000000000e+00,1.871927540213279631e-02,6.654773157378039532e-03,5.702895525861747528e-01,1.065635409928465151e-02,1.097024351121833477e-03
9.938507744810691491e-03,2.562287535723724030e-01,8.187110775120274436e-03,1.172435607028317062e-01,0.000000000000000000e+00,2.401955770004370484e-03,0.000000000000000000e+00,1.698367921364562008e-02,6.672547301390648576e-03,5.702982617477883043e-01,1.064080166807214629e-02,1.325511244203285768e-03
9.962768652200955019e-03,2.562282058915242855e-01,8.177652584305312999e-03,1.172565191136532986e-01,0.000000000000000000e+00,3.390172122637396656e-03,0.000000000000000000e+00,1.542413499880467866e-02,6.891754298564478631e-03,5.702830470353598136e-01,1.063597851905124202e-02,1.666942449046130608e-03
9.988497076679812500e-03,2.562364437341119183e-01,8.180246428453471011e-03,1.172558092855253836e-01,0.000000000000000000e+00,4.362003819868359548e-03,0.000000000000000000e+00,1.377740537641110666e-02,7.396066318144310994e-03,5.703005816779354031e-01,1.060758533808095656e-02,1.821440668438243466e-03
9.984869360133123359e-03,2.562423451356289905e-01,8.171539833394029367e-03,1.172682857999345490e-01,0.000000000000000000e+00,5.368044446951663815e-03,0.000000000000000000e+00,1.208897872291184519e-02,7.918067684482820237e-03,5.702851978535306010e-01,1.062753533010840634e-02,1.946848750880358263e-03
1.000163508665318814e-02,2.562601732762925244e-01,8.176331771209105481e-03,1.172493694217578014e-01,0.000000000000000000e+00,6.609718410104293944e-03,0.000000000000000000e+00,1.055641527703728676e-02,7.931192375667590888e-03,5.703054230224308130e-01,1.060621248353501266e-02,2.219913723759803833e-03
9.975155093414901988e-03,2.562552506184825329e-01,8.169120313778335113e-03,1.172591318784882708e-01,0.000000000000000000e+00,7.827458702375470964e-03,0.000000000000000000e+00,9.162604946345791201e-03,7.946373948896473180e-03,5.702881827847471330e-01,1.063726140535158071e-02,2.390905598722643105e-03
9.973575301146725761e-03,2.562613926769138351e-01,8.172446121066790151e-03,1.172303907742915652e-01,0.000000000000000000e+00,8.967812568475286295e-03,0.000000000000000000e+00,7.911904218515236273e-03,7.956505437636974404e-03,5.702967150466389246e-01,1.063074103354913827e-02,2.511604084203469898e-03
9.937976059627514139e-03,2.562435668744073025e-01,8.161242163712082928e-03,1.172291005251252100e-01,0.000000000000000000e+00,1.006114331948293125e-02,0.000000000000000000e+00,6.761968073113988967e-03,7.976705743555596168e-03,5.702844944368773428e-01,1.065103887809771763e-02,2.589509229693660614e-03
9.938553157867340004e-03,2.562384365575201550e-01,7.888467942253335821e-03,1.172120230416967557e-01,0.000000000000000000e+00,1.124030858770489263e-02,0.000000000000000000e+00,5.810504818295217366e-03,7.978967919484721005e-03,5.702899707449798905e-01,1.065861442322814379e-02,2.699648254607364510e-03
9.917973220425006439e-03,2.562245525027699311e-01,7.313522462227177792e-03,1.171752361483014288e-01,0.000000000000000000e+00,1.250756436129913177e-02,0.000000000000000000e+00,5.032162387855037763e-03,7.989615011153722302e-03,5.702914984781303209e-01,1.064395287955506933e-02,2.887418224576526748e-03
9.927402202406237705e-03,2.562163006380330788e-01,6.656461089609592985e-03,1.170346589560559286e-01,0.000000000000000000e+00,1.379833448401430150e-02,0.000000000000000000e+00,4.317880308639917945e-03,7.986815249485378077e-03,5.702948999509219741e-01,1.059442120515073811e-02,3.151098610683256314e-03
9.935253841353903007e-03,2.561647260521761060e-01,6.049292603334839070e-03,1.169177006131811719e-01,0.000000000000000000e+00,1.516401332318765248e-02,0.000000000000000000e+00,3.798338464691299390e-03,7.708272266728197208e-03,5.702959396237510248e-01,1.038309829291771992e-02,3.561966319084613943e-03
9.946352902640289220e-03,2.561377394527312168e-01,5.538606453808611954e-03,1.168633602516648967e-01,0.000000000000000000e+00,1.662950444230694783e-02,0.000000000000000000e+00,3.536151757679918770e-03,6.809694623392187514e-03,5.702975944897866745e-01,1.015545233134568411e-02,4.067913674751640236e-03
9.943451980114911826e-03,2.561317292113388655e-01,5.071412586636325423e-03,1.168180254339559743e-01,0.000000000000000000e+00,1.813576257120726870e-02,0.000000000000000000e+00,3.424191801681070527e-03,5.787699623661189847e-03,5.701471496123404759e-01,9.936639975309198569e-03,4.592517191089617173e-03
9.938165207066897155e-03,2.561079904814557162e-01,4.603471939683558868e-03,1.167165385812082845e-01,0.000000000000000000e+00,1.967128418149181879e-02,0.000000000000000000e+00,3.404057907526691646e-03,4.793661556443762871e-03,5.698833142183309386e-01,9.721994875164100339e-03,5.147148691392455268e-03
9.915619897379927827e-03,2.560643907470915859e-01,4.105022182613511823e-03,1.166427418377629921e-01,0.000000000000000000e+00,2.121045822575595360e-02,0.000000000000000000e+00,3.404120519667196056e-03,3.959226180561718073e-03,5.695049092002845148e-01,9.484980831143368166e-03,5.694393424436754690e-03
9.698942026564381230e-03,2.559875618690402033e-01,3.495315138679223627e-03,1.164857468304399679e-01,0.000000000000000000e+00,2.274170025575936172e-02,0.000000000000000000e+00,3.351995065864793628e-03,3.961824073224286084e-03,5.689469946158729474e-01,9.168566012479877764e-03,6.164998701781334092e-03
9.465363292161067116e-03,2.558625397597570350e-01,2.893543169787006226e-03,1.163242561096368838e-01,0.000000000000000000e+00,2.437065715499299456e-02,0.000000000000000000e+00,3.322001256806307330e-03,3.944947788038955135e-03,5.682936181502578066e-01,8.910181657574952480e-03,6.614132562811864818e-03
9.157135029954091565e-03,2.557273654243965577e-01,2.350854287000642747e-03,1.162040502180826523e-01,0.000000000000000000e+00,2.609142662665000362e-02,0.000000000000000000e+00,3.321364175198711702e-03,3.934843001111323207e-03,5.675691451586126757e-01,8.591463328564514709e-03,7.053525465580169629e-03
8.817373211723518803e-03,2.555749349461022280e-01,1.919309923594247208e-03,1.160876573268403850e-01,0.000000000000000000e+00,2.787819381088233600e-02,0.000000000000000000e+00,3.329203744753944042e-03,3.905214741259813681e-03,5.667860833331902493e-01,8.204848189464628710e-03,7.501727544322558949e-03
8.433744585885173672e-03,2.554227575127123173e-01,1.584009837908751436e-03,1.159938693396116299e-01,0.000000000000000000e+00,2.967562713015107004e-02,0.000000000000000000e+00,3.328796526208942057e-03,3.900875789928427619e-03,5.659307414689026539e-01,7.816653668051546169e-03,7.935610262801309420e-03
8.038277615527269701e-03,2.552326089884042748e-01,1.262440520772022817e-03,1.158738019773003225e-01,0.000000000000000000e+00,3.152298623603479871e-02,0.000000000000000000e+00,3.341687554751378818e-03,3.871492309800152361e-03,5.650512762932282662e-01,7.488706858440765876e-03,8.347817881812930399e-03
7.586757978756250922e-03,2.550990338102688826e-01,9.283484791397081165e-04,1.157381081802486000e-01,0.000000000000000000e+00,3.341109204505637170e-02,0.000000000000000000e+00,3.342136108792319229e-03,3.885008422778409194e-03,5.641628957748396900e-01,7.165532247824876570e-03,8.724320209001431431e-03
7.060736289456994580e-03,2.549776518221166799e-01,6.865006747209290204e-04,1.155489724152347630e-01,0.000000000000000000e+00,3.533757333497215131e-02,0.000000000000000000e+00,3.352602350012708152e-03,3.868481229281174778e-03,5.633013050246254982e-01,6.806299287191398296e-03,9.082338287732451276e-03
6.532516928313583486e-03,2.548922376799895306e-01,5.134806251442164187e-04,1.153518657274266862e-01,0.000000000000000000e+00,3.728426419372133510e-02,0.000000000000000000e+00,3.353068156339510195e-03,3.898768321149296331e-03,5.624680712174964237e-01,6.368872869488896062e-03,9.359490243473532825e-03
6.050763238200645641e-03,2.547530390544813783e-01,3.688425155318384406e-04,1.151502164095020569e-01,0.000000000000000000e+00,3.926455404940159405e-02,0.000000000000000000e+00,3.351447486634677019e-03,3.897474138854616337e-03,5.616889198759479340e-01,5.879458254261678285e-03,9.604849648726283134e-03
5.576686755517341366e-03,2.545390788150416195e-01,2.938072705293980785e-04,1.149119402895817377e-01,0.000000000000000000e+00,4.124733148832254032e-02,0.000000000000000000e+00,3.346556063635148029e-03,3.915390467193266208e-03,5.609590026124182671e-01,5.389980496252213746e-03,9.844564767550039244e-03
5.089988017176157349e-03,2.543352209396547159e-01,2.790323860668871394e-04,1.147201409785967158e-01,0.000000000000000000e+00,4.319720643752787692e-02,0.000000000000000000e+00,3.349620057640661976e-03,3.914797605207394858e-03,5.602494011503267313e-01,4.885640541398262281e-03,1.002246662037675762e-02
4.695837606629171823e-03,2.541931002796079531e-01,2.760639553830482838e-04,1.146031028684267178e-01,0.000000000000000000e+00,4.521490217051244570e-02,0.000000000000000000e+00,3.346227104523074019e-03,3.470582958914892636e-03,5.597164407969273947e-01,4.471798280795299257e-03,1.005334229347339819e-02
4.350917515165876256e-03,2.541087931804764666e-01,2.744699795940506830e-04,1.145590841083771322e-01,0.000000000000000000e+00,4.717765452689708788e-02,0.000000000000000000e+00,3.352034959552533614e-03,2.597321411659986572e-03,5.594063296358626758e-01,4.154601672051115233e-03,1.005585931552633629e-02
4.035926696447167741e-03,2.540530041995615607e-01,2.741167828813875144e-04,1.145431513021258479e-01,0.000000000000000000e+00,4.888927027639829864e-02,0.000000000000000000e+00,3.354313180485862193e-03,1.638023857423104909e-03,5.592712531694535860e-01,3.906354097434542975e-03,1.006399048265947845e-02
3.783695052250390326e-03,2.540362574693824094e-01,2.733656401729775312e-04,1.145320260043900945e-01,0.000000000000000000e+00,5.028411476132561841e-02,0.000000000000000000e+00,3.377728521673051959e-03,7.712755576420618443e-04,5.592289829218861641e-01,3.677904791112518012e-03,1.005497219429304749e-02
3.623956759661598175e-03,2.539518468128987849e-01,2.713490872749041482e-04,1.144333121612940568e-01,0.000000000000000000e+00,5.150176944778381283e-02,0.000000000000000000e+00,3.388944186277959708e-03,7.597656340441663191e-05,5.592210867850537781e-01,3.479538068174303778e-03,1.006654985780135875e-02
3.449906680711713105e-03,2.536788908480666627e-01,2.645659201183347942e-04,1.142129143735394203e-01,0.000000000000000000e+00,5.251567379943807706e-02,0.000000000000000000e+00,3.403246773917992588e-03,0.000000000000000000e+00,5.591523497019638134e-01,3.278906404199154016e-03,1.006258995056511819e-02
3.371064479477792111e-03,2.534704425054572496e-01,2.368875653722695871e-04,1.141356614925765067e-01,0.000000000000000000e+00,5.301273097348378760e-02,0.000000000000000000e+00,3.399531848961715071e-03,0.000000000000000000e+00,5.591296077502292405e-01,3.248571300872599849e-03,1.009217917813725642e-02
3.363767674308807288e-03,2.534787337833953602e-01,2.414363089955621664e-04,1.141269305160255432e-01,0.000000000000000000e+00,5.301883315649442291e-02,0.000000000000000000e+00,3.400070050446244666e-03,0.000000000000000000e+00,5.591256219496115731e-01,3.248041807938539111e-03,1.008850997157093900e-02
3.356876861118616474e-03,2.534846582060122366e-01,2.252672238988098622e-04,1.141216425966462139e-01,0.000000000000000000e+00,5.302739218712691077e-02,0.000000000000000000e+00,3.390771075527357261e-03,0.000000000000000000e+00,5.591220928181578342e-01,3.249534932254455159e-03,1.011338486240466981e-02
3.352412374508231645e-03,2.534951192698315370e-01,2.376429669181360116e-04,1.141209603252596461e-01,0.000000000000000000e+00,5.303382496312978450e-02,0.000000000000000000e+00,3.382854557994844150e-03,0.000000000000000000e+00,5.591156262990568671e-01,3.247768330716038591e-03,1.010974265215515248e-02
3.343093107901992569e-03,2.535035869390273033e-01,2.276914301623869110e-04,1.141096081593765826e-01,0.000000000000000000e+00,5.304118764314556117e-02,0.000000000000000000e+00,3.373825823675537499e-03,0.000000000000000000e+00,5.591121195782294828e-01,3.251957134277518556e-03,1.013546164336980374e-02
3.340269488346338939e-03,2.535063952231598750e-01,2.352817881799098470e-04,1.141076377844527784e-01,0.000000000000000000e+00,5.304380410910749383e-02,0.000000000000000000e+00,3.364644175478691875e-03,0.000000000000000000e+00,5.591096504108709064e-01,3.250165399184857216e-03,1.013548963820139551e-02
