0.000000000000000000e+00,8.367005216708378601e-02,0.000000000000000000e+00,1.125649250405073298e-01,0.000000000000000000e+00,2.589926827069153337e-01,0.000000000000000000e+00,1.352289275939662916e-01,0.000000000000000000e+00,4.173671811759223638e-01,0.000000000000000000e+00,0.000000000000000000e+00
0.000000000000000000e+00,8.368264463292089672e-02,0.000000000000000000e+00,1.125759963025529942e-01,0.000000000000000000e+00,2.589800960653768080e-01,0.000000000000000000e+00,1.352391690778388944e-01,0.000000000000000000e+00,4.173529448723954927e-01,0.000000000000000000e+00,0.000000000000000000e+00
0.000000000000000000e+00,8.370216780787421984e-02,0.000000000000000000e+00,1.125960722606068887e-01,0.000000000000000000e+00,2.152287331972841944e-01,0.000000000000000000e+00,1.092543583061506424e-01,0.000000000000000000e+00,4.869390766078947053e-01,0.000000000000000000e+00,0.000000000000000000e+00
0.000000000000000000e+00,8.369278090967982586e-02,0.000000000000000000e+00,1.125829151609809842e-01,0.000000000000000000e+00,1.465036647994796271e-01,0.000000000000000000e+00,5.708336964749342185e-02,4.553970570534339457e-02,5.614950422762532423e-01,0.000000000000000000e+00,0.000000000000000000e+00
0.000000000000000000e+00,8.367379440747295394e-02,0.000000000000000000e+00,1.125652937159479366e-01,0.000000000000000000e+00,7.558195670490280849e-02,0.000000000000000000e+00,1.242897509842463485e-02,1.263720607872975965e-01,5.960842865558716452e-01,0.000000000000000000e+00,0.000000000000000000e+00
0.000000000000000000e+00,7.883229083595225117e-02,0.000000000000000000e+00,1.068344156485610263e-01,0.000000000000000000e+00,1.896899282931761507e-02,0.000000000000000000e+00,0.000000000000000000e+00,2.065817202593013546e-01,5.961331237258363780e-01,0.000000000000000000e+00,0.000000000000000000e+00
0.000000000000000000e+00,5.108918798989367516e-02,0.000000000000000000e+00,7.667572322998292278e-02,0.000000000000000000e+00,9.029686467867000226e-04,0.000000000000000000e+00,0.000000000000000000e+00,2.829175195253823549e-01,5.961520413883356628e-01,0.000000000000000000e+00,0.000000000000000000e+00
0.000000000000000000e+00,2.195335976943605868e-02,0.000000000000000000e+00,4.221616802820397918e-02,0.000000000000000000e+00,9.058161760797632262e-04,0.000000000000000000e+00,0.000000000000000000e+00,3.461979670066112624e-01,5.961130473564240084e-01,0.000000000000000000e+00,0.000000000000000000e+00
0.000000000000000000e+00,3.960154042451477681e-03,0.000000000000000000e+00,1.625171879478712680e-02,0.000000000000000000e+00,9.199779016833157857e-04,0.000000000000000000e+00,0.000000000000000000e+00,3.901090578382561680e-01,5.960924211655715954e-01,0.000000000000000000e+00,0.000000000000000000e+00
0.000000000000000000e+00,0.000000000000000000e+00,0.000000000000000000e+00,1.676976467994667703e-03,0.000000000000000000e+00,9.620443695842703126e-04,0.000000000000000000e+00,0.000000000000000000e+00,4.088873355747452143e-01,5.960521162801029060e-01,0.000000000000000000e+00,0.000000000000000000e+00
0.000000000000000000e+00,0.000000000000000000e+00,0.000000000000000000e+00,1.702757576440450333e-03,0.000000000000000000e+00,9.707263721620562613e-04,0.000000000000000000e+00,0.000000000000000000e+00,4.088757321243337572e-01,5.960168658660336405e-01,0.000000000000000000e+00,0.000000000000000000e+00
0.000000000000000000e+00,0.000000000000000000e+00,0.000000000000000000e+00,1.709042687244862824e-03,0.000000000000000000e+00,9.758094086835466478e-04,0.000000000000000000e+00,0.000000000000000000e+00,4.088751621964287208e-01,5.959917768040128294e-01,0.000000000000000000e+00,0.000000000000000000e+00
0.000000000000000000e+00,0.000000000000000000e+00,0.000000000000000000e+00,1.721871794653027877e-03,0.000000000000000000e+00,9.745233316939992327e-04,0.000000000000000000e+00,0.000000000000000000e+00,4.088585064640709033e-01,5.959902026653181029e-01,0.000000000000000000e+00,0.000000000000000000e+00
0.000000000000000000e+00,3.594169097506818203e-06,0.000000000000000000e+00,1.723468452957841943e-03,0.000000000000000000e+00,9.384653726188324713e-04,0.000000000000000000e+00,0.000000000000000000e+00,4.088852551523112222e-01,5.959919868958968303e-01,0.000000000000000000e+00,0.000000000000000000e+00
0.000000000000000000e+00,3.193579177610358779e-06,0.000000000000000000e+00,1.732327613728166680e-03,0.000000000000000000e+00,9.069160923487058464e-04,0.000000000000000000e+00,0.000000000000000000e+00,4.089053467040398293e-01,5.959979610147524420e-01,0.000000000000000000e+00,0.000000000000000000e+00
0.000000000000000000e+00,6.190020867038576863e-06,0.000000000000000000e+00,1.733016043912562155e-03,0.000000000000000000e+00,8.868682455564866774e-04,0.000000000000000000e+00,5.834086316822591483e-06,4.089218683423986311e-01,5.960005996394428518e-01,0.000000000000000000e+00,0.000000000000000000e+00
0.000000000000000000e+00,1.834963819642157899e-05,0.000000000000000000e+00,1.726392622504079955e-03,0.000000000000000000e+00,8.727435726613553364e-04,0.000000000000000000e+00,7.698370159696292126e-06,4.089424480089555169e-01,5.959933771246392897e-01,0.000000000000000000e+00,0.000000000000000000e+00
0.000000000000000000e+00,2.969659452717021608e-05,0.000000000000000000e+00,1.730147637392741040e-03,0.000000000000000000e+00,8.748014052584284070e-04,0.000000000000000000e+00,4.414576100542457862e-06,4.089446320203197760e-01,5.959834168857146564e-01,0.000000000000000000e+00,0.000000000000000000e+00
0.000000000000000000e+00,3.130166929149457171e-05,0.000000000000000000e+00,1.740676344800377731e-03,0.000000000000000000e+00,8.976350182349014705e-04,0.000000000000000000e+00,0.000000000000000000e+00,4.089302447924081929e-01,5.959644910516493921e-01,0.000000000000000000e+00,0.000000000000000000e+00
0.000000000000000000e+00,2.456156954270539747e-05,0.000000000000000000e+00,1.757177503805288027e-03,0.000000000000000000e+00,9.370045794441837859e-04,0.000000000000000000e+00,0.000000000000000000e+00,4.089127323636011502e-01,5.959323612589700891e-01,0.000000000000000000e+00,0.000000000000000000e+00
0.000000000000000000e+00,1.481554207364151090e-05,0.000000000000000000e+00,1.779274407490096530e-03,0.000000000000000000e+00,9.696749080522646877e-04,0.000000000000000000e+00,0.000000000000000000e+00,4.088938151214595029e-01,5.959058680526363450e-01,0.000000000000000000e+00,0.000000000000000000e+00
0.000000000000000000e+00,5.792147232588199385e-06,0.000000000000000000e+00,1.800314744199643007e-03,0.000000000000000000e+00,9.972235031595663018e-04,0.000000000000000000e+00,0.000000000000000000e+00,4.088754361387748060e-01,5.958860511973852470e-01,0.000000000000000000e+00,0.000000000000000000e+00
0.000000000000000000e+00,4.030053763274535929e-06,0.000000000000000000e+00,1.814838431219688471e-03,0.000000000000000000e+00,1.021790062384851910e-03,0.000000000000000000e+00,0.000000000000000000e+00,4.088573882628028233e-01,5.958664255636259011e-01,0.000000000000000000e+00,0.000000000000000000e+00
0.000000000000000000e+00,0.000000000000000000e+00,0.000000000000000000e+00,1.822384911065082561e-03,0.000000000000000000e+00,1.008229319959439178e-03,0.000000000000000000e+00,0.000000000000000000e+00,4.088362093749801085e-01,5.958780386668734996e-01,0.000000000000000000e+00,0.000000000000000000e+00
0.000000000000000000e+00,0.000000000000000000e+00,0.000000000000000000e+00,1.821261467138282283e-03,0.000000000000000000e+00,1.013225333577703847e-03,0.000000000000000000e+00,0.000000000000000000e+00,4.088117677640147329e-01,5.958867030229455519e-01,0.000000000000000000e+00,0.000000000000000000e+00
0.000000000000000000e+00,0.000000000000000000e+00,0.000000000000000000e+00,1.811077746150010397e-03,0.000000000000000000e+00,1.009369199923257181e-03,0.000000000000000000e+00,0.000000000000000000e+00,4.087845316969737630e-01,5.959245420459284848e-01,0.000000000000000000e+00,0.000000000000000000e+00
0.000000000000000000e+00,0.000000000000000000e+00,0.000000000000000000e+00,1.806690969114543724e-03,0.000000000000000000e+00,3.453040900716691439e-03,0.000000000000000000e+00,0.000000000000000000e+00,4.087606829674934605e-01,5.935738263107761536e-01,0.000000000000000000e+00,0.000000000000000000e+00
0.000000000000000000e+00,0.000000000000000000e+00,0.000000000000000000e+00,1.781083255912078132e-03,0.000000000000000000e+00,2.346741661403436291e-02,0.000000000000000000e+00,0.000000000000000000e+00,4.087172152541223569e-01,5.736274513655514884e-01,0.000000000000000000e+00,0.000000000000000000e+00
0.000000000000000000e+00,0.000000000000000000e+00,0.000000000000000000e+00,1.755787188706850032e-03,0.000000000000000000e+00,6.043660337325237192e-02,0.000000000000000000e+00,0.000000000000000000e+00,4.086745110603414166e-01,5.367321998478294942e-01,0.000000000000000000e+00,0.000000000000000000e+00
0.000000000000000000e+00,0.000000000000000000e+00,0.000000000000000000e+00,1.772878526532566329e-03,0.000000000000000000e+00,1.096294777781195995e-01,0.000000000000000000e+00,0.000000000000000000e+00,4.086408001358053932e-01,4.882828944026043061e-01,0.000000000000000000e+00,0.000000000000000000e+00
0.000000000000000000e+00,0.000000000000000000e+00,0.000000000000000000e+00,1.742543369030603645e-03,0.000000000000000000e+00,1.557151502803888754e-01,0.000000000000000000e+00,5.596337910306204387e-03,4.085546986881773979e-01,4.356999997611578634e-01,0.000000000000000000e+00,0.000000000000000000e+00
0.000000000000000000e+00,0.000000000000000000e+00,0.000000000000000000e+00,1.807392649243228953e-03,5.809031159980086734e-02,1.557976168351045132e-01,0.000000000000000000e+00,3.598778546326933392e-02,4.085835986965571931e-01,3.463269514368582658e-01,0.000000000000000000e+00,0.000000000000000000e+00
0.000000000000000000e+00,0.000000000000000000e+00,0.000000000000000000e+00,1.902701794347942373e-03,1.390140551304901717e-01,1.558340862965404416e-01,0.000000000000000000e+00,7.602085607475315976e-02,4.085939037939004259e-01,2.253155503429162265e-01,0.000000000000000000e+00,0.000000000000000000e+00
0.000000000000000000e+00,0.000000000000000000e+00,0.000000000000000000e+00,1.886006801916573477e-03,2.245087218811187557e-01,1.558680117331118498e-01,0.000000000000000000e+00,1.139802444157032302e-01,4.085594604432340460e-01,1.019077481559489684e-01,0.000000000000000000e+00,0.000000000000000000e+00
0.000000000000000000e+00,0.000000000000000000e+00,0.000000000000000000e+00,1.880649858403312920e-03,2.939128917894696658e-01,1.558413534989113725e-01,0.000000000000000000e+00,1.408814790908934078e-01,4.057211988324995744e-01,8.740340775598449269e-03,0.000000000000000000e+00,0.000000000000000000e+00
0.000000000000000000e+00,0.000000000000000000e+00,0.000000000000000000e+00,1.885610870363892740e-03,3.421759690148737376e-01,1.379336230602585534e-01,0.000000000000000000e+00,1.489137597263348600e-01,3.780545955605703057e-01,0.000000000000000000e+00,0.000000000000000000e+00,0.000000000000000000e+00
0.000000000000000000e+00,0.000000000000000000e+00,0.000000000000000000e+00,1.892955757691862795e-03,3.915046071737197653e-01,1.010617080825668423e-01,0.000000000000000000e+00,1.583141258423816922e-01,3.552505023443983112e-01,0.000000000000000000e+00,0.000000000000000000e+00,0.000000000000000000e+00
0.000000000000000000e+00,0.000000000000000000e+00,0.000000000000000000e+00,1.948698138840520688e-03,4.372875950907040843e-01,6.330201338977302361e-02,0.000000000000000000e+00,1.631352592006644064e-01,3.419543493048087246e-01,0.000000000000000000e+00,0.000000000000000000e+00,0.000000000000000000e+00
0.000000000000000000e+00,0.000000000000000000e+00,0.000000000000000000e+00,2.017822884560642894e-03,4.736801095137775364e-01,3.363156648675037080e-02,0.000000000000000000e+00,1.630917460994575630e-01,3.354569932730521176e-01,0.000000000000000000e+00,0.000000000000000000e+00,0.000000000000000000e+00
0.000000000000000000e+00,0.000000000000000000e+00,0.000000000000000000e+00,2.023536075267638300e-03,4.959920902794540676e-01,1.491483760518404547e-02,0.000000000000000000e+00,1.631001656804036692e-01,3.318245629638331140e-01,0.000000000000000000e+00,0.000000000000000000e+00,0.000000000000000000e+00
0.000000000000000000e+00,0.000000000000000000e+00,8.561572395810855568e-06,2.054045855873861369e-03,5.031943799458934441e-01,8.179433750796666000e-03,0.000000000000000000e+00,1.630972280701382116e-01,3.311265799691123224e-01,0.000000000000000000e+00,0.000000000000000000e+00,0.000000000000000000e+00
0.000000000000000000e+00,0.000000000000000000e+00,3.785762421990548473e-06,2.042556192322909827e-03,5.031566116044235981e-01,8.178815939213667646e-03,0.000000000000000000e+00,1.631339916637672416e-01,3.311425597205781002e-01,0.000000000000000000e+00,0.000000000000000000e+00,0.000000000000000000e+00
0.000000000000000000e+00,0.000000000000000000e+00,4.913351620729762600e-07,2.010393655961650091e-03,5.031537566628146996e-01,8.174082876174548762e-03,0.000000000000000000e+00,1.631770056699650417e-01,3.311355361713479439e-01,0.000000000000000000e+00,0.000000000000000000e+00,0.000000000000000000e+00
0.000000000000000000e+00,0.000000000000000000e+00,0.000000000000000000e+00,1.989007140060280749e-03,5.031370075354256732e-01,8.173096262443231563e-03,0.000000000000000000e+00,1.631927828191213070e-01,3.311361003287637828e-01,0.000000000000000000e+00,0.000000000000000000e+00,0.000000000000000000e+00
0.000000000000000000e+00,0.000000000000000000e+00,0.000000000000000000e+00,1.984839230177517632e-03,5.031581335856124548e-01,8.152513816122237619e-03,0.000000000000000000e+00,1.632076407914055394e-01,3.311051460295795779e-01,0.000000000000000000e+00,0.000000000000000000e+00,0.000000000000000000e+00
0.000000000000000000e+00,0.000000000000000000e+00,0.000000000000000000e+00,1.997779731508493410e-03,5.031750583606324767e-01,8.137931062196738369e-03,0.000000000000000000e+00,1.631999532681175091e-01,3.310845340519368296e-01,0.000000000000000000e+00,0.000000000000000000e+00,0.000000000000000000e+00
0.000000000000000000e+00,0.000000000000000000e+00,0.000000000000000000e+00,2.022852159701370080e-03,5.032048985173009914e-01,8.131037734477524620e-03,0.000000000000000000e+00,1.631709435069697844e-01,3.310789494491384044e-01,0.000000000000000000e+00,0.000000000000000000e+00,0.000000000000000000e+00
0.000000000000000000e+00,0.000000000000000000e+00,0.000000000000000000e+00,2.438701233579783703e-03,5.032402938253022207e-01,8.119643244057065529e-03,0.000000000000000000e+00,1.631623316730572149e-01,3.307121395592165780e-01,0.000000000000000000e+00,0.000000000000000000e+00,0.000000000000000000e+00
0.000000000000000000e+00,0.000000000000000000e+00,0.000000000000000000e+00,8.145160739910343312e-03,5.032634828423449003e-01,8.123181166860669530e-03,0.000000000000000000e+00,1.631650018497460553e-01,3.250355520844173673e-01,0.000000000000000000e+00,0.000000000000000000e+00,0.000000000000000000e+00
0.000000000000000000e+00,0.000000000000000000e+00,0.000000000000000000e+00,1.296069909380719899e-02,5.032682599406839152e-01,8.126922554202768711e-03,1.564360281709292408e-02,1.631691643107318623e-01,3.041652046112948149e-01,0.000000000000000000e+00,0.000000000000000000e+00,0.000000000000000000e+00
0.000000000000000000e+00,0.000000000000000000e+00,0.000000000000000000e+00,1.296726000260815977e-02,5.032651473014753130e-01,8.125427695500883618e-03,5.956151180160899894e-02,1.593718225786635023e-01,2.645426109025046935e-01,0.000000000000000000e+00,0.000000000000000000e+00,0.000000000000000000e+00
0.000000000000000000e+00,1.382128644102061971e-06,0.000000000000000000e+00,1.297873331862426857e-02,5.032656537181711132e-01,8.129660658055332806e-03,1.249039535177322996e-01,1.332001664683976905e-01,2.253797150452356846e-01,0.000000000000000000e+00,0.000000000000000000e+00,0.000000000000000000e+00
0.000000000000000000e+00,1.035231580231948083e-05,0.000000000000000000e+00,1.546933885276761088e-02,5.032596969553136956e-01,8.125087701854397104e-03,1.966551011139113236e-01,9.582255004316242442e-02,1.885211462861923482e-01,0.000000000000000000e+00,0.000000000000000000e+00,0.000000000000000000e+00
0.000000000000000000e+00,7.505613589988454239e-06,0.000000000000000000e+00,1.999599130257877916e-02,5.032645361536731698e-01,8.125642141105629546e-03,2.655911917792430077e-01,5.765243265222828178e-02,1.532254834159133550e-01,0.000000000000000000e+00,0.000000000000000000e+00,0.000000000000000000e+00
0.000000000000000000e+00,5.392158623578540608e-07,0.000000000000000000e+00,2.420256814783722232e-02,5.032780777590201149e-01,8.131174560863145551e-03,3.258737229074230579e-01,2.737879934689176412e-02,1.190108422855011699e-01,0.000000000000000000e+00,0.000000000000000000e+00,0.000000000000000000e+00
0.000000000000000000e+00,0.000000000000000000e+00,0.000000000000000000e+00,2.550427334646506589e-02,5.032975289929948470e-01,8.135874490525222408e-03,3.743183340997780495e-01,1.000945394662697101e-02,8.648304262751835281e-02,0.000000000000000000e+00,0.000000000000000000e+00,0.000000000000000000e+00
0.000000000000000000e+00,1.426064652155622068e-06,0.000000000000000000e+00,2.549758408713852231e-02,5.033246014340450047e-01,8.139705180055731293e-03,4.088383905181011690e-01,7.164787517612552364e-03,5.511139283055915827e-02,0.000000000000000000e+00,0.000000000000000000e+00,0.000000000000000000e+00
0.000000000000000000e+00,4.448097784045518950e-07,1.946408677498225655e-03,2.548804456154544693e-02,5.033444039144218118e-01,8.134831155795808899e-03,4.329757412473151379e-01,7.177173803201099614e-03,2.882839226965219770e-02,0.000000000000000000e+00,0.000000000000000000e+00,0.000000000000000000e+00
0.000000000000000000e+00,6.598702366407404564e-06,5.439021655672569670e-03,2.548237935895526773e-02,5.033686806651572754e-01,8.135654434531160162e-03,4.480426978199621435e-01,7.181934572537089848e-03,1.023515540690356738e-02,0.000000000000000000e+00,0.000000000000000000e+00,0.000000000000000000e+00
0.000000000000000000e+00,2.252183284801495333e-06,9.365045214098250206e-03,2.547941154546972189e-02,5.033754318731551436e-01,8.131061643433201008e-03,4.533475452080392154e-01,7.191219936532145668e-03,6.366655850384120470e-04,0.000000000000000000e+00,0.000000000000000000e+00,0.000000000000000000e+00
0.000000000000000000e+00,2.324968491254438029e-06,1.107947768281745439e-02,2.547783414307375552e-02,5.030837818266676864e-01,8.134912862766732408e-03,4.533267437050712001e-01,7.182811754715801890e-03,0.000000000000000000e+00,0.000000000000000000e+00,0.000000000000000000e+00,0.000000000000000000e+00
0.000000000000000000e+00,0.000000000000000000e+00,1.107584386810357528e-02,2.546926037304703128e-02,5.030177653436408436e-01,8.133872574668141522e-03,4.533337493060697887e-01,7.174178872744170141e-03,0.000000000000000000e+00,0.000000000000000000e+00,0.000000000000000000e+00,0.000000000000000000e+00
0.000000000000000000e+00,0.000000000000000000e+00,1.215986385954158193e-02,2.547465311283494266e-02,5.019124339841950500e-01,8.145896788996185786e-03,4.533303544269985386e-01,7.178928131412095834e-03,0.000000000000000000e+00,0.000000000000000000e+00,0.000000000000000000e+00,0.000000000000000000e+00
0.000000000000000000e+00,0.000000000000000000e+00,1.535791032319176221e-02,2.546770699277495914e-02,4.987072225583925045e-01,8.150278532962939790e-03,4.533562861822620915e-01,7.174900182347496158e-03,0.000000000000000000e+00,0.000000000000000000e+00,0.000000000000000000e+00,0.000000000000000000e+00
0.000000000000000000e+00,0.000000000000000000e+00,1.979603337150960887e-02,2.545336959510893782e-02,4.942843927437688412e-01,8.155611091105574584e-03,4.533772819710494839e-01,7.179878894717924530e-03,0.000000000000000000e+00,0.000000000000000000e+00,0.000000000000000000e+00,0.000000000000000000e+00
0.000000000000000000e+00,0.000000000000000000e+00,2.417239633026404058e-02,2.544235399848322754e-02,4.899967519741310618e-01,8.169158780136263898e-03,4.533898994542253647e-01,7.195187331527662551e-03,0.000000000000000000e+00,0.000000000000000000e+00,0.000000000000000000e+00,0.000000000000000000e+00
0.000000000000000000e+00,1.097165258539377613e-03,2.626647960112736199e-02,2.543494160312465002e-02,4.863431409192609522e-01,8.173526148423712959e-03,4.534009653208386781e-01,7.212043778650168227e-03,0.000000000000000000e+00,0.000000000000000000e+00,0.000000000000000000e+00,0.000000000000000000e+00
0.000000000000000000e+00,9.403433214134287663e-03,2.623817553518972834e-02,2.543184993832271409e-02,4.781521036203025266e-01,8.180569771338819587e-03,4.534027776804858134e-01,7.235155584086638489e-03,0.000000000000000000e+00,0.000000000000000000e+00,0.000000000000000000e+00,0.000000000000000000e+00
0.000000000000000000e+00,2.334902013014042779e-02,2.621679311520863989e-02,2.543227581883100372e-02,4.641900043079886240e-01,8.194619362811539701e-03,4.533956798892464501e-01,7.259644107184927593e-03,0.000000000000000000e+00,0.000000000000000000e+00,0.000000000000000000e+00,0.000000000000000000e+00
0.000000000000000000e+00,4.286027127175182777e-02,2.619649872189474399e-02,2.544263887637503163e-02,4.446298838313765267e-01,8.188775649848283392e-03,4.533944789463626446e-01,7.289229982809924957e-03,0.000000000000000000e+00,0.000000000000000000e+00,0.000000000000000000e+00,0.000000000000000000e+00
0.000000000000000000e+00,6.760394138942581177e-02,2.618648589694910420e-02,2.543639854377903117e-02,4.198700427760055365e-01,8.190443896313801334e-03,4.533877714880806820e-01,7.311990836001655038e-03,0.000000000000000000e+00,0.000000000000000000e+00,0.000000000000000000e+00,0.000000000000000000e+00
0.000000000000000000e+00,9.774492379236657258e-02,2.617757146928796977e-02,2.543603829800787294e-02,3.899972522096357141e-01,8.175019277319226993e-03,4.533816911027298557e-01,7.334742125833303844e-03,0.000000000000000000e+00,0.000000000000000000e+00,0.000000000000000000e+00,0.000000000000000000e+00
0.000000000000000000e+00,1.284492763085793299e-01,2.616952990668789530e-02,2.542317368806787381e-02,3.507152057981628990e-01,1.645500061550155338e-02,4.533774625287373961e-01,7.358087973506719816e-03,0.000000000000000000e+00,0.000000000000000000e+00,0.000000000000000000e+00,0.000000000000000000e+00
0.000000000000000000e+00,1.557229736248093577e-01,2.616066923161401714e-02,2.753282446902851829e-02,2.994556201746094715e-01,3.822981956218244465e-02,4.533765276783410236e-01,7.382674796268508255e-03,0.000000000000000000e+00,0.000000000000000000e+00,0.000000000000000000e+00,0.000000000000000000e+00
0.000000000000000000e+00,1.798407593818257544e-01,2.614349910684417647e-02,3.431453410683295291e-02,2.376771222709874454e-01,6.909508947659022404e-02,4.533850745049233799e-01,7.413842393792446049e-03,0.000000000000000000e+00,0.000000000000000000e+00,0.000000000000000000e+00,0.000000000000000000e+00
0.000000000000000000e+00,2.019078779670568091e-01,2.612257485589497899e-02,4.741389826992186557e-02,1.691602215541999077e-01,1.024323108112556030e-01,4.533991897803321680e-01,7.448293457168378602e-03,0.000000000000000000e+00,0.000000000000000000e+00,0.000000000000000000e+00,0.000000000000000000e+00
0.000000000000000000e+00,2.223828739426390311e-01,2.610212446652774090e-02,6.823224364921966212e-02,1.006270025892527648e-01,1.296517368161137496e-01,4.534127218089746836e-01,7.481653782781764322e-03,0.000000000000000000e+00,0.000000000000000000e+00,0.000000000000000000e+00,0.000000000000000000e+00
0.000000000000000000e+00,2.408498005178383305e-01,2.607478845140661847e-02,9.586604255081612735e-02,4.264499138234280340e-02,1.413477656845261998e-01,4.534212310977807081e-01,7.510022387766857564e-03,0.000000000000000000e+00,0.000000000000000000e+00,0.000000000000000000e+00,0.000000000000000000e+00
0.000000000000000000e+00,2.508528628954701523e-01,2.604932039042082842e-02,1.221828536060894921e-01,5.935055638467765481e-03,1.413436121261384126e-01,4.534204075561755198e-01,7.529136052713689825e-03,0.000000000000000000e+00,0.000000000000000000e+00,0.000000000000000000e+00,0.000000000000000000e+00
0.000000000000000000e+00,2.508510183816799466e-01,2.417834395516683249e-02,1.307822375396929526e-01,0.000000000000000000e+00,1.413460369176588738e-01,4.534244905983177976e-01,7.556671091625955135e-03,0.000000000000000000e+00,0.000000000000000000e+00,0.000000000000000000e+00,0.000000000000000000e+00
0.000000000000000000e+00,2.508543685992458139e-01,1.112255679741473886e-02,1.435142580778921706e-01,0.000000000000000000e+00,1.413432702717037359e-01,4.534145048520972776e-01,7.575677740752950577e-03,0.000000000000000000e+00,0.000000000000000000e+00,0.000000000000000000e+00,0.000000000000000000e+00
0.000000000000000000e+00,2.508520930786075076e-01,3.577967734014403985e-04,1.539038043952004886e-01,0.000000000000000000e+00,1.413490191145708452e-01,4.534108931886144944e-01,7.602571983836557169e-03,0.000000000000000000e+00,0.000000000000000000e+00,0.000000000000000000e+00,0.000000000000000000e+00
0.000000000000000000e+00,2.508665453223142272e-01,0.000000000000000000e+00,1.541942895630656618e-01,0.000000000000000000e+00,1.413550908512519189e-01,4.534107942990199813e-01,7.640091807245188125e-03,0.000000000000000000e+00,0.000000000000000000e+00,0.000000000000000000e+00,0.000000000000000000e+00
0.000000000000000000e+00,2.508820985129755488e-01,0.000000000000000000e+00,1.541924251982901284e-01,0.000000000000000000e+00,1.413617377343453496e-01,4.534154338909083259e-01,7.692101325193620096e-03,0.000000000000000000e+00,0.000000000000000000e+00,0.000000000000000000e+00,0.000000000000000000e+00
0.000000000000000000e+00,2.508864767829650511e-01,0.000000000000000000e+00,1.542040679467920894e-01,0.000000000000000000e+00,1.413566927516285709e-01,4.534295245467810931e-01,7.733263862757545730e-03,0.000000000000000000e+00,0.000000000000000000e+00,0.000000000000000000e+00,0.000000000000000000e+00
0.000000000000000000e+00,2.508957506298721274e-01,0.000000000000000000e+00,1.541886797947075449e-01,0.000000000000000000e+00,1.413576224638323775e-01,4.534526598323507796e-01,7.765475511519704180e-03,0.000000000000000000e+00,0.000000000000000000e+00,0.000000000000000000e+00,0.000000000000000000e+00
0.000000000000000000e+00,2.508936715927113092e-01,0.000000000000000000e+00,1.542108104027182514e-01,0.000000000000000000e+00,1.413442702266042017e-01,4.534574058683226161e-01,7.792001936222940975e-03,0.000000000000000000e+00,0.000000000000000000e+00,0.000000000000000000e+00,0.000000000000000000e+00
0.000000000000000000e+00,2.508807358581008340e-01,0.000000000000000000e+00,1.542457771629947294e-01,0.000000000000000000e+00,1.413239354595929309e-01,4.534684999463947097e-01,7.799607380676126106e-03,0.000000000000000000e+00,0.000000000000000000e+00,0.000000000000000000e+00,0.000000000000000000e+00
0.000000000000000000e+00,2.508785512187820532e-01,0.000000000000000000e+00,1.542401031010568191e-01,0.000000000000000000e+00,1.413474856817796832e-01,4.534777719267227281e-01,7.805772653773054674e-03,0.000000000000000000e+00,0.000000000000000000e+00,0.000000000000000000e+00,0.000000000000000000e+00
0.000000000000000000e+00,2.508977462864692143e-01,0.000000000000000000e+00,1.542126346049462748e-01,0.000000000000000000e+00,1.413644639003976133e-01,4.535050479816595259e-01,7.830169106550786962e-03,0.000000000000000000e+00,0.000000000000000000e+00,0.000000000000000000e+00,0.000000000000000000e+00
0.000000000000000000e+00,2.509162933528125139e-01,0.000000000000000000e+00,1.541450172717491462e-01,0.000000000000000000e+00,1.414206077588472110e-01,4.463821042523685168e-01,1.476148264501362696e-02,0.000000000000000000e+00,0.000000000000000000e+00,0.000000000000000000e+00,0.000000000000000000e+00
0.000000000000000000e+00,2.509300667941412044e-01,0.000000000000000000e+00,1.540725764527865749e-01,0.000000000000000000e+00,1.365277454787915123e-01,4.215397025823506283e-01,4.489185307283757170e-02,0.000000000000000000e+00,0.000000000000000000e+00,0.000000000000000000e+00,0.000000000000000000e+00
4.286386821044629305e-04,2.508905418507595964e-01,0.000000000000000000e+00,1.540587164806558884e-01,0.000000000000000000e+00,1.265014012398839316e-01,3.802027431264105584e-01,9.591102554405112057e-02,0.000000000000000000e+00,0.000000000000000000e+00,0.000000000000000000e+00,0.000000000000000000e+00
4.703154822295929670e-04,2.508964878466369286e-01,0.000000000000000000e+00,1.539849365101762513e-01,0.000000000000000000e+00,1.133365747397756945e-01,3.307431069419017877e-01,1.590259257570960372e-01,0.000000000000000000e+00,0.000000000000000000e+00,0.000000000000000000e+00,0.000000000000000000e+00
3.928018115492195044e-04,2.507830729177635276e-01,0.000000000000000000e+00,1.537791214793745587e-01,0.000000000000000000e+00,9.967580349257024186e-02,2.849767232334154410e-01,2.186167537651428627e-01,0.000000000000000000e+00,0.000000000000000000e+00,0.000000000000000000e+00,0.000000000000000000e+00
3.959749924055076527e-04,2.507870185281432795e-01,0.000000000000000000e+00,1.537067765812980269e-01,0.000000000000000000e+00,6.519045401243631077e-02,2.290392495363703929e-01,2.260653871751042432e-01,0.000000000000000000e+00,8.108141642861310672e-02,0.000000000000000000e+00,0.000000000000000000e+00
3.905122461500282346e-04,2.507888427878837145e-01,0.000000000000000000e+00,1.537167935485961312e-01,0.000000000000000000e+00,1.322935860945881337e-02,1.509976223695092268e-01,2.260367422129413439e-01,0.000000000000000000e+00,2.102918771937846987e-01,0.000000000000000000e+00,0.000000000000000000e+00
4.127997583875729452e-04,2.507956189914083422e-01,0.000000000000000000e+00,1.536312940611235245e-01,0.000000000000000000e+00,0.000000000000000000e+00,5.607422737702954380e-02,2.260625586550978061e-01,0.000000000000000000e+00,3.186847211764035626e-01,0.000000000000000000e+00,0.000000000000000000e+00
0.000000000000000000e+00,2.508143231007898821e-01,0.000000000000000000e+00,1.535538863209318650e-01,0.000000000000000000e+00,0.000000000000000000e+00,0.000000000000000000e+00,2.068561324314354133e-01,0.000000000000000000e+00,3.971391710851033263e-01,0.000000000000000000e+00,0.000000000000000000e+00
0.000000000000000000e+00,2.508064197258018657e-01,0.000000000000000000e+00,1.534447162835411438e-01,0.000000000000000000e+00,0.000000000000000000e+00,0.000000000000000000e+00,1.395164261169035136e-01,0.000000000000000000e+00,4.640119244237390639e-01,0.000000000000000000e+00,0.000000000000000000e+00
0.000000000000000000e+00,2.508102801919047109e-01,0.000000000000000000e+00,1.534574160065933501e-01,0.000000000000000000e+00,0.000000000000000000e+00,0.000000000000000000e+00,7.407842134781278398e-02,0.000000000000000000e+00,5.293619635398922885e-01,0.000000000000000000e+00,0.000000000000000000e+00
0.000000000000000000e+00,2.508290606371925691e-01,0.000000000000000000e+00,1.534760849510687086e-01,0.000000000000000000e+00,0.000000000000000000e+00,0.000000000000000000e+00,2.550096630939933939e-02,0.000000000000000000e+00,5.775126498492334504e-01,0.000000000000000000e+00,0.000000000000000000e+00
0.000000000000000000e+00,2.504884282170719012e-01,0.000000000000000000e+00,1.534930505926503652e-01,0.000000000000000000e+00,0.000000000000000000e+00,0.000000000000000000e+00,7.437040628349170452e-04,0.000000000000000000e+00,6.032767820561240057e-01,0.000000000000000000e+00,0.000000000000000000e+00
0.000000000000000000e+00,2.344712601945582453e-01,0.000000000000000000e+00,1.506224497170698673e-01,0.000000000000000000e+00,0.000000000000000000e+00,0.000000000000000000e+00,7.508444227499145793e-04,1.625860611524045443e-02,6.047144180634834720e-01,0.000000000000000000e+00,0.000000000000000000e+00
0.000000000000000000e+00,1.874595210708134840e-01,0.000000000000000000e+00,1.164642030214777801e-01,0.000000000000000000e+00,0.000000000000000000e+00,0.000000000000000000e+00,7.747157602422608935e-04,9.797663088740680981e-02,6.046934721148415903e-01,0.000000000000000000e+00,0.000000000000000000e+00
0.000000000000000000e+00,1.299897913593429655e-01,0.000000000000000000e+00,7.270324230141679556e-02,0.000000000000000000e+00,0.000000000000000000e+00,0.000000000000000000e+00,7.880108778289929934e-04,1.992280746038243566e-01,6.046908132691959370e-01,0.000000000000000000e+00,0.000000000000000000e+00
0.000000000000000000e+00,7.646999523322101089e-02,0.000000000000000000e+00,3.405736879967296432e-02,0.000000000000000000e+00,0.000000000000000000e+00,0.000000000000000000e+00,7.938373027653173025e-04,2.912587285328620545e-01,6.046826948328419826e-01,0.000000000000000000e+00,0.000000000000000000e+00
0.000000000000000000e+00,3.466559577982111784e-02,0.000000000000000000e+00,8.246729084662243747e-03,0.000000000000000000e+00,0.000000000000000000e+00,0.000000000000000000e+00,8.028054332483261805e-04,3.587580735231861717e-01,6.047082395261806909e-01,0.000000000000000000e+00,0.000000000000000000e+00
0.000000000000000000e+00,7.595289900667437193e-03,0.000000000000000000e+00,0.000000000000000000e+00,0.000000000000000000e+00,0.000000000000000000e+00,0.000000000000000000e+00,9.846823267587831671e-06,3.951640611228708355e-01,6.047117830009564043e-01,0.000000000000000000e+00,0.000000000000000000e+00
0.000000000000000000e+00,6.326281517466731579e-04,0.000000000000000000e+00,0.000000000000000000e+00,0.000000000000000000e+00,0.000000000000000000e+00,0.000000000000000000e+00,1.929192889035068888e-06,4.023637211064821084e-01,6.047215456621050089e-01,0.000000000000000000e+00,0.000000000000000000e+00
0.000000000000000000e+00,6.490845065911469286e-04,0.000000000000000000e+00,0.000000000000000000e+00,0.000000000000000000e+00,0.000000000000000000e+00,0.000000000000000000e+00,9.685586934542417346e-06,4.023078913905461795e-01,6.047511139480578057e-01,0.000000000000000000e+00,0.000000000000000000e+00
0.000000000000000000e+00,6.538954243971948363e-04,0.000000000000000000e+00,0.000000000000000000e+00,0.000000000000000000e+00,0.000000000000000000e+00,0.000000000000000000e+00,1.913675217244602980e-05,4.022702943400667253e-01,6.047676070530727532e-01,0.000000000000000000e+00,0.000000000000000000e+00
0.000000000000000000e+00,6.680835430690437076e-04,0.000000000000000000e+00,0.000000000000000000e+00,0.000000000000000000e+00,0.000000000000000000e+00,0.000000000000000000e+00,3.562481134501090704e-05,4.022478875346975902e-01,6.047659300218648504e-01,0.000000000000000000e+00,0.000000000000000000e+00
0.000000000000000000e+00,6.555439411730494027e-04,0.000000000000000000e+00,0.000000000000000000e+00,0.000000000000000000e+00,0.000000000000000000e+00,0.000000000000000000e+00,4.972475569875534963e-05,4.022697809089045839e-01,6.047613546944070606e-01,0.000000000000000000e+00,0.000000000000000000e+00
0.000000000000000000e+00,6.502236877945272902e-04,0.000000000000000000e+00,0.000000000000000000e+00,0.000000000000000000e+00,0.000000000000000000e+00,0.000000000000000000e+00,6.600177981777862282e-05,4.022875501128971854e-01,6.047539320872881152e-01,0.000000000000000000e+00,0.000000000000000000e+00
0.000000000000000000e+00,6.380376814030957761e-04,0.000000000000000000e+00,0.000000000000000000e+00,0.000000000000000000e+00,0.000000000000000000e+00,0.000000000000000000e+00,8.124109527879928535e-05,4.023134819818697805e-01,6.047404829243291369e-01,0.000000000000000000e+00,0.000000000000000000e+00
0.000000000000000000e+00,6.198228684653137857e-04,0.000000000000000000e+00,0.000000000000000000e+00,0.000000000000000000e+00,0.000000000000000000e+00,0.000000000000000000e+00,9.053568278437874547e-05,4.023373729038862145e-01,6.047341228325733287e-01,0.000000000000000000e+00,0.000000000000000000e+00
0.000000000000000000e+00,6.204962457821966816e-04,0.000000000000000000e+00,0.000000000000000000e+00,0.000000000000000000e+00,0.000000000000000000e+00,0.000000000000000000e+00,8.961183342857451909e-05,4.023097930261922972e-01,6.047541490878861614e-01,0.000000000000000000e+00,0.000000000000000000e+00
0.000000000000000000e+00,6.333559879945843078e-04,0.000000000000000000e+00,0.000000000000000000e+00,0.000000000000000000e+00,0.000000000000000000e+00,0.000000000000000000e+00,7.936700803084983046e-05,4.022841663233011622e-01,6.047693586419820022e-01,0.000000000000000000e+00,0.000000000000000000e+00
0.000000000000000000e+00,6.440399078652808956e-04,0.000000000000000000e+00,0.000000000000000000e+00,0.000000000000000000e+00,0.000000000000000000e+00,0.000000000000000000e+00,7.174895105323778218e-05,4.022413942218374117e-01,6.048139967912207204e-01,0.000000000000000000e+00,0.000000000000000000e+00
0.000000000000000000e+00,6.654718147830436048e-04,0.000000000000000000e+00,0.000000000000000000e+00,0.000000000000000000e+00,0.000000000000000000e+00,0.000000000000000000e+00,7.220971616977459268e-05,4.036701090696463434e-01,6.034885845121958914e-01,0.000000000000000000e+00,0.000000000000000000e+00
0.000000000000000000e+00,6.611569552917600677e-04,0.000000000000000000e+00,0.000000000000000000e+00,0.000000000000000000e+00,0.000000000000000000e+00,0.000000000000000000e+00,4.312813989691525757e-05,4.111810664219475164e-01,5.960235256531721815e-01,0.000000000000000000e+00,0.000000000000000000e+00
0.000000000000000000e+00,6.331956009960020134e-04,0.000000000000000000e+00,0.000000000000000000e+00,0.000000000000000000e+00,0.000000000000000000e+00,0.000000000000000000e+00,1.483958162851611839e-05,4.236319677477407009e-01,5.836880999081880406e-01,0.000000000000000000e+00,0.000000000000000000e+00
0.000000000000000000e+00,6.455611364183003837e-04,0.000000000000000000e+00,0.000000000000000000e+00,0.000000000000000000e+00,0.000000000000000000e+00,0.000000000000000000e+00,0.000000000000000000e+00,4.413109221678341854e-01,5.668219229134938697e-01,0.000000000000000000e+00,0.000000000000000000e+00
0.000000000000000000e+00,1.567632655288078583e-03,0.000000000000000000e+00,0.000000000000000000e+00,0.000000000000000000e+00,0.000000000000000000e+00,0.000000000000000000e+00,3.481914448181164246e-02,4.495306213959753827e-01,5.214820702486335779e-01,0.000000000000000000e+00,0.000000000000000000e+00
0.000000000000000000e+00,1.899641552333215929e-03,0.000000000000000000e+00,0.000000000000000000e+00,0.000000000000000000e+00,0.000000000000000000e+00,0.000000000000000000e+00,1.218940665562196768e-01,4.506866701122460572e-01,4.326890898977048261e-01,0.000000000000000000e+00,0.000000000000000000e+00
0.000000000000000000e+00,1.941080629543632478e-03,0.000000000000000000e+00,0.000000000000000000e+00,0.000000000000000000e+00,0.000000000000000000e+00,0.000000000000000000e+00,2.493733175217727749e-01,4.506960786579107814e-01,3.051529560439796840e-01,0.000000000000000000e+00,0.000000000000000000e+00
0.000000000000000000e+00,1.926966249297827616e-03,0.000000000000000000e+00,0.000000000000000000e+00,0.000000000000000000e+00,0.000000000000000000e+00,0.000000000000000000e+00,3.956295437138148685e-01,4.506987991801993942e-01,1.587660855859049369e-01,0.000000000000000000e+00,0.000000000000000000e+00
0.000000000000000000e+00,1.923404121006986201e-03,0.000000000000000000e+00,0.000000000000000000e+00,0.000000000000000000e+00,0.000000000000000000e+00,0.000000000000000000e+00,5.182713827091449676e-01,4.506774465629317938e-01,3.525123557693134874e-02,0.000000000000000000e+00,0.000000000000000000e+00
0.000000000000000000e+00,1.942630792804577074e-03,0.000000000000000000e+00,0.000000000000000000e+00,0.000000000000000000e+00,0.000000000000000000e+00,0.000000000000000000e+00,5.546639626619460639e-01,4.506915917011968808e-01,0.000000000000000000e+00,0.000000000000000000e+00,0.000000000000000000e+00
0.000000000000000000e+00,1.940001729469620134e-03,0.000000000000000000e+00,0.000000000000000000e+00,0.000000000000000000e+00,0.000000000000000000e+00,0.000000000000000000e+00,5.546691805302146339e-01,4.506985589362745293e-01,0.000000000000000000e+00,0.000000000000000000e+00,0.000000000000000000e+00
0.000000000000000000e+00,1.962891045976594522e-03,0.000000000000000000e+00,0.000000000000000000e+00,0.000000000000000000e+00,0.000000000000000000e+00,0.000000000000000000e+00,5.546746673897205993e-01,4.507106116773537674e-01,0.000000000000000000e+00,0.000000000000000000e+00,0.000000000000000000e+00
0.000000000000000000e+00,1.990773959462215342e-03,0.000000000000000000e+00,0.000000000000000000e+00,0.000000000000000000e+00,0.000000000000000000e+00,0.000000000000000000e+00,5.546366513214223692e-01,4.507234799202538555e-01,0.000000000000000000e+00,0.000000000000000000e+00,0.000000000000000000e+00
0.000000000000000000e+00,1.997215739496722639e-03,0.000000000000000000e+00,0.000000000000000000e+00,0.000000000000000000e+00,0.000000000000000000e+00,0.000000000000000000e+00,5.546240145308337643e-01,4.507199600344424240e-01,0.000000000000000000e+00,0.000000000000000000e+00,0.000000000000000000e+00
0.000000000000000000e+00,2.028053005929700888e-03,0.000000000000000000e+00,0.000000000000000000e+00,0.000000000000000000e+00,0.000000000000000000e+00,0.000000000000000000e+00,5.545945890757463248e-01,4.507275231871751275e-01,0.000000000000000000e+00,0.000000000000000000e+00,1.234470870353337989e-07
0.000000000000000000e+00,2.066920753062554024e-03,0.000000000000000000e+00,0.000000000000000000e+00,0.000000000000000000e+00,0.000000000000000000e+00,0.000000000000000000e+00,5.545759571595055837e-01,4.507258971554926053e-01,0.000000000000000000e+00,0.000000000000000000e+00,0.000000000000000000e+00
0.000000000000000000e+00,2.080714298326037485e-03,0.000000000000000000e+00,0.000000000000000000e+00,0.000000000000000000e+00,0.000000000000000000e+00,0.000000000000000000e+00,5.545883585025416229e-01,4.507132524491760384e-01,0.000000000000000000e+00,0.000000000000000000e+00,0.000000000000000000e+00
0.000000000000000000e+00,2.092092787696969974e-03,0.000000000000000000e+00,0.000000000000000000e+00,0.000000000000000000e+00,0.000000000000000000e+00,0.000000000000000000e+00,5.545990618970556563e-01,4.507035309218512253e-01,0.000000000000000000e+00,0.000000000000000000e+00,0.000000000000000000e+00
0.000000000000000000e+00,2.114193618513972132e-03,0.000000000000000000e+00,0.000000000000000000e+00,0.000000000000000000e+00,0.000000000000000000e+00,0.000000000000000000e+00,5.546034978696287032e-01,4.506901327223220566e-01,0.000000000000000000e+00,0.000000000000000000e+00,0.000000000000000000e+00
0.000000000000000000e+00,2.116486610439637962e-03,0.000000000000000000e+00,0.000000000000000000e+00,0.000000000000000000e+00,0.000000000000000000e+00,0.000000000000000000e+00,5.546051606600767014e-01,4.506956590635001203e-01,0.000000000000000000e+00,0.000000000000000000e+00,0.000000000000000000e+00
0.000000000000000000e+00,2.127661954510084996e-03,0.000000000000000000e+00,0.000000000000000000e+00,0.000000000000000000e+00,0.000000000000000000e+00,0.000000000000000000e+00,5.545970939577627989e-01,4.506943572170666878e-01,0.000000000000000000e+00,0.000000000000000000e+00,0.000000000000000000e+00
0.000000000000000000e+00,2.128996171864594358e-03,0.000000000000000000e+00,0.000000000000000000e+00,0.000000000000000000e+00,0.000000000000000000e+00,0.000000000000000000e+00,5.545817809449629099e-01,4.507058690007202939e-01,0.000000000000000000e+00,0.000000000000000000e+00,0.000000000000000000e+00
0.000000000000000000e+00,8.070089579836499036e-03,0.000000000000000000e+00,0.000000000000000000e+00,0.000000000000000000e+00,0.000000000000000000e+00,0.000000000000000000e+00,5.545639902391594767e-01,4.448814513001499438e-01,0.000000000000000000e+00,0.000000000000000000e+00,0.000000000000000000e+00
0.000000000000000000e+00,2.887752232170737871e-02,0.000000000000000000e+00,0.000000000000000000e+00,0.000000000000000000e+00,0.000000000000000000e+00,0.000000000000000000e+00,5.545485068055479028e-01,4.241105046373162546e-01,0.000000000000000000e+00,0.000000000000000000e+00,0.000000000000000000e+00
0.000000000000000000e+00,6.316358001401548017e-02,0.000000000000000000e+00,0.000000000000000000e+00,0.000000000000000000e+00,0.000000000000000000e+00,0.000000000000000000e+00,5.545343220016845098e-01,3.898872904744238865e-01,0.000000000000000000e+00,0.000000000000000000e+00,0.000000000000000000e+00
0.000000000000000000e+00,1.067477855090753214e-01,0.000000000000000000e+00,0.000000000000000000e+00,0.000000000000000000e+00,0.000000000000000000e+00,0.000000000000000000e+00,5.545248458396206948e-01,3.464105248788592606e-01,0.000000000000000000e+00,0.000000000000000000e+00,0.000000000000000000e+00
0.000000000000000000e+00,1.497113647627481003e-01,0.000000000000000000e+00,0.000000000000000000e+00,0.000000000000000000e+00,0.000000000000000000e+00,0.000000000000000000e+00,5.545209136519384518e-01,3.035869368019201708e-01,0.000000000000000000e+00,0.000000000000000000e+00,0.000000000000000000e+00
0.000000000000000000e+00,1.764126166713348987e-01,0.000000000000000000e+00,0.000000000000000000e+00,0.000000000000000000e+00,0.000000000000000000e+00,0.000000000000000000e+00,5.545203178024639135e-01,2.772321602590931411e-01,0.000000000000000000e+00,0.000000000000000000e+00,0.000000000000000000e+00
0.000000000000000000e+00,1.764412655297730725e-01,0.000000000000000000e+00,0.000000000000000000e+00,0.000000000000000000e+00,0.000000000000000000e+00,0.000000000000000000e+00,5.545212933429838342e-01,2.771982757866061631e-01,0.000000000000000000e+00,0.000000000000000000e+00,0.000000000000000000e+00
0.000000000000000000e+00,1.764485088443570604e-01,0.000000000000000000e+00,0.000000000000000000e+00,0.000000000000000000e+00,0.000000000000000000e+00,0.000000000000000000e+00,5.545222501926916348e-01,2.771874446368309264e-01,0.000000000000000000e+00,0.000000000000000000e+00,0.000000000000000000e+00
