5.813309321732687161e-04,7.403131515709863997e-02,1.251881513128345717e-02,1.388945683576620904e-01,1.173119160284832093e-03,0.000000000000000000e+00,0.000000000000000000e+00,0.000000000000000000e+00,7.485860787183462942e-03,7.556907872718222619e-01,0.000000000000000000e+00,9.605482316199152187e-03
5.817649108075398715e-04,7.402970857064104793e-02,1.252209633752006737e-02,1.388953772311561086e-01,1.174681015683268388e-03,0.000000000000000000e+00,0.000000000000000000e+00,0.000000000000000000e+00,7.487997411152682789e-03,7.556909226261449009e-01,0.000000000000000000e+00,9.625302147406223155e-03
5.792835002133038189e-04,7.402220948436333270e-02,1.252472756279825877e-02,1.388922547547753739e-01,1.173912827893229711e-03,0.000000000000000000e+00,0.000000000000000000e+00,0.000000000000000000e+00,7.487208690363771763e-03,7.556859597758905922e-01,3.942146231402418165e-06,9.630071344084060320e-03
5.769005844156817374e-04,7.401438459949298554e-02,1.253252109007562363e-02,1.388937788643764548e-01,1.176331520697602735e-03,0.000000000000000000e+00,0.000000000000000000e+00,0.000000000000000000e+00,7.486839658646994924e-03,7.556811063193812350e-01,1.648153034788869358e-06,9.615238054166089926e-03
5.793606873599019703e-04,7.400875635717998891e-02,1.254779260555952645e-02,1.389075713098541220e-01,1.183975621435772504e-03,0.000000000000000000e+00,0.000000000000000000e+00,0.000000000000000000e+00,7.487153078440318341e-03,7.556802255666941193e-01,2.513282011782810703e-06,9.609435815991582835e-03
5.713000885861215742e-04,7.399268716761221720e-02,1.255728977109061943e-02,1.389219987079539365e-01,1.183814790761592104e-03,0.000000000000000000e+00,0.000000000000000000e+00,0.000000000000000000e+00,7.475995381731844955e-03,7.556724251618039956e-01,5.238985288325452230e-06,9.609987042523250936e-03
5.659472748636882548e-04,7.397749548691420762e-02,1.257082922429905714e-02,1.389422726891901827e-01,1.186650587265266395e-03,0.000000000000000000e+00,0.000000000000000000e+00,0.000000000000000000e+00,7.467521840207042363e-03,7.556683535377507477e-01,1.024469285443891813e-06,9.619493822427790594e-03
5.589112339581198477e-04,7.396160689168998492e-02,1.258380987000391228e-02,1.389580226206052482e-01,1.190078553807948948e-03,0.000000000000000000e+00,0.000000000000000000e+00,0.000000000000000000e+00,7.461205216842035047e-03,7.556625551266397123e-01,1.074441704724205120e-05,9.618189141014716476e-03
5.545525552631933204e-04,7.394791619763899093e-02,1.259640153408631523e-02,1.389691819326412114e-01,1.196383534458812575e-03,0.000000000000000000e+00,0.000000000000000000e+00,0.000000000000000000e+00,7.456485330648325235e-03,7.556540104133002700e-01,8.419920295736009041e-06,9.608118743694181452e-03
5.533437167243160501e-04,7.393620453396090864e-02,1.260798163666884165e-02,1.389808128510527097e-01,1.205267443617917891e-03,0.000000000000000000e+00,0.000000000000000000e+00,0.000000000000000000e+00,7.448477769980199614e-03,7.556422343115682949e-01,1.236525808444254126e-06,9.610247896140691748e-03
5.549561005090501969e-04,7.392672542874954844e-02,1.262017898900020738e-02,1.389994502327498160e-01,1.217007907066050727e-03,0.000000000000000000e+00,0.000000000000000000e+00,0.000000000000000000e+00,7.437569086596906506e-03,7.556303274961492233e-01,7.405222108889930927e-06,9.608879206121022018e-03
5.526482476045579354e-04,7.391375971217556407e-02,1.262824072300309554e-02,1.390197881068038210e-01,1.225396052050891933e-03,0.000000000000000000e+00,0.000000000000000000e+00,0.000000000000000000e+00,7.422918115151369046e-03,7.556153183727086775e-01,1.549817592456598448e-05,9.606198505386295133e-03
5.439049447227154235e-04,7.389493724529123952e-02,1.262851826447235551e-02,1.390347216406564168e-01,1.227117730595345948e-03,0.000000000000000000e+00,0.000000000000000000e+00,0.000000000000000000e+00,7.404721297042760574e-03,7.555959668111916772e-01,8.137478844492620315e-06,9.608679410920761138e-03
5.409791293948439323e-04,7.388319544945474993e-02,1.263170133272356437e-02,1.390525929550739392e-01,1.234512828996742239e-03,0.000000000000000000e+00,0.000000000000000000e+00,0.000000000000000000e+00,7.391965306772823631e-03,7.555846242749570951e-01,1.100776151089012428e-05,9.621967273175201577e-03
5.437405797419977028e-04,7.387822777519922890e-02,1.263720625915168948e-02,1.390724152468258423e-01,1.247240215990836265e-03,0.000000000000000000e+00,0.000000000000000000e+00,0.000000000000000000e+00,7.378315343410101444e-03,7.555782383056656171e-01,1.502726183553712206e-05,9.616384315661278756e-03
5.416776631623249245e-04,7.386733969818362611e-02,1.263336146295619689e-02,1.390830216798691343e-01,1.252236255365995815e-03,0.000000000000000000e+00,0.000000000000000000e+00,0.000000000000000000e+00,7.351347227406017891e-03,7.555604061166513175e-01,1.058924944983227371e-05,9.594904658957769880e-03
5.388291956270542700e-04,7.385726397693331835e-02,1.262616167149378278e-02,1.390914019675026370e-01,1.255381420057362449e-03,0.000000000000000000e+00,0.000000000000000000e+00,0.000000000000000000e+00,7.325547576108890589e-03,7.555374467794307991e-01,1.219656716105202818e-05,9.604647438708233814e-03
5.360688343946961362e-04,7.384887765003590732e-02,1.261421348566010153e-02,1.390967454275651161e-01,1.257427921152625512e-03,0.000000000000000000e+00,0.000000000000000000e+00,0.000000000000000000e+00,7.305981701065508184e-03,7.555154381979902745e-01,1.591213329862054053e-05,9.655613321465871673e-03
5.367148658433879655e-04,7.384362108057870855e-02,1.259814581642478351e-02,1.390976916280967368e-01,1.260586946855940397e-03,0.000000000000000000e+00,0.000000000000000000e+00,0.000000000000000000e+00,7.289198696881660222e-03,7.555022571837017864e-01,1.737921210930203349e-05,9.766303452489834280e-03
5.302658387262240312e-04,7.383050782070080253e-02,1.256961318228133791e-02,1.390837522602204890e-01,1.254385754932752818e-03,0.000000000000000000e+00,0.000000000000000000e+00,0.000000000000000000e+00,7.260664672954554935e-03,7.554875542206650474e-01,5.600680356586657464e-06,9.930337794230872928e-03
5.298908011548676905e-04,7.382318185394064203e-02,1.254702443611827381e-02,1.390775806268230441e-01,1.252410054416628997e-03,0.000000000000000000e+00,0.000000000000000000e+00,0.000000000000000000e+00,7.236020953571948092e-03,7.554789182048836649e-01,6.330531509524674704e-06,1.004644564477203024e-02
5.269324761609053311e-04,7.381450885173686249e-02,1.252446849011619283e-02,1.390826771260837702e-01,1.247264011987828797e-03,0.000000000000000000e+00,0.000000000000000000e+00,0.000000000000000000e+00,7.210045629405781829e-03,7.554650990170731495e-01,6.340045840491147523e-06,1.017428759506778038e-02
5.142916262893154926e-04,7.379870198009010063e-02,1.249104446031012138e-02,1.390893198834981803e-01,1.232757077215013153e-03,0.000000000000000000e+00,0.000000000000000000e+00,0.000000000000000000e+00,7.179233815316059600e-03,7.554441740528247129e-01,5.443537146285153134e-06,1.036449063486670659e-02
5.054242934436480473e-04,7.378802898710268288e-02,1.245478857473616974e-02,1.390899184086989981e-01,1.220932713641918873e-03,0.000000000000000000e+00,0.000000000000000000e+00,0.000000000000000000e+00,7.156099841765005756e-03,7.554319003831467816e-01,0.000000000000000000e+00,1.049701893252209459e-02
5.066076544129526028e-04,7.378728216888760794e-02,1.242337579455556063e-02,1.390773603130567304e-01,1.217090647606248457e-03,0.000000000000000000e+00,0.000000000000000000e+00,0.000000000000000000e+00,7.142488737412105125e-03,7.554276223591780415e-01,0.000000000000000000e+00,1.055393328306595581e-02
5.108595418453511488e-04,7.378880277984717351e-02,1.239295957269444942e-02,1.390588046449584558e-01,1.214731985202796875e-03,0.000000000000000000e+00,0.000000000000000000e+00,0.000000000000000000e+00,7.130407828817622237e-03,7.554165823523057988e-01,0.000000000000000000e+00,1.057400597066739979e-02
5.147648900694468772e-04,7.379092417185256769e-02,1.235868628326118948e-02,1.390564744955032628e-01,1.213181474270919004e-03,0.000000000000000000e+00,0.000000000000000000e+00,0.000000000000000000e+00,7.118288753999178591e-03,7.554012652932380334e-01,0.000000000000000000e+00,1.057866477192390652e-02
5.215523665500060562e-04,7.379674211891473767e-02,1.231814842220694400e-02,1.390760468209883138e-01,1.215815748024887556e-03,0.000000000000000000e+00,0.000000000000000000e+00,0.000000000000000000e+00,7.111747545876923385e-03,7.553996068296322530e-01,0.000000000000000000e+00,1.058491829184402856e-02
5.239996983003046603e-04,7.379947714954267213e-02,1.226862933567084493e-02,1.390914684846954741e-01,1.215651404035618648e-03,0.000000000000000000e+00,0.000000000000000000e+00,0.000000000000000000e+00,7.107044349085962255e-03,7.554107793371330759e-01,0.000000000000000000e+00,1.060063367273715758e-02
5.276694226894466282e-04,7.380401696574832859e-02,1.222749155758467640e-02,1.390945422881703641e-01,1.217358026673322387e-03,0.000000000000000000e+00,0.000000000000000000e+00,0.000000000000000000e+00,7.106132646035763327e-03,7.554224296403163619e-01,0.000000000000000000e+00,1.060018018772670469e-02
5.327409467039048024e-04,7.381025288621928526e-02,1.219794710492014440e-02,1.390978545312313575e-01,1.220756717518923541e-03,0.000000000000000000e+00,0.000000000000000000e+00,0.000000000000000000e+00,7.106699847161614472e-03,7.554190522642556527e-01,0.000000000000000000e+00,1.061080401110352060e-02
5.349836264075499056e-04,7.381380080622851336e-02,1.216379255948843094e-02,1.391153564086651806e-01,1.221406967326059065e-03,0.000000000000000000e+00,0.000000000000000000e+00,0.000000000000000000e+00,7.103351474104849933e-03,7.554104657314524296e-01,0.000000000000000000e+00,1.063026775182583823e-02
5.378017218414154945e-04,7.381826193031441885e-02,1.211856700861398475e-02,1.391427359281257325e-01,1.222847695002738733e-03,0.000000000000000000e+00,0.000000000000000000e+00,0.000000000000000000e+00,7.103451054983356619e-03,7.554138436601942619e-01,0.000000000000000000e+00,1.063613799164430003e-02
5.408145552840803571e-04,7.382356076677354384e-02,1.206666795894489365e-02,1.391614843578642124e-01,1.224832384941255872e-03,0.000000000000000000e+00,0.000000000000000000e+00,0.000000000000000000e+00,7.104697113467208815e-03,7.554141470479782683e-01,0.000000000000000000e+00,1.064271833925310197e-02
5.486672467078845599e-04,7.383553899745344540e-02,1.202649760677678044e-02,1.391787131715684078e-01,1.233202014349732856e-03,0.000000000000000000e+00,0.000000000000000000e+00,0.000000000000000000e+00,7.109634359541911093e-03,7.554038082209864058e-01,0.000000000000000000e+00,1.066001557361835259e-02
5.528607040387797109e-04,7.384327071230134543e-02,1.199047529999076010e-02,1.391949720669291013e-01,1.237900219033514961e-03,0.000000000000000000e+00,0.000000000000000000e+00,0.000000000000000000e+00,7.115722525755160434e-03,7.553795849277090690e-01,0.000000000000000000e+00,1.067590463355527590e-02
5.564255956493245007e-04,7.384838256958449476e-02,1.194967289714249370e-02,1.392218141972315915e-01,1.241826182073708235e-03,0.000000000000000000e+00,0.000000000000000000e+00,0.000000000000000000e+00,7.117905492549230460e-03,7.553658326031346126e-01,0.000000000000000000e+00,1.068657218179097992e-02
5.550985897329686935e-04,7.384796048714599437e-02,1.190059427846361373e-02,1.392591453194790274e-01,1.242146321975002177e-03,0.000000000000000000e+00,0.000000000000000000e+00,0.000000000000000000e+00,7.114644703047521071e-03,7.553757565660101925e-01,0.000000000000000000e+00,1.068663984863201313e-02
5.528573705160061370e-04,7.384846880674524050e-02,1.186683958246048491e-02,1.393075079081778078e-01,1.244101548144519636e-03,0.000000000000000000e+00,0.000000000000000000e+00,0.000000000000000000e+00,7.114654756100102437e-03,7.553874269658131801e-01,0.000000000000000000e+00,1.069143343812679024e-02
5.410426825924369342e-04,7.384214147646001036e-02,1.184585248753493476e-02,1.393556611000775214e-01,1.238477539512638972e-03,0.000000000000000000e+00,0.000000000000000000e+00,0.000000000000000000e+00,7.112716204779010419e-03,7.553573491501547332e-01,0.000000000000000000e+00,1.069268793085513883e-02
5.377498010602830116e-04,7.384353834074890155e-02,1.183853556751776268e-02,1.394092937984843239e-01,1.239645487139306263e-03,0.000000000000000000e+00,0.000000000000000000e+00,0.000000000000000000e+00,7.118809622141182569e-03,7.553138433372473814e-01,0.000000000000000000e+00,1.069513481691839428e-02
5.430207683407657551e-04,7.384994172892728193e-02,1.182968282379439837e-02,1.394498346608039618e-01,1.245981616495048542e-03,0.000000000000000000e+00,0.000000000000000000e+00,0.000000000000000000e+00,7.117513001085102285e-03,7.552921419507734324e-01,0.000000000000000000e+00,1.069340902184109064e-02
5.477095742371202673e-04,7.385443002569336279e-02,1.180974566219497937e-02,1.394720458634188531e-01,1.251088779437699956e-03,0.000000000000000000e+00,0.000000000000000000e+00,0.000000000000000000e+00,7.120823483165901469e-03,7.552937303180913275e-01,0.000000000000000000e+00,1.068995772851570776e-02
5.490441509974890860e-04,7.385785017674913189e-02,1.178987305146904190e-02,1.395033602822473018e-01,1.255284836781698143e-03,0.000000000000000000e+00,0.000000000000000000e+00,0.000000000000000000e+00,7.113706773959254347e-03,7.552850631564024253e-01,0.000000000000000000e+00,1.069064150880924720e-02
5.542720015928315203e-04,7.386867335464498974e-02,1.179337397807826530e-02,1.395558460080377761e-01,1.267290931899460070e-03,0.000000000000000000e+00,0.000000000000000000e+00,0.000000000000000000e+00,7.107529303561482825e-03,7.552720006145685616e-01,0.000000000000000000e+00,1.069807793373122630e-02
5.540187806556838481e-04,7.387650278388975533e-02,1.181381024183404509e-02,1.395964252251612470e-01,1.276798100925394122e-03,0.000000000000000000e+00,0.000000000000000000e+00,0.000000000000000000e+00,7.013609482844769018e-03,7.552656715594840975e-01,1.007826939646881080e-07,1.069434860847432757e-02
5.551501473618169992e-04,7.388234658024847579e-02,1.183915930908692460e-02,1.396369457450025442e-01,1.283940762582957843e-03,0.000000000000000000e+00,0.000000000000000000e+00,0.000000000000000000e+00,6.876831190756041087e-03,7.552650601328757540e-01,7.428690482969754163e-06,1.068084392568157369e-02
5.595018981060315014e-04,7.388769306002189452e-02,1.185876824378220493e-02,1.396912210774338969e-01,1.290396509593655329e-03,0.000000000000000000e+00,0.000000000000000000e+00,0.000000000000000000e+00,6.740157942527634158e-03,7.552637976955317578e-01,8.509342098390034137e-06,1.066793146659847542e-02
5.694801181017983358e-04,7.389869207266465401e-02,1.188747542632521276e-02,1.397300353471369605e-01,1.304207396849354529e-03,0.000000000000000000e+00,0.000000000000000000e+00,0.000000000000000000e+00,6.598455716944753163e-03,7.552610986801771009e-01,1.273491888260996656e-06,1.066776351509269791e-02
5.734278950851450516e-04,7.390489064941514752e-02,1.192274562705464627e-02,1.397105548597945279e-01,1.316248618643018221e-03,0.000000000000000000e+00,0.000000000000000000e+00,0.000000000000000000e+00,6.459764485872032495e-03,7.552894251560940964e-01,8.820517306514428065e-06,1.066701795063598746e-02
5.788902494246436813e-04,7.391305583458768202e-02,1.196633407954598820e-02,1.396798602779124043e-01,1.332477876606965499e-03,0.000000000000000000e+00,0.000000000000000000e+00,0.000000000000000000e+00,6.329343938656598056e-03,7.553228476335270836e-01,2.681000575034518950e-05,1.066509756534387253e-02
5.782314988604283492e-04,7.391471228660083381e-02,1.200780469920780490e-02,1.396758819060642809e-01,1.340455646264564161e-03,0.000000000000000000e+00,0.000000000000000000e+00,0.000000000000000000e+00,6.237462510421076974e-03,7.553261275785678741e-01,3.004226260366506178e-05,1.065043370087249107e-02
5.701094576961710696e-04,7.390757433142575161e-02,1.203280935973227717e-02,1.396949176051464070e-01,1.335442746648719467e-03,0.000000000000000000e+00,0.000000000000000000e+00,0.000000000000000000e+00,6.160215379986119094e-03,7.553476732085223633e-01,3.039245116082551560e-05,1.062552849850541617e-02
5.758098480100944799e-04,7.391445468083586434e-02,1.206085860729490256e-02,1.397331572374262421e-01,1.345212401679503822e-03,0.000000000000000000e+00,0.000000000000000000e+00,0.000000000000000000e+00,6.033694417506485150e-03,7.553747054063592037e-01,3.495039090963754131e-05,1.061823357579212528e-02
5.697983936047667760e-04,7.391142286881151324e-02,1.210681879547068768e-02,1.396920338751341251e-01,1.352361206762028346e-03,0.000000000000000000e+00,0.000000000000000000e+00,0.000000000000000000e+00,5.957708487979341758e-03,7.554254395069579520e-01,4.612389753450754339e-05,1.060293697239716136e-02
5.517204145885068727e-04,7.389764875104537500e-02,1.216419143958442396e-02,1.396285670188056605e-01,1.352913446008455287e-03,0.000000000000000000e+00,4.080942473092064419e-06,0.000000000000000000e+00,5.949040600600985669e-03,7.554567484813663469e-01,5.170383874992382688e-05,1.057375229749448788e-02
5.492787185172484611e-04,7.390177994734038747e-02,1.222682544306905560e-02,1.396371306027907877e-01,1.364917802991474092e-03,0.000000000000000000e+00,0.000000000000000000e+00,0.000000000000000000e+00,5.945698965573327152e-03,7.554948996919985671e-01,5.566781490043615281e-05,1.055650516403046704e-02
5.356814124778719365e-04,7.390082716699113152e-02,1.225356328579981120e-02,1.396002249122764161e-01,1.360464204709669602e-03,0.000000000000000000e+00,9.063072595393433359e-07,0.000000000000000000e+00,5.956301980648441574e-03,7.555146960509674381e-01,5.271629190563733149e-05,1.052887481678644113e-02
5.339930694789443754e-04,7.390900132557458313e-02,1.228357042421218334e-02,1.396292247679070675e-01,1.364132380266561400e-03,0.000000000000000000e+00,0.000000000000000000e+00,0.000000000000000000e+00,5.962618033550205407e-03,7.555331108056292377e-01,7.164607897339910739e-05,1.051173369066474121e-02
4.874252029804435320e-04,7.386640948367824422e-02,1.231674355609904681e-02,1.396478383172098658e-01,1.327190035780168769e-03,0.000000000000000000e+00,5.086188932791794311e-06,0.000000000000000000e+00,5.923322656529207697e-03,7.555418277141915384e-01,4.998734530926948765e-05,1.045076656738498123e-02
5.068935865445301902e-04,7.390387759536115597e-02,1.239177357227590377e-02,1.395664602412309829e-01,1.365642132904238857e-03,0.000000000000000000e+00,0.000000000000000000e+00,0.000000000000000000e+00,5.961854113633410779e-03,7.555629028729039520e-01,5.861059720165151017e-05,1.046255861764718020e-02
4.858497529998117583e-04,7.391069055981272506e-02,1.241063222504936413e-02,1.394900142606176341e-01,1.361295918066891169e-03,1.763552854804597883e-06,0.000000000000000000e+00,0.000000000000000000e+00,5.961173943211960959e-03,7.555950319420631223e-01,6.041141263014441668e-05,1.043179382452956439e-02
4.500597634077303636e-04,7.389850543062966015e-02,1.244976782887469678e-02,1.395580228167730419e-01,1.343029207633365070e-03,3.753751891582041752e-03,0.000000000000000000e+00,0.000000000000000000e+00,5.769654455343408740e-03,7.521107875122809983e-01,5.278058844673553184e-05,1.038526959164415113e-02
4.348841337150766823e-04,7.386436064505300103e-02,1.242005540872156283e-02,1.381378794065385163e-01,1.338828823538211607e-03,1.563527074615840909e-02,0.000000000000000000e+00,0.000000000000000000e+00,5.510715737884278216e-03,7.422013010166161884e-01,6.516455480841131822e-05,1.034889637489025058e-02
4.354535155809738899e-04,7.374503273625759858e-02,1.246074913682947496e-02,1.333411470045463287e-01,1.345861880960368302e-03,3.376693205276565940e-02,0.000000000000000000e+00,0.000000000000000000e+00,5.460438207563408919e-03,7.290568561796212377e-01,5.510761278336547881e-05,1.032416497386098690e-02
3.976259895787707900e-04,7.363293588840716386e-02,1.249916792101756630e-02,1.265057813399511899e-01,1.316830598851600640e-03,5.560110048590793247e-02,0.000000000000000000e+00,3.362815537337273428e-05,5.445288093165962309e-03,7.142229988616206615e-01,3.452641337319765897e-05,1.026764081240107152e-02
3.838486376183534630e-04,7.348659477894649295e-02,1.216497872295182504e-02,1.180433950055353592e-01,1.323268972901904495e-03,7.826183130642626329e-02,0.000000000000000000e+00,1.759416865212075787e-03,5.379040525765392891e-03,6.989641061854783288e-01,2.711911540444152574e-05,1.024873833169061797e-02
3.769413748095493317e-04,7.347789188988296250e-02,1.034645096966351971e-02,1.104404243842961597e-01,1.331475398036444015e-03,9.929011313664652671e-02,0.000000000000000000e+00,5.186831073694418877e-03,5.186495785613157161e-03,6.842089819511187887e-01,2.478381322360355925e-05,1.022959751722393382e-02
3.509554479555394325e-04,7.349991837164762676e-02,7.187364126461357784e-03,1.053830679178690138e-01,1.317574508032630029e-03,1.169255210468510692e-01,0.000000000000000000e+00,8.418114576066471413e-03,5.121399481267845458e-03,6.717427387816534701e-01,1.882943897008053949e-05,1.018239685828096174e-02
3.360233418203818594e-04,7.351534742568073544e-02,3.995533941776862989e-03,1.038488784335984544e-01,1.317698084795032934e-03,1.290508966746995445e-01,0.000000000000000000e+00,8.972960064954623588e-03,5.054649167197733557e-03,6.640036178505992481e-01,1.203939539777173893e-05,1.014882565390802516e-02
3.126492252007502136e-04,7.346651142661309031e-02,1.536758789328574772e-03,1.037142931443641725e-01,1.301208361641467085e-03,1.341544447954047536e-01,0.000000000000000000e+00,9.027678810149659949e-03,5.091854551245696484e-03,6.615822248132188221e-01,2.427297617710314387e-06,1.011256819532037332e-02
2.927836204162275260e-04,7.345764068070140262e-02,1.488532281419556371e-03,1.037318258281763467e-01,1.302694122293878006e-03,1.341841332780105978e-01,0.000000000000000000e+00,9.038091560625967358e-03,5.108100816771579157e-03,6.615590139697762329e-01,0.000000000000000000e+00,1.010095742334957483e-02
2.662709845669150133e-04,7.345547441615801754e-02,1.486439174639402104e-03,1.037502022779092925e-01,1.300305949865502957e-03,1.341376876264979978e-01,0.000000000000000000e+00,9.046850865401677780e-03,5.096516483070091461e-03,6.615922474838086265e-01,7.251851032773988433e-06,1.007130201460955041e-02
2.579200289158175728e-04,7.345502249050715748e-02,1.426405919922684416e-03,1.037664523450334553e-01,1.315291190373216656e-03,1.341603003879919265e-01,0.000000000000000000e+00,9.109724304526705535e-03,5.073028833212255527e-03,6.616155063378024170e-01,1.402311569819523900e-05,1.004489937081835468e-02
2.597509337698682293e-04,7.344142609031256708e-02,1.458198920427763697e-03,1.037357729550600349e-01,1.320184455702920565e-03,1.342697228126549513e-01,0.000000000000000000e+00,9.154482667196435497e-03,5.059956009137023605e-03,6.615379577318993842e-01,7.801843649701714110e-06,1.001566455505420797e-02
2.657627593797781424e-04,7.344316134276263064e-02,1.365089140245208344e-03,1.037409573516210881e-01,1.324822933579098815e-03,1.342874663908298905e-01,0.000000000000000000e+00,9.223775665753594644e-03,5.070951015678102670e-03,6.615057733920883809e-01,1.099672215736977256e-06,1.001604189486453300e-02
2.484485107601349415e-04,7.342398224688509445e-02,1.341294847212644260e-03,1.037992875324258990e-01,1.306736700862434894e-03,1.342518346804209006e-01,0.000000000000000000e+00,9.270086898271457515e-03,5.062767016192851882e-03,6.615209350839158509e-01,5.876254794147247453e-06,1.000423753828726635e-02
2.208865575191832167e-04,7.341244694880252886e-02,1.372724945975931782e-03,1.038076872409602613e-01,1.308947937533843720e-03,1.342547221316752748e-01,0.000000000000000000e+00,9.341090870105126648e-03,5.044804712071128579e-03,6.615626905240248323e-01,3.050453989784950640e-06,9.993734746280430459e-03
1.940749917819869390e-04,7.340149419326964797e-02,1.352530484270287941e-03,1.037812952211128598e-01,1.322028570668953547e-03,1.343736660826519158e-01,0.000000000000000000e+00,9.399009938769612230e-03,5.013820013663627083e-03,6.614800540757144187e-01,1.420176175065389130e-05,9.982178797603524431e-03
1.942921192103047839e-04,7.339426511761221184e-02,1.316538526123156453e-03,1.038102952167965914e-01,1.332415432667896724e-03,1.344882668153176419e-01,0.000000000000000000e+00,9.472873766147624219e-03,5.006906529444688815e-03,6.613780257118291317e-01,0.000000000000000000e+00,9.986479132662453434e-03
1.909452376313591250e-04,7.336677569678054511e-02,1.257308009367132020e-03,1.038688268318696123e-01,1.316787315960643101e-03,1.344831298468265879e-01,0.000000000000000000e+00,9.571079489987541558e-03,4.991305776010165549e-03,6.613519205331626072e-01,0.000000000000000000e+00,9.972658331558692524e-03
1.865396237557496312e-04,7.334822174420993490e-02,1.192664930846650158e-03,1.039038159449388182e-01,1.305097075512424943e-03,1.345344866069907996e-01,0.000000000000000000e+00,9.662333153291296703e-03,4.977610624911752053e-03,6.612900765115645729e-01,5.707865674064536937e-06,9.963028334045290202e-03
1.773970350359564587e-04,7.334315379255944289e-02,1.166656734576788576e-03,1.039130529000406589e-01,1.298583341562488218e-03,1.346192561540879851e-01,0.000000000000000000e+00,9.747782424032199952e-03,4.955206420876764190e-03,6.612397866216480624e-01,0.000000000000000000e+00,9.973087408121637451e-03
1.466906463131121803e-04,7.331600494174285443e-02,1.126345755896448900e-03,1.039618771843989903e-01,1.315500073044425806e-03,1.347131360102816200e-01,0.000000000000000000e+00,9.796036125402619865e-03,4.915794049091985925e-03,6.611757686683549240e-01,0.000000000000000000e+00,9.974651517249801327e-03
1.322176199116059192e-04,7.328593433853876349e-02,1.074985248381504473e-03,1.040533133727845200e-01,1.316558186638124017e-03,1.347611726842150304e-01,0.000000000000000000e+00,9.863997399320038190e-03,4.895839543454382978e-03,6.611193045325804984e-01,0.000000000000000000e+00,9.982687609732804682e-03
1.432189681225076402e-04,7.326304800176632048e-02,1.013744266958693449e-03,1.041375713387190094e-01,1.292227561572353465e-03,1.348016552483277397e-01,0.000000000000000000e+00,9.968728273929116854e-03,4.891342330728752456e-03,6.610393312481410710e-01,0.000000000000000000e+00,9.993015300429263989e-03
1.513519125316180401e-04,7.326185410830932110e-02,9.531359375172590576e-04,1.042103195893094580e-01,1.093105773162321090e-03,1.349151166812395108e-01,0.000000000000000000e+00,1.006424118067522112e-02,4.890226473233267798e-03,6.609314287838586877e-01,6.823466136792212082e-06,1.000266001246441321e-02
1.424377918905818407e-04,7.326287435924482006e-02,9.002019886070181847e-04,1.042557831658472434e-01,8.405349202987931045e-04,1.350176115457738801e-01,0.000000000000000000e+00,1.014516677311501532e-02,4.882803688921087508e-03,6.608528053991837847e-01,1.262520922618474811e-05,1.000713042407273996e-02
1.206984558812454619e-04,7.324557160263928113e-02,8.527082181172252178e-04,1.043059462267616061e-01,6.046402633260297482e-04,1.350946357259424080e-01,0.000000000000000000e+00,1.021958301937714829e-02,4.882480058159903782e-03,6.607895448679153017e-01,1.437366579270578737e-05,1.003478689296717283e-02
1.017624946509209781e-04,7.321728705866915876e-02,7.986610384788263425e-04,1.043674365101393831e-01,4.482491778393534972e-04,1.351338271857359385e-01,0.000000000000000000e+00,1.027963733784564501e-02,4.874135453771241862e-03,6.607488874228260034e-01,1.732161152516497457e-05,1.005590663124829136e-02
1.157769334537393644e-04,7.320224230204566696e-02,7.367939568049454045e-04,1.044387791009224742e-01,2.677637826068569415e-04,1.351713199381723574e-01,0.000000000000000000e+00,1.034332956125143949e-02,4.855257404908628303e-03,6.606971819645295341e-01,1.506419879283472765e-05,1.004607420254797698e-02
1.300840715760228424e-04,7.319548188850777404e-02,6.708488111814352129e-04,1.045305838720730907e-01,1.083619748905224233e-04,1.352396286275771020e-01,0.000000000000000000e+00,1.039504268109210650e-02,4.836656458785582383e-03,6.605828876287183071e-01,1.443089139931997941e-05,1.005223990460028111e-02
1.341679179566221511e-04,7.318002594135020189e-02,5.984940955419626668e-04,1.046092218911873067e-01,5.821956833269164116e-06,1.352948871154283361e-01,0.000000000000000000e+00,1.043303588336823122e-02,4.821143883566292136e-03,6.604800562851093071e-01,8.323247512357675513e-06,1.005432828586591727e-02
1.000132143130849307e-04,7.316614992508618798e-02,5.413496503798015521e-04,1.046293627184224223e-01,0.000000000000000000e+00,1.353080900066076508e-01,0.000000000000000000e+00,1.050068642841445014e-02,4.812512162633636285e-03,6.604248754149412148e-01,5.334296493573192057e-06,1.005750595901953176e-02
6.845266942622190830e-05,7.318204890066901114e-02,5.035762259388249862e-04,1.045847316482328843e-01,0.000000000000000000e+00,1.353066253377742389e-01,0.000000000000000000e+00,1.058070580628486454e-02,4.805945132191089507e-03,6.604022777698367319e-01,2.184074887021777152e-07,1.008835742241921858e-02
8.330820152221717664e-05,7.320019698318830370e-02,4.560053090134420545e-04,1.045644010656729267e-01,0.000000000000000000e+00,1.353394567555068762e-01,0.000000000000000000e+00,1.061166309028412948e-02,4.787311261495829154e-03,6.603463605185232455e-01,0.000000000000000000e+00,1.008662381693612928e-02
9.150514018179440755e-05,7.320463784504076254e-02,4.110305651584098712e-04,1.046341246723616197e-01,0.000000000000000000e+00,1.353934552183140017e-01,0.000000000000000000e+00,1.060533734410964643e-02,4.791709529095131322e-03,6.602585840572418041e-01,0.000000000000000000e+00,1.007827163876016778e-02
1.135126336019195406e-04,7.318623891737231768e-02,3.655955709592635639e-04,1.046825013592019848e-01,0.000000000000000000e+00,1.353861328736981617e-01,0.000000000000000000e+00,1.064890483386487195e-02,4.814368113243502542e-03,6.602013329878418935e-01,2.134600059837951237e-06,1.005909375273715371e-02
1.135980640983522692e-04,7.318599258134078633e-02,3.484585835953047349e-04,1.046621640718917307e-01,0.000000000000000000e+00,1.353563584020902044e-01,0.000000000000000000e+00,1.074762415536404357e-02,4.824157242118170923e-03,6.601812676144925840e-01,3.288554626855770617e-06,1.009140549829735077e-02
1.046329058027234605e-04,7.325907796500392977e-02,3.352040057437718568e-04,1.046472417971482105e-01,0.000000000000000000e+00,1.353401208931288291e-01,0.000000000000000000e+00,1.074799201579709762e-02,4.799228540156865418e-03,6.601999088817760430e-01,2.637092910391643927e-06,1.013585166219332402e-02
1.198661866365318253e-04,7.332047792145061915e-02,3.215792993704851672e-04,1.046282262350953229e-01,0.000000000000000000e+00,1.353345995673335411e-01,0.000000000000000000e+00,1.076444970122495369e-02,4.768380804084015531e-03,6.601956894517108099e-01,2.626164212419087397e-05,1.008976575684162637e-02
1.564794951171986003e-04,7.330837847979862487e-02,3.287918183106695413e-04,1.045997902740144203e-01,0.000000000000000000e+00,1.353521701420124235e-01,0.000000000000000000e+00,1.083516725266926543e-02,4.802335642464720770e-03,6.601254879616980098e-01,2.672530553741831212e-05,1.011279748291226722e-02
1.971702112895112348e-04,7.327512806338237761e-02,3.140534836777167035e-04,1.046025852610693585e-01,6.066173605087600899e-07,1.353253074333313766e-01,4.361428963414299487e-06,1.080278055533842249e-02,4.862759913918250458e-03,6.600528163673137216e-01,2.713634249560433197e-05,1.013483094033890662e-02
1.882171530783731828e-04,7.331348828476193236e-02,3.137820588533484357e-04,1.047003433028237812e-01,0.000000000000000000e+00,1.352888672772804834e-01,0.000000000000000000e+00,1.083489093886403840e-02,4.879544358345333857e-03,6.600999961397477911e-01,3.528285394332449163e-05,1.008131722183519714e-02
1.657622904162046917e-04,7.336045165707962001e-02,3.124500563255901663e-04,1.046245826361675568e-01,0.000000000000000000e+00,1.352656493262915927e-01,0.000000000000000000e+00,1.090858031951924198e-02,4.852891980064884953e-03,6.601022956109627859e-01,4.038811632662543617e-05,1.011463853772824779e-02
2.036528934954168354e-04,7.343235204281879647e-02,3.464495694121592722e-04,1.044843480005452629e-01,0.000000000000000000e+00,1.352859766103058914e-01,0.000000000000000000e+00,1.092831380487868306e-02,4.868077617649413553e-03,6.600411496309361858e-01,7.357343395755399555e-05,1.008292824066076704e-02
2.410417426093114173e-04,7.342666280955838232e-02,3.586032233903598486e-04,1.045096135515701102e-01,0.000000000000000000e+00,1.352406961989375545e-01,0.000000000000000000e+00,1.090037317305032893e-02,4.853057525750206422e-03,6.600441895610490439e-01,8.425735847987604946e-05,9.870491025699347498e-03
2.814142445933099745e-04,7.336193710314045657e-02,3.365860106980516492e-04,1.032129228328199366e-01,0.000000000000000000e+00,1.351558392687580157e-01,0.000000000000000000e+00,1.589756035846912399e-02,4.889775330050001069e-03,6.599485134285802967e-01,6.296530829127616551e-05,6.737572054125557167e-03
2.593876503144205612e-04,7.171997854540312911e-02,3.308143711308782751e-04,9.877944545902897500e-02,0.000000000000000000e+00,1.351123073026477550e-01,0.000000000000000000e+00,2.679327384421630390e-02,4.959421294535048576e-03,6.571580298550848687e-01,6.117822367367372878e-05,4.722362987414783532e-03
2.761553202615878535e-04,6.814757665238996287e-02,3.643455352495427900e-04,9.234733655569644928e-02,1.151627329315057765e-05,1.350787394926071527e-01,0.000000000000000000e+00,4.118018382475190781e-02,4.894343388463817321e-03,6.529013351013727151e-01,6.854214550906460445e-05,4.650712361554918371e-03
2.673810058501886809e-04,6.403990483813989942e-02,4.111041650777631719e-04,8.488463770242657414e-02,0.000000000000000000e+00,1.350344536347145852e-01,0.000000000000000000e+00,5.715048042723081673e-02,4.825172812397713305e-03,6.486209480401123884e-01,8.431483434988878609e-05,4.674521076222676666e-03
2.235802816905448022e-04,6.008401369302419220e-02,4.011069565138221729e-04,7.769755340247552766e-02,0.000000000000000000e+00,1.350182898739565873e-01,0.000000000000000000e+00,7.212033493649687432e-02,4.890928461134207324e-03,6.448407042823942614e-01,6.395919288439492741e-05,4.655235112038491954e-03
2.731252546162823611e-04,5.658681677233642210e-02,4.083503980115148918e-04,7.219390322982735531e-02,0.000000000000000000e+00,1.349963565459060821e-01,0.000000000000000000e+00,8.375316201091720369e-02,4.692599287564367706e-03,6.425104714671207029e-01,8.999488471360687827e-05,4.634368215823687735e-03
2.706385193641474120e-04,5.559024475113266001e-02,3.849410262917879466e-04,6.993584234253870380e-02,0.000000000000000000e+00,1.349996005884345207e-01,0.000000000000000000e+00,9.015135500896462317e-02,1.977909453727630038e-03,6.423133375855829552e-01,5.434868027921643764e-05,4.601654292814045741e-03
2.819171574304371402e-04,5.560808571541168283e-02,4.119712059320757708e-04,6.992394638921470285e-02,0.000000000000000000e+00,1.344252175220166379e-01,0.000000000000000000e+00,9.268037260931576149e-02,2.570878390706272964e-04,6.423100724119126248e-01,2.405337277963813980e-05,4.569299888741135997e-03
2.936685979798171059e-04,5.557045657696449426e-02,4.743373555091620077e-04,6.967438898152251980e-02,0.000000000000000000e+00,1.322307859244010175e-01,0.000000000000000000e+00,9.492574678746459882e-02,2.524916108200285416e-04,6.423172924873346012e-01,7.273735558098340468e-05,4.566830862960328218e-03
2.595209198462862803e-04,5.565837826308278613e-02,4.517737269383330823e-04,6.961710440424175028e-02,0.000000000000000000e+00,1.291752395682167209e-01,0.000000000000000000e+00,9.820142093294471908e-02,2.142930025662441494e-04,6.423994498683502918e-01,5.789609297174101954e-05,4.518040119040251691e-03
2.438934940581997241e-04,5.568030502551116895e-02,4.434367603185297756e-04,6.966588735573930879e-02,0.000000000000000000e+00,1.240901593405819986e-01,0.000000000000000000e+00,1.034211540155984682e-01,2.061279047445841697e-04,6.423841671103288631e-01,1.036879000514648482e-05,4.454404379079935326e-03
2.609832574362094533e-04,5.567649599200728133e-02,4.887516372176465380e-04,6.959782016639685931e-02,0.000000000000000000e+00,1.178623253387826725e-01,0.000000000000000000e+00,1.096637983508142039e-01,1.669879682223489542e-04,6.423716787898510194e-01,4.270715528657785667e-05,4.423483734891612597e-03
2.847636693436451233e-04,5.572365059988394070e-02,5.260601773959891351e-04,6.941847558622203651e-02,0.000000000000000000e+00,1.110291095474073425e-01,0.000000000000000000e+00,1.165459899611643313e-01,1.992342528043761305e-04,6.424028916998671956e-01,2.886604393850748644e-06,4.382462187414246611e-03
2.313241710468236874e-04,5.577785653574624664e-02,5.107018564505416865e-04,6.936497402047568650e-02,0.000000000000000000e+00,1.041549476105926991e-01,0.000000000000000000e+00,1.235017621228986229e-01,1.652031186496443057e-04,6.424103202488058439e-01,2.168755195297918944e-06,4.329776237163580899e-03
1.792103998257675872e-04,5.584810383087488589e-02,4.789273420401229811e-04,6.936502129510697945e-02,0.000000000000000000e+00,9.753764764049084601e-02,0.000000000000000000e+00,1.301220041530559701e-01,9.203810286957893251e-05,6.424335856884954010e-01,3.159343359217406069e-05,4.293546098810703190e-03
2.001050417433962382e-04,5.593851042127833545e-02,4.933904956622423878e-04,6.917365225074327550e-02,0.000000000000000000e+00,9.138755359091027541e-02,0.000000000000000000e+00,1.362629722814562849e-01,5.990687741834503025e-05,6.425039467932118775e-01,7.739483661597610644e-06,4.261812422467759799e-03
2.006350330484344107e-04,5.599098650449132325e-02,5.128036570297691762e-04,6.905272415745214443e-02,0.000000000000000000e+00,8.616048988027219524e-02,0.000000000000000000e+00,1.415267910469288071e-01,6.264728799912648496e-05,6.425357148527057749e-01,0.000000000000000000e+00,4.202041286898142505e-03
2.049474017119430353e-04,5.600074530938689565e-02,5.104154054915651956e-04,6.901484352580637693e-02,0.000000000000000000e+00,8.289930629204442236e-02,0.000000000000000000e+00,1.448568377429925447e-01,6.663643227868833955e-05,6.425112905673346919e-01,0.000000000000000000e+00,4.117627075004120542e-03
1.562570954436271278e-04,5.603781868846413605e-02,4.892647729603146747e-04,6.895270483776691495e-02,0.000000000000000000e+00,8.188416758580861765e-02,1.999611387560131748e-05,1.456677874431851760e-01,8.593599935932466020e-06,6.425125724462400489e-01,0.000000000000000000e+00,4.037631473982812927e-03
1.672025317394082585e-04,5.615836892837236527e-02,5.398032521513750244e-04,6.888043766438502191e-02,0.000000000000000000e+00,8.030199214609397285e-02,1.590062538000799885e-03,1.455152597614726429e-01,0.000000000000000000e+00,6.426125413059329272e-01,0.000000000000000000e+00,4.069755843087412804e-03
1.703941051775097768e-04,5.622435254454004327e-02,5.696452926907877561e-04,6.873559351830740849e-02,0.000000000000000000e+00,7.730628579457221594e-02,4.555137827612628504e-03,1.454691434573032738e-01,1.060845290342894012e-06,6.426892360405982441e-01,0.000000000000000000e+00,4.064239235378463988e-03
1.612505226477849033e-04,5.625698127768009177e-02,5.725854399145695285e-04,6.868918611859740897e-02,0.000000000000000000e+00,7.538616369791122096e-02,6.346261354856256101e-03,1.455812955542606646e-01,0.000000000000000000e+00,6.427253091400985108e-01,0.000000000000000000e+00,3.998775153201890829e-03
1.589102330949822891e-04,5.628934029836051012e-02,5.675357201871877519e-04,6.870453413370432305e-02,0.000000000000000000e+00,7.531369051868980202e-02,6.344706433405762971e-03,1.456730033210745789e-01,0.000000000000000000e+00,6.427352925152258756e-01,0.000000000000000000e+00,3.936155833534472556e-03
1.897351954969283096e-04,5.635079136907317904e-02,5.948831731757618603e-04,6.870823564985094334e-02,0.000000000000000000e+00,7.526836650492693681e-02,6.266839284969730715e-03,1.456860391495066742e-01,0.000000000000000000e+00,6.427937364730572645e-01,0.000000000000000000e+00,3.937616777214422714e-03
1.831880185900124590e-04,5.638599584089563216e-02,6.114309520719165766e-04,6.868116513294778014e-02,0.000000000000000000e+00,7.526678952284200641e-02,6.269505442580139941e-03,1.456136141068545831e-01,0.000000000000000000e+00,6.428521437410928963e-01,1.153858362692283652e-06,3.942339946019360504e-03
1.776642890272217101e-04,5.642076555748296030e-02,6.183517008351285945e-04,6.866984675356281598e-02,0.000000000000000000e+00,7.524841604463053391e-02,6.305064843119580209e-03,1.455880162752496432e-01,0.000000000000000000e+00,6.429112240132859313e-01,3.235243403636367767e-06,3.923459515586716351e-03
1.780896305817549798e-04,5.646299354721458219e-02,6.209761912949937060e-04,6.866349162470151979e-02,0.000000000000000000e+00,7.520616913345486154e-02,6.282063203974373906e-03,1.456639412845942005e-01,0.000000000000000000e+00,6.429606926125778221e-01,1.226919431060274790e-05,3.874832760800403508e-03
1.796794609954487359e-04,5.650230564430600011e-02,6.440384462613045913e-04,6.865685685472713851e-02,0.000000000000000000e+00,7.515983470517625942e-02,6.246901003918526978e-03,1.457184039749805926e-01,0.000000000000000000e+00,6.429926984894386299e-01,9.456494118146347870e-06,3.829806719974118354e-03
1.845167645487612079e-04,5.653092798954764686e-02,6.787543744736189433e-04,6.868112824769335989e-02,0.000000000000000000e+00,7.512400711659228403e-02,6.214472026964210777e-03,1.456898317152721389e-01,0.000000000000000000e+00,6.430231623423995346e-01,1.049203747293336685e-05,3.827331819532488535e-03
1.798492763687065035e-04,5.655768673158002163e-02,6.924974078345350580e-04,6.873343917507922229e-02,0.000000000000000000e+00,7.508376883595727080e-02,6.184099732070516380e-03,1.456656290446354529e-01,0.000000000000000000e+00,6.430703568298641315e-01,1.384323288116249737e-05,3.839770767488985288e-03
1.709325152536056197e-04,5.659816218442087488e-02,6.780342552670638821e-04,6.878072722202872857e-02,0.000000000000000000e+00,7.501502517537440851e-02,6.170942505933091869e-03,1.456615448663152179e-01,1.275824124128991024e-06,6.431383045620422401e-01,1.305984121614057560e-05,3.801375140676687379e-03
1.624029564863914952e-04,5.665411316249974183e-02,6.705340977459665680e-04,6.881499474339827782e-02,0.000000000000000000e+00,7.494978158972563642e-02,6.158441626153626954e-03,1.456839505842198734e-01,0.000000000000000000e+00,6.432020295494750295e-01,2.308166028964263528e-05,3.752241399066209675e-03
1.549338359751318401e-04,5.668787517233424278e-02,6.801982558476414890e-04,6.882850399462628332e-02,0.000000000000000000e+00,7.490440519284029264e-02,6.125858462744711991e-03,1.456857547560357347e-01,3.087160464267519269e-06,6.432195858749386597e-01,2.530655099675059718e-05,3.730972225646355268e-03
1.557566382019957580e-04,5.671518020869999871e-02,7.008708619395953576e-04,6.887925480437841197e-02,0.000000000000000000e+00,7.488610257945700621e-02,6.100768930753256054e-03,1.456500785716999258e-01,0.000000000000000000e+00,6.432263206953694468e-01,2.949664344378710276e-05,3.731092584265593461e-03
1.561539227844477523e-04,5.674209507832440186e-02,6.994634504029319591e-04,6.895333428206389115e-02,0.000000000000000000e+00,7.485473448008209130e-02,6.071304684957722943e-03,1.456279209169182021e-01,1.858798437678091422e-06,6.432384145400862341e-01,2.274106027813092414e-05,3.703215901156397920e-03
1.416253036028855756e-04,5.678217270478373713e-02,6.974013817877938162e-04,6.899865921120484913e-02,0.000000000000000000e+00,7.481069761066228008e-02,6.043477894961199991e-03,1.456441966877061178e-01,9.192984900785129213e-08,6.432742666659554409e-01,2.086424871920803921e-05,3.653207149560741291e-03
1.223357118957441774e-04,5.681806008947669351e-02,6.959620554406706653e-04,6.902317770279654818e-02,0.000000000000000000e+00,7.476675029960053176e-02,6.011052399325826114e-03,1.456219807257419230e-01,0.000000000000000000e+00,6.433099318791801746e-01,3.074818402157844321e-05,3.647681568000076067e-03
1.023199661793434615e-04,5.683918788915085646e-02,6.835056669645964492e-04,6.908945353321920002e-02,0.000000000000000000e+00,7.474274716728104839e-02,6.004831946824633858e-03,1.455578928589302268e-01,7.852248541637459196e-09,6.433203241578031584e-01,2.738463479306781244e-05,3.665488209165517104e-03
8.889126181545714512e-05,5.687065380207037557e-02,6.533927957757504519e-04,6.918323407904448941e-02,0.000000000000000000e+00,7.473403200542266811e-02,6.004586705751708067e-03,1.455113077445127356e-01,3.762881927195107036e-07,6.433311348878982816e-01,2.805866047137939859e-05,3.607219405294425675e-03
7.831917357646368827e-05,5.691339923762735870e-02,6.418121411300450017e-04,6.923060707497168120e-02,0.000000000000000000e+00,7.469312912120035231e-02,5.968454146349310915e-03,1.455604914935669514e-01,1.333430091220633033e-06,6.433536336832076374e-01,1.914805208365412842e-05,3.533383422971539053e-03
6.712507759927275664e-05,5.695885628164298886e-02,6.523187791687663295e-04,6.922656757649903181e-02,0.000000000000000000e+00,7.463064528940584197e-02,5.914043190394896801e-03,1.456040488037775860e-01,0.000000000000000000e+00,6.433847058503207039e-01,8.338630026183149228e-06,3.548186336228108338e-03
3.956770104132633096e-05,5.699466897266956822e-02,6.323360738284001517e-04,6.923334164395938961e-02,0.000000000000000000e+00,7.460572398866090194e-02,5.909334505430832198e-03,1.455588827421805120e-01,1.234645160965590587e-06,6.434095968664910181e-01,1.874370852908526840e-06,3.556800439590183417e-03
1.143096452240842506e-05,5.703483301939395872e-02,6.133602037550073011e-04,6.930396496988422417e-02,0.000000000000000000e+00,7.462544314067327822e-02,5.901439346757702056e-03,1.455490839936986192e-01,0.000000000000000000e+00,6.434366280338890132e-01,0.000000000000000000e+00,3.500225537882224475e-03
0.000000000000000000e+00,5.707021748995589477e-02,5.744984588928048327e-04,6.938008382420045306e-02,0.000000000000000000e+00,7.462171065391411118e-02,5.876137814630943458e-03,1.455834209582798355e-01,1.266491378424021991e-05,6.434572991968368072e-01,0.000000000000000000e+00,3.470358218227533476e-03
0.000000000000000000e+00,5.710994135705377978e-02,5.784020006421454040e-04,6.940622654208118691e-02,0.000000000000000000e+00,7.458496123518569554e-02,5.909809435369523661e-03,1.456144398563980757e-01,2.395398320382108903e-05,6.434865058957720541e-01,4.432268673500186588e-06,3.473408169841932496e-03
1.287843741687755790e-05,5.718763012868915974e-02,6.115019751248584358e-04,6.942751553621014093e-02,0.000000000000000000e+00,7.456011089592105845e-02,5.870203418669294598e-03,1.455653352773438602e-01,6.069201334314113427e-05,6.435608159704726550e-01,3.558086737002557037e-05,3.138033054618800943e-03
2.245940017758004114e-05,5.726878503653061447e-02,3.766387478979057101e-04,6.945858127575359198e-02,8.457731356594994435e-04,7.455604480495518771e-02,5.795325796654816376e-03,1.455375901478436484e-01,7.723070646346661533e-05,6.436458316670590207e-01,3.863872268888196885e-05,2.444854206573053145e-03
2.291589175559690338e-05,5.732994694997133045e-02,3.848471164309192239e-04,6.949835131833970170e-02,2.986361516431996002e-03,7.453520923467851778e-02,5.178624788738287951e-03,1.451146030749808358e-01,7.626961724063621804e-05,6.437145325805352369e-01,8.244508247595645810e-06,1.309012774631137686e-03
2.478601990931723973e-05,5.739239148994333684e-02,3.514172545662011538e-04,6.954168070433146276e-02,5.610297257108672227e-03,7.448626856699348819e-02,4.399998988852875902e-03,1.441514052386215494e-01,1.118626057855102903e-04,6.437804235556904286e-01,3.155871876968378484e-05,2.982245325861377174e-04
1.752243373617336025e-05,5.746084459185567955e-02,3.347289861977952052e-04,6.956427925311679805e-02,6.927678717617524913e-03,7.444076204573721323e-02,4.358711439508521947e-03,1.431196355727052671e-01,1.175612080896751516e-04,6.438456302255631813e-01,3.701132570471767416e-05,3.394046149138022789e-06
4.271904291650859231e-05,5.754438942867422940e-02,3.102328112173496086e-04,6.958416161046276915e-02,6.980602499579041144e-03,7.441282492360611067e-02,4.357381456758605345e-03,1.425459508999685765e-01,1.468184511136639235e-04,6.439269588865547123e-01,6.272874112612012278e-05,1.851556890261327247e-05
3.946254013514090134e-05,5.761948451535304355e-02,2.990084454488813612e-04,6.960010805750962981e-02,6.970477609845273335e-03,7.435039475629605377e-02,4.344054927971304804e-03,1.425755833970843434e-01,1.612686086034201575e-04,6.440089368000265768e-01,4.892275351182560455e-05,1.654637432172957829e-05
3.736100445912651243e-05,5.767979055489444451e-02,2.949311818038393026e-04,6.960924002384591414e-02,7.003093304036726516e-03,7.428549633591323420e-02,4.334126184019321260e-03,1.425576616932725527e-01,1.736126616559622964e-04,6.440840173080836228e-01,3.171175252129262301e-05,1.537137439484413608e-05
2.870831899899295528e-05,5.773499411838781126e-02,2.972519475464011551e-04,6.961727471875890638e-02,7.009117029482039678e-03,7.424367534160676574e-02,4.351860028456099386e-03,1.424752850919794311e-01,1.782796907680824557e-04,6.441543280935220217e-01,3.553609362536018404e-05,2.680386552220201588e-06
1.616394567605207181e-05,5.779876777739959004e-02,2.831893896308763795e-04,6.964062184634933761e-02,6.908029919070976868e-03,7.419288510291051353e-02,4.355469004334679151e-03,1.424174201041115695e-01,1.718968043823038431e-04,6.442280049431250433e-01,3.380096279847117263e-05,1.037787422729949220e-05
1.761471817575347356e-05,5.787184077665323556e-02,1.424906560819228115e-04,6.967406482671335832e-02,6.908733270844668109e-03,7.414081433047914338e-02,4.324007132337262180e-03,1.423868987740793957e-01,2.051942061817459259e-04,6.443059626226098624e-01,3.350353677482788842e-05,4.469772461371267579e-07
4.562221623127351725e-06,5.794736624429606964e-02,1.057403684199912790e-04,6.969892257699895899e-02,6.896923543548598608e-03,7.404400691128018575e-02,4.311663536834987355e-03,1.423495959181811377e-01,2.107156776867502134e-04,6.443835889133119332e-01,1.251578542412420822e-05,0.000000000000000000e+00
2.558602661235620603e-06,5.801484816215337487e-02,1.369522324552990952e-04,6.970361288102805419e-02,6.779612580869793202e-03,7.396250375533497401e-02,4.296694901214943157e-03,1.423135636698392437e-01,2.065787667909541503e-04,6.444500932066191679e-01,3.436690314503163272e-06,8.459572822732853071e-07
0.000000000000000000e+00,5.807418301511672182e-02,1.298705877764047795e-04,6.969941304477528243e-02,6.779802610127561892e-03,7.394938966896838495e-02,4.267825225674443806e-03,1.422438471055874620e-01,1.982988730740454781e-04,6.445036619771633557e-01,0.000000000000000000e+00,0.000000000000000000e+00
0.000000000000000000e+00,5.815296147360596302e-02,1.115391966263969073e-05,6.971498895848270150e-02,6.813164538162972544e-03,7.395674246591261991e-02,4.288696473487055814e-03,1.421398031149822827e-01,2.127212890182012971e-04,6.445714760803924470e-01,0.000000000000000000e+00,0.000000000000000000e+00
0.000000000000000000e+00,5.826070652671155869e-02,0.000000000000000000e+00,6.974633050857781402e-02,6.710813245785605778e-03,7.391190614898088262e-02,4.310213765363526267e-03,1.420535892410741685e-01,2.678803267063235784e-04,6.446635955160606724e-01,0.000000000000000000e+00,0.000000000000000000e+00
0.000000000000000000e+00,5.838567124351110027e-02,0.000000000000000000e+00,6.976854773989063507e-02,6.646700289083017250e-03,7.380950265816166311e-02,4.303029938993284051e-03,1.420475737650518100e-01,2.908807010449801847e-04,6.447682565042607283e-01,0.000000000000000000e+00,0.000000000000000000e+00
0.000000000000000000e+00,5.851270175064310353e-02,0.000000000000000000e+00,6.976847917454809256e-02,6.688614183152915421e-03,7.380629052046591698e-02,4.278821822712555560e-03,1.420571535261638263e-01,3.312770726111795945e-04,6.448684213721544989e-01,0.000000000000000000e+00,0.000000000000000000e+00
0.000000000000000000e+00,5.864047517448960772e-02,0.000000000000000000e+00,6.976047173825344894e-02,6.735224368583947810e-03,7.387716446215460142e-02,4.296188770908788458e-03,1.420300368946372793e-01,3.588845125230666453e-04,6.449600533092446630e-01,0.000000000000000000e+00,0.000000000000000000e+00
0.000000000000000000e+00,5.878171690794369714e-02,0.000000000000000000e+00,6.976722832066332980e-02,6.460352717796316244e-03,7.382810037388283508e-02,4.362759858747351782e-03,1.419963967239307456e-01,4.142629515201250471e-04,6.450562988661117103e-01,0.000000000000000000e+00,0.000000000000000000e+00
5.271848950790275788e-05,5.894422034862997761e-02,0.000000000000000000e+00,6.978682075393810580e-02,6.047082903272574424e-03,7.379649530761422938e-02,4.398204054403319699e-03,1.419845775772339558e-01,4.990460459521589131e-04,6.451687216823218662e-01,5.010719149233154343e-06,0.000000000000000000e+00
8.015809718698449428e-05,5.910793550189546303e-02,3.209936933515658413e-06,6.978039949898458272e-02,4.865405926565972983e-03,7.432623427273182815e-02,4.422036767209423444e-03,1.420222033602942802e-01,5.582422853539701886e-04,6.452792026313001195e-01,3.077113228654918953e-06,2.059421272066788938e-05
1.346555808821752506e-04,5.924099521935458079e-02,1.738650019098234175e-05,6.971202903874937351e-02,3.383003397963551314e-03,7.557060330663563363e-02,4.421476875961067275e-03,1.420381926211489731e-01,5.853201823535974591e-04,6.453515713111209751e-01,1.207718733272225606e-05,4.014184058187157201e-05
1.731862889054827399e-04,5.939767735969891937e-02,0.000000000000000000e+00,6.964832414260412052e-02,2.666814592531402840e-03,7.575284061621001541e-02,4.429295734463199220e-03,1.420799402162151448e-01,6.336466372783507205e-04,6.454270470577914143e-01,0.000000000000000000e+00,3.000543315384364586e-05
2.186856543410593747e-04,5.956259604354613435e-02,6.517536123984994840e-06,6.958551771772079897e-02,2.276629819679857909e-03,7.572654846034666820e-02,4.444635361786426070e-03,1.421713863930689214e-01,7.154904991559217237e-04,6.454772218319088095e-01,3.569836387860962645e-05,4.853660888534021625e-05
2.726480236405063370e-04,5.973697186942226317e-02,3.164593464364049677e-05,6.952475012495296092e-02,1.699603605366627537e-03,7.576417469860223519e-02,4.504107239028770117e-03,1.421585343115142896e-01,7.859357945726359613e-04,6.455278986343276904e-01,4.520625437580502064e-05,8.449757029142781139e-05
3.183795091480395747e-04,5.990321886185433903e-02,6.063046676320447016e-05,6.944207496737866969e-02,1.113622191457201097e-03,7.585358380543663626e-02,4.513249128653562189e-03,1.421486547972744541e-01,8.346901366087527583e-04,6.456041943868865429e-01,5.514585342361808516e-05,1.157735034214752736e-04
3.441166680201437553e-04,6.006467023542282763e-02,7.800886677378138700e-05,6.934046002034859046e-02,2.028302444183173263e-04,7.588958209063380311e-02,4.964695817333223543e-03,1.421932259326560144e-01,8.809523658566477703e-04,6.456474781739333091e-01,7.858092315296575584e-05,1.424885123634012400e-04
3.684346411086851861e-04,6.022192800588990758e-02,6.650321537411937379e-05,6.922909378719235840e-02,5.213838523562846659e-06,7.582829445250897915e-02,6.149750422223630025e-03,1.414277902370372764e-01,9.271684642669265767e-04,6.456337078351385150e-01,8.111160281780668856e-05,1.296194141094422737e-04
3.808872594494227756e-04,6.036147001948145852e-02,3.771262806408031115e-05,6.910293141482584667e-02,2.074282114279063716e-05,7.580668653808288193e-02,8.408825929130768831e-03,1.391475263790228623e-01,9.807331792725322746e-04,6.456383493125207318e-01,6.980550379991279841e-05,1.085857952510380135e-04
3.678884285891846758e-04,6.046013087592849722e-02,3.466434711611104740e-05,6.893913330520215488e-02,4.973037999326007012e-05,7.585666468519983163e-02,1.070879089721515388e-02,1.366360098468336060e-01,9.857869546164687701e-04,6.459031403990187492e-01,2.619082630710686661e-05,8.577431772953300051e-05
3.494217332589940922e-04,6.054893771946576880e-02,3.759087588970751523e-05,6.876298439303626941e-02,4.419183127010130118e-05,7.592819814557670577e-02,1.250286183267526607e-02,1.344718808429275769e-01,9.738307237477246935e-04,6.463620805385381640e-01,2.415339342902541231e-05,7.538569378538897232e-05
3.426681818564651281e-04,6.067685874903490373e-02,2.166832516575431465e-07,6.861830032875171348e-02,5.439015239954369477e-05,7.591112449982051480e-02,1.282669554581801485e-02,1.335232629676428029e-01,1.000670386152886521e-03,6.467970108692092657e-01,2.939362132491281940e-05,6.856205853743039462e-05
3.419575381772173013e-04,6.081935692534828214e-02,0.000000000000000000e+00,6.848179825279940292e-02,6.119873885693344578e-05,7.581449034767702433e-02,1.283934205050313651e-02,1.335713268037286294e-01,1.033137070083264874e-03,6.468608881136413968e-01,0.000000000000000000e+00,2.493335136601851527e-05
3.354049077926667512e-04,6.094557276367579268e-02,2.146947653812744313e-06,6.833019982310660489e-02,9.947696091813998799e-05,7.580040238643151462e-02,1.287757532453602007e-02,1.335067901424410730e-01,1.055721514814631596e-03,6.468403420095943934e-01,0.000000000000000000e+00,2.029247582268683600e-05
3.350706013103388445e-04,6.105845912533752751e-02,0.000000000000000000e+00,6.817331327487181902e-02,1.204396316545699070e-04,7.583943123145656107e-02,1.293900155301513401e-02,1.334522155059165160e-01,1.064321862706383562e-03,6.468607201322404965e-01,0.000000000000000000e+00,2.846672059586351957e-06
3.162138529967077486e-04,6.116229250688719893e-02,0.000000000000000000e+00,6.801778328728898260e-02,1.664551751485236460e-04,7.585908563042399744e-02,1.286563262717282420e-02,1.334377395942672739e-01,1.065473639723344551e-03,6.469266910057496212e-01,2.227517073593831930e-07,3.144895794882552367e-06
3.209337645594169419e-04,6.130040576297946658e-02,0.000000000000000000e+00,6.790732147328226720e-02,1.966352547564943461e-04,7.584524029744896256e-02,1.288146776079427021e-02,1.333543259769386091e-01,1.107330131803551483e-03,6.469898118625643235e-01,0.000000000000000000e+00,0.000000000000000000e+00
3.161219012436613965e-04,6.141288354134379068e-02,9.575822081275155078e-07,6.778215214489656526e-02,1.929608940430776575e-04,7.577377383600569782e-02,1.291272629064929740e-02,1.332459991544840960e-01,1.132767647714826454e-03,6.470299831020985826e-01,0.000000000000000000e+00,0.000000000000000000e+00
3.097166690989038604e-04,6.151764076382988666e-02,0.000000000000000000e+00,6.766046335892425545e-02,2.140443258801752609e-04,7.574903269022621732e-02,1.288987886701541997e-02,1.332562348454087719e-01,1.153405219705832445e-03,6.471011677224713932e-01,0.000000000000000000e+00,0.000000000000000000e+00
2.995359283699276158e-04,6.160943054270093255e-02,0.000000000000000000e+00,6.753835358391946375e-02,2.484868573737339316e-04,7.574392605827212632e-02,1.289496718781154606e-02,1.331905134798782586e-01,1.156926905259989978e-03,6.471846065933635206e-01,0.000000000000000000e+00,0.000000000000000000e+00
3.059085770391254387e-04,6.170317294416358123e-02,0.000000000000000000e+00,6.743355980804983940e-02,3.026204470974652510e-04,7.572361866633350869e-02,1.292430330853443048e-02,1.330293811037911444e-01,1.175901290215396232e-03,6.472784784333233121e-01,0.000000000000000000e+00,0.000000000000000000e+00
3.140022842445197603e-04,6.179363936256472567e-02,0.000000000000000000e+00,6.734492676775971631e-02,3.074861852956035035e-04,7.567830830562036204e-02,1.288528443496926926e-02,1.329571125998116055e-01,1.200361562904418873e-03,6.473708532671796911e-01,0.000000000000000000e+00,0.000000000000000000e+00
3.117148719658285254e-04,6.187058864540437991e-02,0.000000000000000000e+00,6.726709357109017517e-02,3.104153720628486041e-04,7.563248911124695328e-02,1.286266628903419418e-02,1.329433373932604745e-01,1.215535805286739861e-03,6.474502345717397800e-01,0.000000000000000000e+00,0.000000000000000000e+00
3.041550674090307406e-04,6.193421821954038509e-02,0.000000000000000000e+00,6.720487655961716877e-02,3.182784153860107081e-04,7.561185200655254346e-02,1.291017175347503217e-02,1.328875521318523545e-01,1.228849344809049759e-03,6.475169230935741149e-01,0.000000000000000000e+00,0.000000000000000000e+00
3.002911190334204921e-04,6.197771982474219871e-02,0.000000000000000000e+00,6.715420239424019222e-02,3.380124567533940067e-04,7.560309349849601845e-02,1.294414351687296454e-02,1.327880692612066760e-01,1.231549224066396265e-03,6.475635321079142859e-01,0.000000000000000000e+00,0.000000000000000000e+00
3.030193117261449176e-04,6.200776745265897810e-02,0.000000000000000000e+00,6.712198073870521975e-02,3.621883681718814324e-04,7.558413678037856354e-02,1.293300080356574872e-02,1.327180097404469239e-01,1.234151574109860951e-03,6.475959604435976846e-01,1.868591021969458990e-06,0.000000000000000000e+00
3.241938158299663723e-04,6.203459937657222062e-02,0.000000000000000000e+00,6.711775888768013731e-02,3.830555593503139891e-04,7.556882198709960474e-02,1.289456397187887030e-02,1.327269731830479638e-01,1.256635424885000100e-03,6.476241516540031107e-01,0.000000000000000000e+00,0.000000000000000000e+00
