0.000000000000000000e+00,3.069290511358503393e-01,0.000000000000000000e+00,2.933003078381993256e-01,0.000000000000000000e+00,0.000000000000000000e+00,0.000000000000000000e+00,0.000000000000000000e+00,0.000000000000000000e+00,4.719300220722065231e-01,0.000000000000000000e+00,0.000000000000000000e+00
0.000000000000000000e+00,3.069320293579615999e-01,0.000000000000000000e+00,2.933032860387724261e-01,0.000000000000000000e+00,0.000000000000000000e+00,0.000000000000000000e+00,0.000000000000000000e+00,0.000000000000000000e+00,4.719328772310886211e-01,0.000000000000000000e+00,0.000000000000000000e+00
0.000000000000000000e+00,3.069292064379892659e-01,0.000000000000000000e+00,2.933004630987353645e-01,0.000000000000000000e+00,0.000000000000000000e+00,0.000000000000000000e+00,0.000000000000000000e+00,0.000000000000000000e+00,4.719301464918724820e-01,0.000000000000000000e+00,0.000000000000000000e+00
0.000000000000000000e+00,3.071019417181788946e-01,0.000000000000000000e+00,2.934341730737121678e-01,0.000000000000000000e+00,0.000000000000000000e+00,0.000000000000000000e+00,0.000000000000000000e+00,0.000000000000000000e+00,4.716202538136270439e-01,0.000000000000000000e+00,0.000000000000000000e+00
0.000000000000000000e+00,3.075293584305328065e-01,0.000000000000000000e+00,2.938460052238556774e-01,0.000000000000000000e+00,0.000000000000000000e+00,0.000000000000000000e+00,0.000000000000000000e+00,0.000000000000000000e+00,4.707814000298017332e-01,0.000000000000000000e+00,0.000000000000000000e+00
0.000000000000000000e+00,3.081156687600395960e-01,0.000000000000000000e+00,2.944398128604384657e-01,0.000000000000000000e+00,0.000000000000000000e+00,0.000000000000000000e+00,0.000000000000000000e+00,0.000000000000000000e+00,4.696012894367012080e-01,0.000000000000000000e+00,0.000000000000000000e+00
0.000000000000000000e+00,3.088471351748501847e-01,0.000000000000000000e+00,2.952003877636757423e-01,0.000000000000000000e+00,0.000000000000000000e+00,0.000000000000000000e+00,0.000000000000000000e+00,0.000000000000000000e+00,4.681092481246714176e-01,0.000000000000000000e+00,0.000000000000000000e+00
0.000000000000000000e+00,3.096953790612644308e-01,0.000000000000000000e+00,2.960956499407058629e-01,0.000000000000000000e+00,0.000000000000000000e+00,0.000000000000000000e+00,0.000000000000000000e+00,0.000000000000000000e+00,4.663657420617557392e-01,0.000000000000000000e+00,0.000000000000000000e+00
0.000000000000000000e+00,3.106441053847977529e-01,0.000000000000000000e+00,2.971174962673719944e-01,0.000000000000000000e+00,0.000000000000000000e+00,0.000000000000000000e+00,0.000000000000000000e+00,0.000000000000000000e+00,4.643951694115602269e-01,0.000000000000000000e+00,0.000000000000000000e+00
0.000000000000000000e+00,3.117249703900224489e-01,0.000000000000000000e+00,2.982912690119504107e-01,0.000000000000000000e+00,0.000000000000000000e+00,0.000000000000000000e+00,0.000000000000000000e+00,0.000000000000000000e+00,4.621405316617550607e-01,0.000000000000000000e+00,0.000000000000000000e+00
0.000000000000000000e+00,3.129735696061703432e-01,0.000000000000000000e+00,2.996156255814915181e-01,0.000000000000000000e+00,0.000000000000000000e+00,0.000000000000000000e+00,0.000000000000000000e+00,0.000000000000000000e+00,4.595675758760658369e-01,0.000000000000000000e+00,0.000000000000000000e+00
0.000000000000000000e+00,3.143771726107448261e-01,0.000000000000000000e+00,3.010669944701442891e-01,0.000000000000000000e+00,0.000000000000000000e+00,0.000000000000000000e+00,0.000000000000000000e+00,0.000000000000000000e+00,4.567126039828388051e-01,0.000000000000000000e+00,0.000000000000000000e+00
0.000000000000000000e+00,3.159202720338935011e-01,0.000000000000000000e+00,3.026578411598735419e-01,0.000000000000000000e+00,0.000000000000000000e+00,0.000000000000000000e+00,0.000000000000000000e+00,0.000000000000000000e+00,4.535786578699608218e-01,0.000000000000000000e+00,0.000000000000000000e+00
0.000000000000000000e+00,3.176280523524839250e-01,0.000000000000000000e+00,3.044181721415371022e-01,0.000000000000000000e+00,0.000000000000000000e+00,0.000000000000000000e+00,0.000000000000000000e+00,0.000000000000000000e+00,4.501105465697067265e-01,0.000000000000000000e+00,0.000000000000000000e+00
0.000000000000000000e+00,3.195056152908127833e-01,0.000000000000000000e+00,3.063460525782834010e-01,0.000000000000000000e+00,0.000000000000000000e+00,0.000000000000000000e+00,0.000000000000000000e+00,0.000000000000000000e+00,4.463051031946315139e-01,0.000000000000000000e+00,0.000000000000000000e+00
0.000000000000000000e+00,3.215309870988342644e-01,0.000000000000000000e+00,3.084262768082113859e-01,0.000000000000000000e+00,0.000000000000000000e+00,0.000000000000000000e+00,0.000000000000000000e+00,0.000000000000000000e+00,4.421995071566820479e-01,0.000000000000000000e+00,0.000000000000000000e+00
0.000000000000000000e+00,3.237026165000955746e-01,0.000000000000000000e+00,3.106706588874192376e-01,0.000000000000000000e+00,0.000000000000000000e+00,0.000000000000000000e+00,0.000000000000000000e+00,0.000000000000000000e+00,4.377834956762131080e-01,0.000000000000000000e+00,0.000000000000000000e+00
0.000000000000000000e+00,3.260151608868225859e-01,0.000000000000000000e+00,3.130804803905063438e-01,0.000000000000000000e+00,0.000000000000000000e+00,0.000000000000000000e+00,0.000000000000000000e+00,0.000000000000000000e+00,4.330611297863986020e-01,0.000000000000000000e+00,0.000000000000000000e+00
0.000000000000000000e+00,3.284420379536663881e-01,0.000000000000000000e+00,3.156152941141883161e-01,0.000000000000000000e+00,0.000000000000000000e+00,0.000000000000000000e+00,0.000000000000000000e+00,0.000000000000000000e+00,4.280994389958731605e-01,0.000000000000000000e+00,0.000000000000000000e+00
0.000000000000000000e+00,3.309756286786831314e-01,0.000000000000000000e+00,3.182687298303673029e-01,0.000000000000000000e+00,0.000000000000000000e+00,0.000000000000000000e+00,0.000000000000000000e+00,0.000000000000000000e+00,4.229124125546773194e-01,0.000000000000000000e+00,0.000000000000000000e+00
0.000000000000000000e+00,3.336562592194295407e-01,0.000000000000000000e+00,3.211018784385409330e-01,0.000000000000000000e+00,0.000000000000000000e+00,0.000000000000000000e+00,0.000000000000000000e+00,0.000000000000000000e+00,4.173986334057573355e-01,0.000000000000000000e+00,0.000000000000000000e+00
0.000000000000000000e+00,3.365443126968953869e-01,0.000000000000000000e+00,3.241712971662967790e-01,0.000000000000000000e+00,0.000000000000000000e+00,0.000000000000000000e+00,0.000000000000000000e+00,0.000000000000000000e+00,4.114411612005354768e-01,0.000000000000000000e+00,0.000000000000000000e+00
0.000000000000000000e+00,3.396686645299919483e-01,0.000000000000000000e+00,3.274920486481556203e-01,0.000000000000000000e+00,0.000000000000000000e+00,0.000000000000000000e+00,0.000000000000000000e+00,0.000000000000000000e+00,4.049960578855802962e-01,0.000000000000000000e+00,0.000000000000000000e+00
0.000000000000000000e+00,3.430204052067323817e-01,0.000000000000000000e+00,3.310591327688112151e-01,0.000000000000000000e+00,0.000000000000000000e+00,0.000000000000000000e+00,0.000000000000000000e+00,0.000000000000000000e+00,3.980772330881842125e-01,0.000000000000000000e+00,0.000000000000000000e+00
0.000000000000000000e+00,3.465933296201030300e-01,0.000000000000000000e+00,3.348519971739166157e-01,0.000000000000000000e+00,0.000000000000000000e+00,0.000000000000000000e+00,0.000000000000000000e+00,0.000000000000000000e+00,3.907114442697083301e-01,0.000000000000000000e+00,0.000000000000000000e+00
0.000000000000000000e+00,3.503743124007104859e-01,0.000000000000000000e+00,3.388323136166120908e-01,0.000000000000000000e+00,0.000000000000000000e+00,0.000000000000000000e+00,0.000000000000000000e+00,0.000000000000000000e+00,3.829501450464051215e-01,0.000000000000000000e+00,0.000000000000000000e+00
0.000000000000000000e+00,3.543061350555573585e-01,0.000000000000000000e+00,3.429427352661895689e-01,0.000000000000000000e+00,0.000000000000000000e+00,0.000000000000000000e+00,0.000000000000000000e+00,0.000000000000000000e+00,3.749079007419806597e-01,0.000000000000000000e+00,0.000000000000000000e+00
0.000000000000000000e+00,3.583265191271305383e-01,0.000000000000000000e+00,3.471382339565633468e-01,0.000000000000000000e+00,0.000000000000000000e+00,0.000000000000000000e+00,0.000000000000000000e+00,0.000000000000000000e+00,3.666920179800339241e-01,0.000000000000000000e+00,0.000000000000000000e+00
0.000000000000000000e+00,3.624455447436956690e-01,0.000000000000000000e+00,3.514411451862428648e-01,0.000000000000000000e+00,0.000000000000000000e+00,0.000000000000000000e+00,0.000000000000000000e+00,0.000000000000000000e+00,3.582700811337893865e-01,0.000000000000000000e+00,0.000000000000000000e+00
0.000000000000000000e+00,3.667535515708964522e-01,0.000000000000000000e+00,3.559328077379080857e-01,0.000000000000000000e+00,0.000000000000000000e+00,0.000000000000000000e+00,0.000000000000000000e+00,0.000000000000000000e+00,3.494704117549232159e-01,0.000000000000000000e+00,0.000000000000000000e+00
0.000000000000000000e+00,3.713281388764134161e-01,0.000000000000000000e+00,3.606916880373799428e-01,0.000000000000000000e+00,0.000000000000000000e+00,0.000000000000000000e+00,0.000000000000000000e+00,0.000000000000000000e+00,3.401369441499345059e-01,0.000000000000000000e+00,0.000000000000000000e+00
0.000000000000000000e+00,3.761455932567784322e-01,0.000000000000000000e+00,3.657097653864090914e-01,0.000000000000000000e+00,0.000000000000000000e+00,0.000000000000000000e+00,0.000000000000000000e+00,0.000000000000000000e+00,3.303014124205403412e-01,0.000000000000000000e+00,0.000000000000000000e+00
0.000000000000000000e+00,3.811105128564840072e-01,0.000000000000000000e+00,3.708944515364963057e-01,0.000000000000000000e+00,0.000000000000000000e+00,0.000000000000000000e+00,0.000000000000000000e+00,0.000000000000000000e+00,3.201518066707474963e-01,0.000000000000000000e+00,0.000000000000000000e+00
0.000000000000000000e+00,3.861701984945558053e-01,0.000000000000000000e+00,3.761993812629136347e-01,0.000000000000000000e+00,0.000000000000000000e+00,0.000000000000000000e+00,0.000000000000000000e+00,0.000000000000000000e+00,3.097871913062583138e-01,0.000000000000000000e+00,0.000000000000000000e+00
0.000000000000000000e+00,3.913608391458326952e-01,0.000000000000000000e+00,3.816597132191125730e-01,0.000000000000000000e+00,0.000000000000000000e+00,0.000000000000000000e+00,0.000000000000000000e+00,0.000000000000000000e+00,2.991362186987825966e-01,0.000000000000000000e+00,0.000000000000000000e+00
0.000000000000000000e+00,3.967266219352442724e-01,0.000000000000000000e+00,3.872975887255907246e-01,0.000000000000000000e+00,0.000000000000000000e+00,0.000000000000000000e+00,0.000000000000000000e+00,0.000000000000000000e+00,2.881325604028927012e-01,0.000000000000000000e+00,0.000000000000000000e+00
0.000000000000000000e+00,4.022669815550462546e-01,0.000000000000000000e+00,3.931029576228971534e-01,0.000000000000000000e+00,0.000000000000000000e+00,0.000000000000000000e+00,0.000000000000000000e+00,0.000000000000000000e+00,2.767868318857843457e-01,0.000000000000000000e+00,0.000000000000000000e+00
0.000000000000000000e+00,4.079895139349005717e-01,0.000000000000000000e+00,3.990914683309844113e-01,0.000000000000000000e+00,0.000000000000000000e+00,0.000000000000000000e+00,0.000000000000000000e+00,0.000000000000000000e+00,2.650757887978426597e-01,0.000000000000000000e+00,0.000000000000000000e+00
0.000000000000000000e+00,4.139165891598192148e-01,0.000000000000000000e+00,4.052973495788910752e-01,0.000000000000000000e+00,0.000000000000000000e+00,0.000000000000000000e+00,0.000000000000000000e+00,0.000000000000000000e+00,2.529428323250173527e-01,0.000000000000000000e+00,0.000000000000000000e+00
0.000000000000000000e+00,4.200727595717848595e-01,0.000000000000000000e+00,4.117284221432607194e-01,0.000000000000000000e+00,0.000000000000000000e+00,0.000000000000000000e+00,0.000000000000000000e+00,0.000000000000000000e+00,2.403555893486822304e-01,0.000000000000000000e+00,0.000000000000000000e+00
0.000000000000000000e+00,4.264966098428228380e-01,0.000000000000000000e+00,4.184308238000295499e-01,0.000000000000000000e+00,0.000000000000000000e+00,0.000000000000000000e+00,0.000000000000000000e+00,0.000000000000000000e+00,2.272293374208754491e-01,0.000000000000000000e+00,0.000000000000000000e+00
0.000000000000000000e+00,4.331328351432016111e-01,0.000000000000000000e+00,4.253809202808190304e-01,0.000000000000000000e+00,0.000000000000000000e+00,0.000000000000000000e+00,0.000000000000000000e+00,0.000000000000000000e+00,2.136430156397112201e-01,0.000000000000000000e+00,0.000000000000000000e+00
0.000000000000000000e+00,4.398664178087761112e-01,0.000000000000000000e+00,4.324533093367600167e-01,0.000000000000000000e+00,0.000000000000000000e+00,0.000000000000000000e+00,0.000000000000000000e+00,0.000000000000000000e+00,1.998370439179548153e-01,0.000000000000000000e+00,0.000000000000000000e+00
0.000000000000000000e+00,4.468264708441817001e-01,0.000000000000000000e+00,4.397921391046891726e-01,0.000000000000000000e+00,0.000000000000000000e+00,0.000000000000000000e+00,0.000000000000000000e+00,0.000000000000000000e+00,1.855381611219982241e-01,0.000000000000000000e+00,0.000000000000000000e+00
0.000000000000000000e+00,4.541929737163762359e-01,0.000000000000000000e+00,4.475551805520540105e-01,0.000000000000000000e+00,0.000000000000000000e+00,0.000000000000000000e+00,0.000000000000000000e+00,0.000000000000000000e+00,1.704086166078323528e-01,0.000000000000000000e+00,0.000000000000000000e+00
0.000000000000000000e+00,4.618896510902398833e-01,0.000000000000000000e+00,4.556431068135426976e-01,0.000000000000000000e+00,0.000000000000000000e+00,0.000000000000000000e+00,0.000000000000000000e+00,0.000000000000000000e+00,1.546240216399561163e-01,0.000000000000000000e+00,0.000000000000000000e+00
0.000000000000000000e+00,4.700123994109531300e-01,0.000000000000000000e+00,4.641147632733645945e-01,0.000000000000000000e+00,0.000000000000000000e+00,0.000000000000000000e+00,0.000000000000000000e+00,0.000000000000000000e+00,1.380293036529728623e-01,0.000000000000000000e+00,0.000000000000000000e+00
0.000000000000000000e+00,4.786013084835837872e-01,0.000000000000000000e+00,4.729991012065735689e-01,0.000000000000000000e+00,0.000000000000000000e+00,0.000000000000000000e+00,0.000000000000000000e+00,0.000000000000000000e+00,1.205663103390862689e-01,0.000000000000000000e+00,0.000000000000000000e+00
0.000000000000000000e+00,4.824664116775679856e-01,0.000000000000000000e+00,4.771353333751342518e-01,0.000000000000000000e+00,7.693915643688320483e-03,0.000000000000000000e+00,6.608166074116282075e-03,0.000000000000000000e+00,9.798521574545356050e-02,0.000000000000000000e+00,0.000000000000000000e+00
0.000000000000000000e+00,4.812219160563530607e-01,0.000000000000000000e+00,4.761967115735611933e-01,0.000000000000000000e+00,2.639483536331219821e-02,0.000000000000000000e+00,2.293338855227135265e-02,0.000000000000000000e+00,6.526390886073338282e-02,0.000000000000000000e+00,0.000000000000000000e+00
0.000000000000000000e+00,4.777616026291039986e-01,0.000000000000000000e+00,4.729960469822232505e-01,0.000000000000000000e+00,4.951975436478341097e-02,0.000000000000000000e+00,4.289039924240923424e-02,0.000000000000000000e+00,2.885647977807555276e-02,0.000000000000000000e+00,0.000000000000000000e+00
0.000000000000000000e+00,4.720075557429675994e-01,0.000000000000000000e+00,4.674792564079591761e-01,0.000000000000000000e+00,7.140363843243086039e-02,0.000000000000000000e+00,6.127214203934010922e-02,0.000000000000000000e+00,0.000000000000000000e+00,0.000000000000000000e+00,0.000000000000000000e+00
0.000000000000000000e+00,4.596969518528628007e-01,0.000000000000000000e+00,4.553838857768117143e-01,0.000000000000000000e+00,8.536134386654438411e-02,0.000000000000000000e+00,7.171556636742056068e-02,0.000000000000000000e+00,0.000000000000000000e+00,0.000000000000000000e+00,0.000000000000000000e+00
0.000000000000000000e+00,4.480554524800646754e-01,0.000000000000000000e+00,4.439364988623535901e-01,0.000000000000000000e+00,9.862009799152467171e-02,0.000000000000000000e+00,8.154584113708565618e-02,0.000000000000000000e+00,0.000000000000000000e+00,0.000000000000000000e+00,0.000000000000000000e+00
0.000000000000000000e+00,4.370293510453589492e-01,0.000000000000000000e+00,4.330938405115494216e-01,0.000000000000000000e+00,1.111991982367115522e-01,0.000000000000000000e+00,9.083549599906641514e-02,0.000000000000000000e+00,0.000000000000000000e+00,0.000000000000000000e+00,0.000000000000000000e+00
0.000000000000000000e+00,4.264966165556333677e-01,0.000000000000000000e+00,4.227520629748748315e-01,0.000000000000000000e+00,1.232127811889476704e-01,0.000000000000000000e+00,9.969642514274669465e-02,0.000000000000000000e+00,0.000000000000000000e+00,0.000000000000000000e+00,0.000000000000000000e+00
0.000000000000000000e+00,4.163373227964335399e-01,0.000000000000000000e+00,4.127834607298958014e-01,0.000000000000000000e+00,1.348338336098713897e-01,0.000000000000000000e+00,1.082032687247736630e-01,0.000000000000000000e+00,0.000000000000000000e+00,0.000000000000000000e+00,0.000000000000000000e+00
0.000000000000000000e+00,4.065281120415538685e-01,0.000000000000000000e+00,4.031733134783497263e-01,0.000000000000000000e+00,1.460466859801164974e-01,0.000000000000000000e+00,1.164097743610486568e-01,0.000000000000000000e+00,0.000000000000000000e+00,0.000000000000000000e+00,0.000000000000000000e+00
0.000000000000000000e+00,3.970800508180682975e-01,0.000000000000000000e+00,3.939647523525173223e-01,0.000000000000000000e+00,1.567899473513635622e-01,0.000000000000000000e+00,1.243231353391185540e-01,0.000000000000000000e+00,0.000000000000000000e+00,0.000000000000000000e+00,0.000000000000000000e+00
0.000000000000000000e+00,3.880412422411398388e-01,0.000000000000000000e+00,3.851869587776202697e-01,0.000000000000000000e+00,1.670673906046539758e-01,0.000000000000000000e+00,1.318622942376533880e-01,0.000000000000000000e+00,0.000000000000000000e+00,0.000000000000000000e+00,0.000000000000000000e+00
0.000000000000000000e+00,3.793801911312604247e-01,0.000000000000000000e+00,3.767940116424444708e-01,0.000000000000000000e+00,1.769291936881625393e-01,0.000000000000000000e+00,1.390544893992000097e-01,0.000000000000000000e+00,0.000000000000000000e+00,0.000000000000000000e+00,0.000000000000000000e+00
0.000000000000000000e+00,3.710019033146479406e-01,0.000000000000000000e+00,3.686979965529674774e-01,0.000000000000000000e+00,1.864281481443205990e-01,0.000000000000000000e+00,1.460298378491315108e-01,0.000000000000000000e+00,0.000000000000000000e+00,0.000000000000000000e+00,0.000000000000000000e+00
0.000000000000000000e+00,3.629169659456737973e-01,0.000000000000000000e+00,3.608917408108219260e-01,0.000000000000000000e+00,1.955801110369148055e-01,0.000000000000000000e+00,1.527690680676568602e-01,0.000000000000000000e+00,0.000000000000000000e+00,0.000000000000000000e+00,0.000000000000000000e+00
0.000000000000000000e+00,3.551325779025913398e-01,0.000000000000000000e+00,3.533644461932019532e-01,0.000000000000000000e+00,2.044099694867322070e-01,0.000000000000000000e+00,1.592508922785418057e-01,0.000000000000000000e+00,0.000000000000000000e+00,0.000000000000000000e+00,0.000000000000000000e+00
0.000000000000000000e+00,3.475430271888902967e-01,0.000000000000000000e+00,3.460128179430583817e-01,0.000000000000000000e+00,2.130132169957235366e-01,0.000000000000000000e+00,1.655888237333953406e-01,0.000000000000000000e+00,0.000000000000000000e+00,0.000000000000000000e+00,0.000000000000000000e+00
0.000000000000000000e+00,3.401120631163078722e-01,0.000000000000000000e+00,3.387987570583708696e-01,0.000000000000000000e+00,2.214304000694729824e-01,0.000000000000000000e+00,1.718166656169157203e-01,0.000000000000000000e+00,0.000000000000000000e+00,0.000000000000000000e+00,0.000000000000000000e+00
0.000000000000000000e+00,3.329318833060709859e-01,0.000000000000000000e+00,3.318131320153482333e-01,0.000000000000000000e+00,2.295987768973086207e-01,0.000000000000000000e+00,1.778140936423396046e-01,0.000000000000000000e+00,0.000000000000000000e+00,0.000000000000000000e+00,0.000000000000000000e+00
0.000000000000000000e+00,3.260634371581557223e-01,0.000000000000000000e+00,3.251499759100333620e-01,0.000000000000000000e+00,2.374255658622720644e-01,0.000000000000000000e+00,1.835189069306062126e-01,0.000000000000000000e+00,0.000000000000000000e+00,0.000000000000000000e+00,0.000000000000000000e+00
0.000000000000000000e+00,3.194533179658959887e-01,0.000000000000000000e+00,3.187724141357896612e-01,0.000000000000000000e+00,2.449455883357904429e-01,0.000000000000000000e+00,1.889865654235912407e-01,0.000000000000000000e+00,0.000000000000000000e+00,0.000000000000000000e+00,0.000000000000000000e+00
0.000000000000000000e+00,3.130463742041916242e-01,0.000000000000000000e+00,3.126077633589049998e-01,0.000000000000000000e+00,2.522330050540779189e-01,0.000000000000000000e+00,1.942707432438929294e-01,0.000000000000000000e+00,0.000000000000000000e+00,0.000000000000000000e+00,0.000000000000000000e+00
0.000000000000000000e+00,3.068595449799230712e-01,0.000000000000000000e+00,3.066525731964421242e-01,0.000000000000000000e+00,2.592919267424494967e-01,0.000000000000000000e+00,1.993538409422526969e-01,0.000000000000000000e+00,0.000000000000000000e+00,0.000000000000000000e+00,0.000000000000000000e+00
0.000000000000000000e+00,3.009083941506190407e-01,0.000000000000000000e+00,3.009229803699592920e-01,0.000000000000000000e+00,2.661056482866851480e-01,0.000000000000000000e+00,2.042208630538039638e-01,0.000000000000000000e+00,0.000000000000000000e+00,0.000000000000000000e+00,0.000000000000000000e+00
0.000000000000000000e+00,2.952073796864222999e-01,0.000000000000000000e+00,2.954298190752680520e-01,0.000000000000000000e+00,2.726552578779468661e-01,0.000000000000000000e+00,2.088654292214301711e-01,0.000000000000000000e+00,0.000000000000000000e+00,0.000000000000000000e+00,0.000000000000000000e+00
0.000000000000000000e+00,2.897695406378004157e-01,0.000000000000000000e+00,2.901702775313652061e-01,0.000000000000000000e+00,2.789469020844298486e-01,0.000000000000000000e+00,2.132711656074719186e-01,0.000000000000000000e+00,0.000000000000000000e+00,0.000000000000000000e+00,0.000000000000000000e+00
0.000000000000000000e+00,2.845867488018106184e-01,0.000000000000000000e+00,2.851484416794911603e-01,0.000000000000000000e+00,2.849642050398223936e-01,0.000000000000000000e+00,2.174584903399433000e-01,0.000000000000000000e+00,0.000000000000000000e+00,0.000000000000000000e+00,0.000000000000000000e+00
0.000000000000000000e+00,2.796739648116109977e-01,0.000000000000000000e+00,2.804056766477859841e-01,0.000000000000000000e+00,2.906646348638221578e-01,0.000000000000000000e+00,2.214136095378483604e-01,0.000000000000000000e+00,0.000000000000000000e+00,0.000000000000000000e+00,0.000000000000000000e+00
0.000000000000000000e+00,2.750270152840472160e-01,0.000000000000000000e+00,2.759353405043089014e-01,0.000000000000000000e+00,2.960782521092195085e-01,0.000000000000000000e+00,2.251172779634918186e-01,0.000000000000000000e+00,0.000000000000000000e+00,0.000000000000000000e+00,0.000000000000000000e+00
0.000000000000000000e+00,2.706216345052928074e-01,0.000000000000000000e+00,2.717018910963335809e-01,0.000000000000000000e+00,3.012376401057594300e-01,0.000000000000000000e+00,2.285967201536816540e-01,0.000000000000000000e+00,0.000000000000000000e+00,0.000000000000000000e+00,0.000000000000000000e+00
0.000000000000000000e+00,2.664698329842484781e-01,0.000000000000000000e+00,2.677361587894414585e-01,0.000000000000000000e+00,3.061018760023029306e-01,0.000000000000000000e+00,2.318500180850746051e-01,0.000000000000000000e+00,0.000000000000000000e+00,0.000000000000000000e+00,0.000000000000000000e+00
0.000000000000000000e+00,2.625675891721303556e-01,0.000000000000000000e+00,2.640359331836421020e-01,0.000000000000000000e+00,3.106836047069688744e-01,0.000000000000000000e+00,2.348707587983259737e-01,0.000000000000000000e+00,0.000000000000000000e+00,0.000000000000000000e+00,0.000000000000000000e+00
0.000000000000000000e+00,2.588831067828465393e-01,0.000000000000000000e+00,2.605460581618047056e-01,0.000000000000000000e+00,3.150229993629315994e-01,0.000000000000000000e+00,2.377057215534845724e-01,0.000000000000000000e+00,0.000000000000000000e+00,0.000000000000000000e+00,0.000000000000000000e+00
0.000000000000000000e+00,2.553905948450685415e-01,0.000000000000000000e+00,2.572493351517874949e-01,0.000000000000000000e+00,3.191251647029684779e-01,0.000000000000000000e+00,2.403927911612428192e-01,0.000000000000000000e+00,0.000000000000000000e+00,0.000000000000000000e+00,0.000000000000000000e+00
0.000000000000000000e+00,2.520698403303171520e-01,0.000000000000000000e+00,2.541535677537358762e-01,0.000000000000000000e+00,3.230114053593998169e-01,0.000000000000000000e+00,2.429230724176144884e-01,0.000000000000000000e+00,0.000000000000000000e+00,0.000000000000000000e+00,0.000000000000000000e+00
0.000000000000000000e+00,2.489178242122150331e-01,0.000000000000000000e+00,2.512447529335438690e-01,0.000000000000000000e+00,3.267040171996677955e-01,0.000000000000000000e+00,2.452912915156406082e-01,0.000000000000000000e+00,0.000000000000000000e+00,0.000000000000000000e+00,0.000000000000000000e+00
0.000000000000000000e+00,2.459367327942894865e-01,0.000000000000000000e+00,2.485095131943154401e-01,0.000000000000000000e+00,3.301931187807941037e-01,0.000000000000000000e+00,2.475185210916683032e-01,0.000000000000000000e+00,0.000000000000000000e+00,0.000000000000000000e+00,0.000000000000000000e+00
0.000000000000000000e+00,2.431222321447639445e-01,0.000000000000000000e+00,2.459431438998421759e-01,0.000000000000000000e+00,3.334660066845422377e-01,0.000000000000000000e+00,2.496265031319189198e-01,0.000000000000000000e+00,0.000000000000000000e+00,0.000000000000000000e+00,0.000000000000000000e+00
0.000000000000000000e+00,2.404769230941055380e-01,0.000000000000000000e+00,2.435418699131776388e-01,0.000000000000000000e+00,3.365354644654204863e-01,0.000000000000000000e+00,2.516036283883638647e-01,0.000000000000000000e+00,0.000000000000000000e+00,0.000000000000000000e+00,0.000000000000000000e+00
0.000000000000000000e+00,2.380077603651251372e-01,0.000000000000000000e+00,2.413177556575040461e-01,0.000000000000000000e+00,3.393995616496941481e-01,0.000000000000000000e+00,2.534328081887442519e-01,0.000000000000000000e+00,0.000000000000000000e+00,0.000000000000000000e+00,0.000000000000000000e+00
0.000000000000000000e+00,2.357226445470501919e-01,0.000000000000000000e+00,2.392663405246070185e-01,0.000000000000000000e+00,3.420364860790791606e-01,0.000000000000000000e+00,2.551324147103311013e-01,0.000000000000000000e+00,0.000000000000000000e+00,0.000000000000000000e+00,0.000000000000000000e+00
0.000000000000000000e+00,2.336184142463806346e-01,0.000000000000000000e+00,2.373752882399225717e-01,0.000000000000000000e+00,3.444603219689666984e-01,0.000000000000000000e+00,2.567038614058012036e-01,0.000000000000000000e+00,0.000000000000000000e+00,0.000000000000000000e+00,0.000000000000000000e+00
0.000000000000000000e+00,2.317095305122362503e-01,0.000000000000000000e+00,2.356744867734017479e-01,0.000000000000000000e+00,3.466809448431539820e-01,0.000000000000000000e+00,2.580929237324106618e-01,0.000000000000000000e+00,0.000000000000000000e+00,0.000000000000000000e+00,0.000000000000000000e+00
0.000000000000000000e+00,2.300434381320491106e-01,0.000000000000000000e+00,2.341993108368659038e-01,0.000000000000000000e+00,3.486564645227843151e-01,0.000000000000000000e+00,2.592586723672783977e-01,0.000000000000000000e+00,0.000000000000000000e+00,0.000000000000000000e+00,0.000000000000000000e+00
0.000000000000000000e+00,2.286122766495543024e-01,0.000000000000000000e+00,2.329375034146789758e-01,0.000000000000000000e+00,3.503829089273908792e-01,0.000000000000000000e+00,2.602251967147107825e-01,0.000000000000000000e+00,0.000000000000000000e+00,0.000000000000000000e+00,0.000000000000000000e+00
0.000000000000000000e+00,2.273637679169720205e-01,0.000000000000000000e+00,2.318610835608809206e-01,0.000000000000000000e+00,3.519175530749211189e-01,0.000000000000000000e+00,2.610154701553446532e-01,0.000000000000000000e+00,0.000000000000000000e+00,0.000000000000000000e+00,0.000000000000000000e+00
0.000000000000000000e+00,2.263063918988923451e-01,0.000000000000000000e+00,2.309722839389752591e-01,0.000000000000000000e+00,3.532665482227455023e-01,0.000000000000000000e+00,2.616119963486505107e-01,0.000000000000000000e+00,0.000000000000000000e+00,0.000000000000000000e+00,0.000000000000000000e+00
0.000000000000000000e+00,2.254932026739743800e-01,0.000000000000000000e+00,2.303312471755622481e-01,0.000000000000000000e+00,3.544004656088234340e-01,0.000000000000000000e+00,2.619240882498189427e-01,0.000000000000000000e+00,0.000000000000000000e+00,0.000000000000000000e+00,0.000000000000000000e+00
0.000000000000000000e+00,2.249190653534352269e-01,0.000000000000000000e+00,2.299647419364311274e-01,0.000000000000000000e+00,3.553412343230457626e-01,0.000000000000000000e+00,2.619410569517734433e-01,0.000000000000000000e+00,0.000000000000000000e+00,0.000000000000000000e+00,0.000000000000000000e+00
0.000000000000000000e+00,2.244481705039206021e-01,0.000000000000000000e+00,2.297744982915806977e-01,0.000000000000000000e+00,3.560029123855939504e-01,0.000000000000000000e+00,2.619115375151335745e-01,0.000000000000000000e+00,0.000000000000000000e+00,0.000000000000000000e+00,0.000000000000000000e+00
0.000000000000000000e+00,2.242047088396066923e-01,0.000000000000000000e+00,2.297858958627805870e-01,0.000000000000000000e+00,3.562688430363425418e-01,0.000000000000000000e+00,2.619519806968012565e-01,0.000000000000000000e+00,0.000000000000000000e+00,0.000000000000000000e+00,0.000000000000000000e+00
0.000000000000000000e+00,2.241769114913738092e-01,0.000000000000000000e+00,2.297452748188078542e-01,0.000000000000000000e+00,3.562583160904366775e-01,0.000000000000000000e+00,2.619058749280931409e-01,0.000000000000000000e+00,0.000000000000000000e+00,0.000000000000000000e+00,0.000000000000000000e+00
0.000000000000000000e+00,2.242057745124340085e-01,0.000000000000000000e+00,2.297901792584988445e-01,0.000000000000000000e+00,3.562993460598318229e-01,0.000000000000000000e+00,2.619406227537134924e-01,0.000000000000000000e+00,0.000000000000000000e+00,0.000000000000000000e+00,0.000000000000000000e+00
0.000000000000000000e+00,2.241631231063129781e-01,0.000000000000000000e+00,2.297591079401997693e-01,0.000000000000000000e+00,3.562630525681924620e-01,0.000000000000000000e+00,2.619037460402094397e-01,0.000000000000000000e+00,0.000000000000000000e+00,0.000000000000000000e+00,0.000000000000000000e+00
0.000000000000000000e+00,2.242036681955119626e-01,0.000000000000000000e+00,2.297870000705408422e-01,0.000000000000000000e+00,3.563046492524152287e-01,0.000000000000000000e+00,2.619131877657357999e-01,0.000000000000000000e+00,0.000000000000000000e+00,0.000000000000000000e+00,0.000000000000000000e+00
0.000000000000000000e+00,2.241929305639052961e-01,0.000000000000000000e+00,2.299419014953872908e-01,0.000000000000000000e+00,3.562650514495348530e-01,0.000000000000000000e+00,2.617393277725491574e-01,0.000000000000000000e+00,0.000000000000000000e+00,0.000000000000000000e+00,0.000000000000000000e+00
0.000000000000000000e+00,2.243309388794479942e-01,0.000000000000000000e+00,2.303846853667916028e-01,0.000000000000000000e+00,3.562842831852618963e-01,0.000000000000000000e+00,2.611559934893102897e-01,0.000000000000000000e+00,0.000000000000000000e+00,0.000000000000000000e+00,0.000000000000000000e+00
0.000000000000000000e+00,2.247193338232492121e-01,0.000000000000000000e+00,2.309390078864206886e-01,0.000000000000000000e+00,3.561504325300726137e-01,0.000000000000000000e+00,2.603500303789403336e-01,0.000000000000000000e+00,0.000000000000000000e+00,0.000000000000000000e+00,0.000000000000000000e+00
0.000000000000000000e+00,2.253852336339770002e-01,0.000000000000000000e+00,2.317779036204604404e-01,0.000000000000000000e+00,3.555274101472533643e-01,0.000000000000000000e+00,2.594673585739506461e-01,0.000000000000000000e+00,0.000000000000000000e+00,0.000000000000000000e+00,0.000000000000000000e+00
0.000000000000000000e+00,2.262937640131029715e-01,0.000000000000000000e+00,2.328455339634353805e-01,0.000000000000000000e+00,3.545953266376214996e-01,0.000000000000000000e+00,2.584232612896389947e-01,0.000000000000000000e+00,0.000000000000000000e+00,0.000000000000000000e+00,0.000000000000000000e+00
0.000000000000000000e+00,2.274242323480367700e-01,0.000000000000000000e+00,2.341185975398632491e-01,0.000000000000000000e+00,3.533936265291714451e-01,0.000000000000000000e+00,2.572214294420718805e-01,0.000000000000000000e+00,0.000000000000000000e+00,0.000000000000000000e+00,0.000000000000000000e+00
0.000000000000000000e+00,2.287652264877732544e-01,0.000000000000000000e+00,2.356101054210763546e-01,0.000000000000000000e+00,3.519087474667156878e-01,0.000000000000000000e+00,2.558738064854997885e-01,0.000000000000000000e+00,0.000000000000000000e+00,0.000000000000000000e+00,0.000000000000000000e+00
0.000000000000000000e+00,2.303153373720280839e-01,0.000000000000000000e+00,2.373089051556702966e-01,0.000000000000000000e+00,3.501425097348662141e-01,0.000000000000000000e+00,2.543911335985012956e-01,0.000000000000000000e+00,0.000000000000000000e+00,0.000000000000000000e+00,0.000000000000000000e+00
0.000000000000000000e+00,2.320523265213579045e-01,0.000000000000000000e+00,2.391884872076194546e-01,0.000000000000000000e+00,3.481322483486533059e-01,0.000000000000000000e+00,2.527848237834369738e-01,0.000000000000000000e+00,0.000000000000000000e+00,0.000000000000000000e+00,0.000000000000000000e+00
0.000000000000000000e+00,2.339725270309813421e-01,0.000000000000000000e+00,2.412257944553192479e-01,0.000000000000000000e+00,3.458978954311662246e-01,0.000000000000000000e+00,2.510616689436008242e-01,0.000000000000000000e+00,0.000000000000000000e+00,0.000000000000000000e+00,0.000000000000000000e+00
0.000000000000000000e+00,2.360874053552874940e-01,0.000000000000000000e+00,2.434231387674177238e-01,0.000000000000000000e+00,3.434230622650580877e-01,0.000000000000000000e+00,2.492242794733041666e-01,0.000000000000000000e+00,0.000000000000000000e+00,0.000000000000000000e+00,0.000000000000000000e+00
0.000000000000000000e+00,2.383898537362686143e-01,0.000000000000000000e+00,2.457993344970455796e-01,0.000000000000000000e+00,3.407026557075122364e-01,0.000000000000000000e+00,2.472660419202411253e-01,0.000000000000000000e+00,0.000000000000000000e+00,0.000000000000000000e+00,0.000000000000000000e+00
0.000000000000000000e+00,2.408810706617436626e-01,0.000000000000000000e+00,2.483577155682499538e-01,0.000000000000000000e+00,3.377440563452822064e-01,0.000000000000000000e+00,2.451750432857915385e-01,0.000000000000000000e+00,0.000000000000000000e+00,0.000000000000000000e+00,0.000000000000000000e+00
0.000000000000000000e+00,2.435591707039925224e-01,0.000000000000000000e+00,2.510957318540575356e-01,0.000000000000000000e+00,3.345502077768177096e-01,0.000000000000000000e+00,2.429527755261997879e-01,0.000000000000000000e+00,0.000000000000000000e+00,0.000000000000000000e+00,0.000000000000000000e+00
0.000000000000000000e+00,2.464006140619716956e-01,0.000000000000000000e+00,2.539987756786111772e-01,0.000000000000000000e+00,3.311443570948667814e-01,0.000000000000000000e+00,2.406141390256177348e-01,0.000000000000000000e+00,0.000000000000000000e+00,0.000000000000000000e+00,0.000000000000000000e+00
0.000000000000000000e+00,2.494253370913418477e-01,0.000000000000000000e+00,2.570690200954701132e-01,0.000000000000000000e+00,3.275220390312306717e-01,0.000000000000000000e+00,2.381414896430248951e-01,0.000000000000000000e+00,0.000000000000000000e+00,0.000000000000000000e+00,0.000000000000000000e+00
0.000000000000000000e+00,2.526656781962797749e-01,0.000000000000000000e+00,2.603358328980042713e-01,0.000000000000000000e+00,3.236510019706723140e-01,0.000000000000000000e+00,2.355053727961111953e-01,0.000000000000000000e+00,0.000000000000000000e+00,0.000000000000000000e+00,0.000000000000000000e+00
0.000000000000000000e+00,2.561038350159390853e-01,0.000000000000000000e+00,2.638114359429421518e-01,0.000000000000000000e+00,3.195243651194406009e-01,0.000000000000000000e+00,2.327182497827457175e-01,0.000000000000000000e+00,0.000000000000000000e+00,0.000000000000000000e+00,0.000000000000000000e+00
0.000000000000000000e+00,2.597288211602474250e-01,0.000000000000000000e+00,2.674768555661048985e-01,0.000000000000000000e+00,3.151551582362502879e-01,0.000000000000000000e+00,2.297970508984651383e-01,0.000000000000000000e+00,0.000000000000000000e+00,0.000000000000000000e+00,0.000000000000000000e+00
0.000000000000000000e+00,2.635629092461700962e-01,0.000000000000000000e+00,2.713561359847337928e-01,0.000000000000000000e+00,3.105290196285325766e-01,0.000000000000000000e+00,2.267098210016311732e-01,0.000000000000000000e+00,0.000000000000000000e+00,0.000000000000000000e+00,0.000000000000000000e+00
0.000000000000000000e+00,2.676268344552501510e-01,0.000000000000000000e+00,2.754833641756800899e-01,0.000000000000000000e+00,3.056179464942668234e-01,0.000000000000000000e+00,2.234297407358704080e-01,0.000000000000000000e+00,0.000000000000000000e+00,0.000000000000000000e+00,0.000000000000000000e+00
0.000000000000000000e+00,2.719310221012937179e-01,0.000000000000000000e+00,2.798327468982598765e-01,0.000000000000000000e+00,3.004153693881156939e-01,0.000000000000000000e+00,2.199787474733983506e-01,0.000000000000000000e+00,0.000000000000000000e+00,0.000000000000000000e+00,0.000000000000000000e+00
0.000000000000000000e+00,2.764776816715515673e-01,0.000000000000000000e+00,2.844011327534465838e-01,0.000000000000000000e+00,2.949139061461417688e-01,0.000000000000000000e+00,2.163651652899274969e-01,0.000000000000000000e+00,0.000000000000000000e+00,0.000000000000000000e+00,0.000000000000000000e+00
0.000000000000000000e+00,2.812577637430110356e-01,0.000000000000000000e+00,2.892028487135926418e-01,0.000000000000000000e+00,2.891268122257927287e-01,0.000000000000000000e+00,2.125704611786712606e-01,0.000000000000000000e+00,0.000000000000000000e+00,0.000000000000000000e+00,0.000000000000000000e+00
0.000000000000000000e+00,2.862703501649634386e-01,0.000000000000000000e+00,2.942235603460871540e-01,0.000000000000000000e+00,2.830778174477045495e-01,0.000000000000000000e+00,2.085861579023126078e-01,0.000000000000000000e+00,0.000000000000000000e+00,0.000000000000000000e+00,0.000000000000000000e+00
0.000000000000000000e+00,2.915408887692748641e-01,0.000000000000000000e+00,2.994860579469879602e-01,0.000000000000000000e+00,2.767550071352949392e-01,0.000000000000000000e+00,2.043759320095098475e-01,0.000000000000000000e+00,0.000000000000000000e+00,0.000000000000000000e+00,0.000000000000000000e+00
0.000000000000000000e+00,2.970699425283803152e-01,0.000000000000000000e+00,3.050129279778667768e-01,0.000000000000000000e+00,2.701486463392527848e-01,0.000000000000000000e+00,1.999263690155677065e-01,0.000000000000000000e+00,0.000000000000000000e+00,0.000000000000000000e+00,0.000000000000000000e+00
0.000000000000000000e+00,3.028215661165929995e-01,0.000000000000000000e+00,3.107827536307012362e-01,0.000000000000000000e+00,2.632673328455720774e-01,0.000000000000000000e+00,1.952862332682013258e-01,0.000000000000000000e+00,0.000000000000000000e+00,0.000000000000000000e+00,0.000000000000000000e+00
0.000000000000000000e+00,3.087702656068708196e-01,0.000000000000000000e+00,3.167793677150967380e-01,0.000000000000000000e+00,2.561397078736838973e-01,0.000000000000000000e+00,1.904685446654161285e-01,0.000000000000000000e+00,0.000000000000000000e+00,0.000000000000000000e+00,0.000000000000000000e+00
0.000000000000000000e+00,3.149112563313714586e-01,0.000000000000000000e+00,3.229712113815552676e-01,0.000000000000000000e+00,2.488051107408451035e-01,0.000000000000000000e+00,1.854703074072955316e-01,0.000000000000000000e+00,0.000000000000000000e+00,0.000000000000000000e+00,0.000000000000000000e+00
0.000000000000000000e+00,3.213029967988031421e-01,0.000000000000000000e+00,3.293911143319241397e-01,0.000000000000000000e+00,2.411985606367508528e-01,0.000000000000000000e+00,1.802652140935895320e-01,0.000000000000000000e+00,0.000000000000000000e+00,0.000000000000000000e+00,0.000000000000000000e+00
0.000000000000000000e+00,3.280372057038268285e-01,0.000000000000000000e+00,3.361319629976959322e-01,0.000000000000000000e+00,2.332227806133376768e-01,0.000000000000000000e+00,1.747659365462071457e-01,0.000000000000000000e+00,0.000000000000000000e+00,0.000000000000000000e+00,0.000000000000000000e+00
0.000000000000000000e+00,3.351129988470619714e-01,0.000000000000000000e+00,3.431882340445978063e-01,0.000000000000000000e+00,2.249139845693200468e-01,0.000000000000000000e+00,1.689426684000873702e-01,0.000000000000000000e+00,0.000000000000000000e+00,0.000000000000000000e+00,0.000000000000000000e+00
0.000000000000000000e+00,3.424263542337903643e-01,0.000000000000000000e+00,3.504631211374837352e-01,0.000000000000000000e+00,2.163763667893758014e-01,0.000000000000000000e+00,1.628920437004175992e-01,0.000000000000000000e+00,0.000000000000000000e+00,0.000000000000000000e+00,0.000000000000000000e+00
0.000000000000000000e+00,3.498879516606157036e-01,0.000000000000000000e+00,3.578871774516861892e-01,0.000000000000000000e+00,2.076559977393647449e-01,0.000000000000000000e+00,1.567267590094008900e-01,0.000000000000000000e+00,0.000000000000000000e+00,0.000000000000000000e+00,0.000000000000000000e+00
0.000000000000000000e+00,3.575671561839546819e-01,0.000000000000000000e+00,3.655303592630636533e-01,0.000000000000000000e+00,1.986743561508139966e-01,0.000000000000000000e+00,1.503860142632352792e-01,0.000000000000000000e+00,0.000000000000000000e+00,0.000000000000000000e+00,0.000000000000000000e+00
0.000000000000000000e+00,3.655861462238729209e-01,0.000000000000000000e+00,3.734974670332821267e-01,0.000000000000000000e+00,1.893335568192917318e-01,0.000000000000000000e+00,1.437407157846208317e-01,0.000000000000000000e+00,0.000000000000000000e+00,0.000000000000000000e+00,0.000000000000000000e+00
0.000000000000000000e+00,3.739251367089067579e-01,0.000000000000000000e+00,3.817639015091942589e-01,0.000000000000000000e+00,1.796460671956906507e-01,0.000000000000000000e+00,1.368227804472758047e-01,0.000000000000000000e+00,0.000000000000000000e+00,0.000000000000000000e+00,0.000000000000000000e+00
0.000000000000000000e+00,3.825745277087881369e-01,0.000000000000000000e+00,3.903272724739993427e-01,0.000000000000000000e+00,1.695975782109803709e-01,0.000000000000000000e+00,1.296585074672996218e-01,0.000000000000000000e+00,0.000000000000000000e+00,0.000000000000000000e+00,0.000000000000000000e+00
0.000000000000000000e+00,3.916259649024754208e-01,0.000000000000000000e+00,3.992864926055965102e-01,0.000000000000000000e+00,1.590920480407618798e-01,0.000000000000000000e+00,1.221533803122428902e-01,0.000000000000000000e+00,0.000000000000000000e+00,0.000000000000000000e+00,0.000000000000000000e+00
0.000000000000000000e+00,4.011086869834671331e-01,0.000000000000000000e+00,4.086820301514399456e-01,0.000000000000000000e+00,1.480828428478635217e-01,0.000000000000000000e+00,1.142843258780102816e-01,0.000000000000000000e+00,0.000000000000000000e+00,0.000000000000000000e+00,0.000000000000000000e+00
0.000000000000000000e+00,4.109861341009327096e-01,0.000000000000000000e+00,4.184750568463461162e-01,0.000000000000000000e+00,1.365876476961571107e-01,0.000000000000000000e+00,1.061090472208724989e-01,0.000000000000000000e+00,0.000000000000000000e+00,0.000000000000000000e+00,0.000000000000000000e+00
0.000000000000000000e+00,4.212907517181383454e-01,0.000000000000000000e+00,4.286934396347886200e-01,0.000000000000000000e+00,1.245881965258706231e-01,0.000000000000000000e+00,9.758549779150205161e-02,0.000000000000000000e+00,0.000000000000000000e+00,0.000000000000000000e+00,0.000000000000000000e+00
0.000000000000000000e+00,4.320225212191615705e-01,0.000000000000000000e+00,4.393370510606420809e-01,0.000000000000000000e+00,1.121057390087827205e-01,0.000000000000000000e+00,8.869258746678693184e-02,0.000000000000000000e+00,0.000000000000000000e+00,0.000000000000000000e+00,0.000000000000000000e+00
0.000000000000000000e+00,4.432391430752457007e-01,0.000000000000000000e+00,4.504463347236964954e-01,0.000000000000000000e+00,9.905490294476905488e-02,0.000000000000000000e+00,7.941711956648728199e-02,0.000000000000000000e+00,0.000000000000000000e+00,0.000000000000000000e+00,0.000000000000000000e+00
0.000000000000000000e+00,4.551153694143123540e-01,0.000000000000000000e+00,4.621857411235911206e-01,0.000000000000000000e+00,8.525383595894536759e-02,0.000000000000000000e+00,6.961609828993439719e-02,0.000000000000000000e+00,0.000000000000000000e+00,0.000000000000000000e+00,0.000000000000000000e+00
0.000000000000000000e+00,4.676322565073233739e-01,0.000000000000000000e+00,4.745544003924597187e-01,0.000000000000000000e+00,7.055093719344238123e-02,0.000000000000000000e+00,5.908215157369080955e-02,0.000000000000000000e+00,9.665454715911105598e-05,0.000000000000000000e+00,0.000000000000000000e+00
0.000000000000000000e+00,4.723392825120921734e-01,0.000000000000000000e+00,4.790961646085194481e-01,0.000000000000000000e+00,4.692722081249601357e-02,0.000000000000000000e+00,3.961779750547111262e-02,0.000000000000000000e+00,3.405558370976518451e-02,0.000000000000000000e+00,0.000000000000000000e+00
0.000000000000000000e+00,4.755945165417952425e-01,0.000000000000000000e+00,4.821817469309465087e-01,0.000000000000000000e+00,2.361294601666668810e-02,0.000000000000000000e+00,1.996914549909708375e-02,0.000000000000000000e+00,7.065029922360890891e-02,0.000000000000000000e+00,0.000000000000000000e+00
0.000000000000000000e+00,4.763936407779633120e-01,0.000000000000000000e+00,4.827784164015085921e-01,0.000000000000000000e+00,5.556966297816685364e-03,0.000000000000000000e+00,4.606091185181639645e-03,0.000000000000000000e+00,1.025464211808302384e-01,0.000000000000000000e+00,0.000000000000000000e+00
0.000000000000000000e+00,4.712912125538378239e-01,0.000000000000000000e+00,4.774733054373929697e-01,0.000000000000000000e+00,0.000000000000000000e+00,0.000000000000000000e+00,0.000000000000000000e+00,0.000000000000000000e+00,1.234035428491072339e-01,0.000000000000000000e+00,0.000000000000000000e+00
0.000000000000000000e+00,4.627804942841964864e-01,0.000000000000000000e+00,4.687913845821808922e-01,0.000000000000000000e+00,0.000000000000000000e+00,0.000000000000000000e+00,0.000000000000000000e+00,0.000000000000000000e+00,1.405853179215672266e-01,0.000000000000000000e+00,0.000000000000000000e+00
0.000000000000000000e+00,4.547167363784733740e-01,0.000000000000000000e+00,4.605352868439540615e-01,0.000000000000000000e+00,0.000000000000000000e+00,0.000000000000000000e+00,0.000000000000000000e+00,0.000000000000000000e+00,1.569055083339407630e-01,0.000000000000000000e+00,0.000000000000000000e+00
0.000000000000000000e+00,4.469835860866383515e-01,0.000000000000000000e+00,4.526029039401618381e-01,0.000000000000000000e+00,0.000000000000000000e+00,0.000000000000000000e+00,0.000000000000000000e+00,0.000000000000000000e+00,1.725710321711252382e-01,0.000000000000000000e+00,0.000000000000000000e+00
0.000000000000000000e+00,4.395140054672319607e-01,0.000000000000000000e+00,4.449482685492833212e-01,0.000000000000000000e+00,0.000000000000000000e+00,0.000000000000000000e+00,0.000000000000000000e+00,0.000000000000000000e+00,1.876952483959973550e-01,0.000000000000000000e+00,0.000000000000000000e+00
0.000000000000000000e+00,4.324454646344262909e-01,0.000000000000000000e+00,4.376833512132201065e-01,0.000000000000000000e+00,0.000000000000000000e+00,0.000000000000000000e+00,0.000000000000000000e+00,0.000000000000000000e+00,2.020287065566793161e-01,0.000000000000000000e+00,0.000000000000000000e+00
0.000000000000000000e+00,4.255631256091101933e-01,0.000000000000000000e+00,4.306053291553327278e-01,0.000000000000000000e+00,0.000000000000000000e+00,0.000000000000000000e+00,0.000000000000000000e+00,0.000000000000000000e+00,2.159890676401514664e-01,0.000000000000000000e+00,0.000000000000000000e+00
0.000000000000000000e+00,4.187701299455138804e-01,0.000000000000000000e+00,4.236197408833605182e-01,0.000000000000000000e+00,0.000000000000000000e+00,0.000000000000000000e+00,0.000000000000000000e+00,0.000000000000000000e+00,2.297676515757147986e-01,0.000000000000000000e+00,0.000000000000000000e+00
0.000000000000000000e+00,4.122031104867063256e-01,0.000000000000000000e+00,4.168788525761750741e-01,0.000000000000000000e+00,0.000000000000000000e+00,0.000000000000000000e+00,0.000000000000000000e+00,0.000000000000000000e+00,2.430755593417080196e-01,0.000000000000000000e+00,0.000000000000000000e+00
0.000000000000000000e+00,4.058522927586141194e-01,0.000000000000000000e+00,4.103494001482945186e-01,0.000000000000000000e+00,0.000000000000000000e+00,0.000000000000000000e+00,0.000000000000000000e+00,0.000000000000000000e+00,2.559558294976809756e-01,0.000000000000000000e+00,0.000000000000000000e+00
0.000000000000000000e+00,3.997086392633689700e-01,0.000000000000000000e+00,4.040054395507779450e-01,0.000000000000000000e+00,0.000000000000000000e+00,0.000000000000000000e+00,0.000000000000000000e+00,0.000000000000000000e+00,2.684434435904425875e-01,0.000000000000000000e+00,0.000000000000000000e+00
0.000000000000000000e+00,3.938067187928148694e-01,0.000000000000000000e+00,3.979061363287299535e-01,0.000000000000000000e+00,0.000000000000000000e+00,0.000000000000000000e+00,0.000000000000000000e+00,0.000000000000000000e+00,2.804446672830447906e-01,0.000000000000000000e+00,0.000000000000000000e+00
0.000000000000000000e+00,3.880976316614673238e-01,0.000000000000000000e+00,3.920119512734713263e-01,0.000000000000000000e+00,0.000000000000000000e+00,0.000000000000000000e+00,0.000000000000000000e+00,0.000000000000000000e+00,2.920479394696509634e-01,0.000000000000000000e+00,0.000000000000000000e+00
0.000000000000000000e+00,3.825678625592635607e-01,0.000000000000000000e+00,3.862937995259900226e-01,0.000000000000000000e+00,0.000000000000000000e+00,0.000000000000000000e+00,0.000000000000000000e+00,0.000000000000000000e+00,3.032958603193358083e-01,0.000000000000000000e+00,0.000000000000000000e+00
0.000000000000000000e+00,3.772304881956947131e-01,0.000000000000000000e+00,3.807566742213018829e-01,0.000000000000000000e+00,0.000000000000000000e+00,0.000000000000000000e+00,0.000000000000000000e+00,0.000000000000000000e+00,3.141703599875929065e-01,0.000000000000000000e+00,0.000000000000000000e+00
0.000000000000000000e+00,3.720141178728511022e-01,0.000000000000000000e+00,3.753425311333133396e-01,0.000000000000000000e+00,0.000000000000000000e+00,0.000000000000000000e+00,0.000000000000000000e+00,0.000000000000000000e+00,3.248008733984251162e-01,0.000000000000000000e+00,0.000000000000000000e+00
0.000000000000000000e+00,3.668679448367501150e-01,0.000000000000000000e+00,3.700255046214100951e-01,0.000000000000000000e+00,0.000000000000000000e+00,0.000000000000000000e+00,0.000000000000000000e+00,0.000000000000000000e+00,3.352640729464291258e-01,0.000000000000000000e+00,0.000000000000000000e+00
0.000000000000000000e+00,3.618917303737231861e-01,0.000000000000000000e+00,3.648980757990363810e-01,0.000000000000000000e+00,0.000000000000000000e+00,0.000000000000000000e+00,0.000000000000000000e+00,0.000000000000000000e+00,3.453677162318298799e-01,0.000000000000000000e+00,0.000000000000000000e+00
0.000000000000000000e+00,3.572201590591606579e-01,0.000000000000000000e+00,3.600732029206624163e-01,0.000000000000000000e+00,0.000000000000000000e+00,0.000000000000000000e+00,0.000000000000000000e+00,0.000000000000000000e+00,3.548641604247663728e-01,0.000000000000000000e+00,0.000000000000000000e+00
0.000000000000000000e+00,3.528468581823610561e-01,0.000000000000000000e+00,3.555346500990401726e-01,0.000000000000000000e+00,0.000000000000000000e+00,0.000000000000000000e+00,0.000000000000000000e+00,0.000000000000000000e+00,3.637760141231881073e-01,0.000000000000000000e+00,0.000000000000000000e+00
0.000000000000000000e+00,3.486498401526559876e-01,0.000000000000000000e+00,3.511580986576337549e-01,0.000000000000000000e+00,0.000000000000000000e+00,0.000000000000000000e+00,0.000000000000000000e+00,0.000000000000000000e+00,3.723495835942998156e-01,0.000000000000000000e+00,0.000000000000000000e+00
0.000000000000000000e+00,3.445390177080320249e-01,0.000000000000000000e+00,3.468543688733755070e-01,0.000000000000000000e+00,0.000000000000000000e+00,0.000000000000000000e+00,0.000000000000000000e+00,0.000000000000000000e+00,3.807641358231820261e-01,0.000000000000000000e+00,0.000000000000000000e+00
0.000000000000000000e+00,3.405119389607982328e-01,0.000000000000000000e+00,3.426428824287533481e-01,0.000000000000000000e+00,0.000000000000000000e+00,0.000000000000000000e+00,0.000000000000000000e+00,0.000000000000000000e+00,3.890027010150378106e-01,0.000000000000000000e+00,0.000000000000000000e+00
0.000000000000000000e+00,3.366245535947251510e-01,0.000000000000000000e+00,3.386151889946609206e-01,0.000000000000000000e+00,0.000000000000000000e+00,0.000000000000000000e+00,0.000000000000000000e+00,0.000000000000000000e+00,3.969177798152034309e-01,0.000000000000000000e+00,0.000000000000000000e+00
0.000000000000000000e+00,3.329541785613778226e-01,0.000000000000000000e+00,3.348368137821419732e-01,0.000000000000000000e+00,0.000000000000000000e+00,0.000000000000000000e+00,0.000000000000000000e+00,0.000000000000000000e+00,4.043665300610697066e-01,0.000000000000000000e+00,0.000000000000000000e+00
0.000000000000000000e+00,3.295469355823437696e-01,0.000000000000000000e+00,3.313168583198030648e-01,0.000000000000000000e+00,0.000000000000000000e+00,0.000000000000000000e+00,0.000000000000000000e+00,0.000000000000000000e+00,4.112937285024427791e-01,0.000000000000000000e+00,0.000000000000000000e+00
0.000000000000000000e+00,3.263991913130813716e-01,0.000000000000000000e+00,3.280645911794313196e-01,0.000000000000000000e+00,0.000000000000000000e+00,0.000000000000000000e+00,0.000000000000000000e+00,0.000000000000000000e+00,4.176937399120768113e-01,0.000000000000000000e+00,0.000000000000000000e+00
0.000000000000000000e+00,3.234816885616250692e-01,0.000000000000000000e+00,3.250757482954791944e-01,0.000000000000000000e+00,0.000000000000000000e+00,0.000000000000000000e+00,0.000000000000000000e+00,0.000000000000000000e+00,4.236000855474851834e-01,0.000000000000000000e+00,0.000000000000000000e+00
0.000000000000000000e+00,3.207384109796733718e-01,0.000000000000000000e+00,3.223004716264851743e-01,0.000000000000000000e+00,0.000000000000000000e+00,0.000000000000000000e+00,0.000000000000000000e+00,0.000000000000000000e+00,4.291186397984310674e-01,0.000000000000000000e+00,0.000000000000000000e+00
0.000000000000000000e+00,3.181357585802421228e-01,0.000000000000000000e+00,3.196818637542028219e-01,0.000000000000000000e+00,0.000000000000000000e+00,0.000000000000000000e+00,0.000000000000000000e+00,0.000000000000000000e+00,4.343399000701446688e-01,0.000000000000000000e+00,0.000000000000000000e+00
0.000000000000000000e+00,3.156966918509916953e-01,0.000000000000000000e+00,3.172154385296522272e-01,0.000000000000000000e+00,0.000000000000000000e+00,0.000000000000000000e+00,0.000000000000000000e+00,0.000000000000000000e+00,4.392453920239454690e-01,0.000000000000000000e+00,0.000000000000000000e+00
0.000000000000000000e+00,3.134416845792898920e-01,0.000000000000000000e+00,3.149448958912043350e-01,0.000000000000000000e+00,0.000000000000000000e+00,0.000000000000000000e+00,0.000000000000000000e+00,0.000000000000000000e+00,4.437709419340952199e-01,0.000000000000000000e+00,0.000000000000000000e+00
0.000000000000000000e+00,3.113754155696182302e-01,0.000000000000000000e+00,3.128844446709255211e-01,0.000000000000000000e+00,0.000000000000000000e+00,0.000000000000000000e+00,0.000000000000000000e+00,0.000000000000000000e+00,4.478976621640456401e-01,0.000000000000000000e+00,0.000000000000000000e+00
0.000000000000000000e+00,3.095023634722023353e-01,0.000000000000000000e+00,3.110026475274566549e-01,0.000000000000000000e+00,0.000000000000000000e+00,0.000000000000000000e+00,0.000000000000000000e+00,0.000000000000000000e+00,4.516525114049305678e-01,0.000000000000000000e+00,0.000000000000000000e+00
0.000000000000000000e+00,3.078041084467156852e-01,0.000000000000000000e+00,3.092761155938457129e-01,0.000000000000000000e+00,0.000000000000000000e+00,0.000000000000000000e+00,0.000000000000000000e+00,0.000000000000000000e+00,4.550772983640279379e-01,0.000000000000000000e+00,0.000000000000000000e+00
0.000000000000000000e+00,3.062563073740438013e-01,0.000000000000000000e+00,3.076927206797661074e-01,0.000000000000000000e+00,0.000000000000000000e+00,0.000000000000000000e+00,0.000000000000000000e+00,0.000000000000000000e+00,4.582084943507795383e-01,0.000000000000000000e+00,0.000000000000000000e+00
0.000000000000000000e+00,3.048576492585272635e-01,0.000000000000000000e+00,3.062441470309418823e-01,0.000000000000000000e+00,0.000000000000000000e+00,0.000000000000000000e+00,0.000000000000000000e+00,0.000000000000000000e+00,4.610557261151204123e-01,0.000000000000000000e+00,0.000000000000000000e+00
0.000000000000000000e+00,3.036096916785125943e-01,0.000000000000000000e+00,3.049382615632545424e-01,0.000000000000000000e+00,0.000000000000000000e+00,0.000000000000000000e+00,0.000000000000000000e+00,0.000000000000000000e+00,4.636095691628224214e-01,0.000000000000000000e+00,0.000000000000000000e+00
0.000000000000000000e+00,3.025144597248250466e-01,0.000000000000000000e+00,3.037759096963906780e-01,0.000000000000000000e+00,0.000000000000000000e+00,0.000000000000000000e+00,0.000000000000000000e+00,0.000000000000000000e+00,4.658671529833726677e-01,0.000000000000000000e+00,0.000000000000000000e+00
0.000000000000000000e+00,3.015682227252047265e-01,0.000000000000000000e+00,3.027559379100995263e-01,0.000000000000000000e+00,0.000000000000000000e+00,0.000000000000000000e+00,0.000000000000000000e+00,0.000000000000000000e+00,4.678333617692822521e-01,0.000000000000000000e+00,0.000000000000000000e+00
0.000000000000000000e+00,3.007556511753404216e-01,0.000000000000000000e+00,3.018730693348974370e-01,0.000000000000000000e+00,0.000000000000000000e+00,0.000000000000000000e+00,0.000000000000000000e+00,0.000000000000000000e+00,4.695288018948325925e-01,0.000000000000000000e+00,0.000000000000000000e+00
0.000000000000000000e+00,3.000783375542151465e-01,0.000000000000000000e+00,3.010976487275011659e-01,0.000000000000000000e+00,0.000000000000000000e+00,0.000000000000000000e+00,0.000000000000000000e+00,0.000000000000000000e+00,4.709815361283136714e-01,0.000000000000000000e+00,0.000000000000000000e+00
0.000000000000000000e+00,2.995402557270221977e-01,0.000000000000000000e+00,3.004398710177710319e-01,0.000000000000000000e+00,0.000000000000000000e+00,0.000000000000000000e+00,0.000000000000000000e+00,0.000000000000000000e+00,4.721774019326706595e-01,0.000000000000000000e+00,0.000000000000000000e+00
0.000000000000000000e+00,2.991526382550857566e-01,0.000000000000000000e+00,2.999805974790742402e-01,0.000000000000000000e+00,0.000000000000000000e+00,0.000000000000000000e+00,0.000000000000000000e+00,0.000000000000000000e+00,4.730246287566971519e-01,0.000000000000000000e+00,0.000000000000000000e+00
0.000000000000000000e+00,2.990552967194682332e-01,0.000000000000000000e+00,2.998629086108321462e-01,0.000000000000000000e+00,0.000000000000000000e+00,0.000000000000000000e+00,0.000000000000000000e+00,0.000000000000000000e+00,4.732470066143490417e-01,0.000000000000000000e+00,0.000000000000000000e+00
0.000000000000000000e+00,2.990529541883639175e-01,0.000000000000000000e+00,2.998605660533429917e-01,0.000000000000000000e+00,0.000000000000000000e+00,0.000000000000000000e+00,0.000000000000000000e+00,0.000000000000000000e+00,4.732445716523746015e-01,0.000000000000000000e+00,0.000000000000000000e+00
0.000000000000000000e+00,2.990554098771457947e-01,0.000000000000000000e+00,2.998630217155143218e-01,0.000000000000000000e+00,0.000000000000000000e+00,0.000000000000000000e+00,0.000000000000000000e+00,0.000000000000000000e+00,4.732471500839857681e-01,0.000000000000000000e+00,0.000000000000000000e+00
