0.000000000000000000e+00,4.124239662822480890e-01,0.000000000000000000e+00,0.000000000000000000e+00,2.386342785744458711e-02,3.309778622557494332e-01,0.000000000000000000e+00,2.422543934624405981e-01,0.000000000000000000e+00,0.000000000000000000e+00,0.000000000000000000e+00,0.000000000000000000e+00
0.000000000000000000e+00,4.125247748922097890e-01,0.000000000000000000e+00,0.000000000000000000e+00,2.386316419551820500e-02,3.309717199379009767e-01,0.000000000000000000e+00,2.422366566961655920e-01,0.000000000000000000e+00,0.000000000000000000e+00,0.000000000000000000e+00,0.000000000000000000e+00
0.000000000000000000e+00,3.584437127591926786e-01,0.000000000000000000e+00,0.000000000000000000e+00,3.383451437864640199e-02,3.309740743303027366e-01,0.000000000000000000e+00,2.422172892895516072e-01,4.531522243392489130e-02,0.000000000000000000e+00,0.000000000000000000e+00,0.000000000000000000e+00
0.000000000000000000e+00,2.573002677037746766e-01,0.000000000000000000e+00,0.000000000000000000e+00,3.382339993129727940e-02,3.246858222566550434e-01,0.000000000000000000e+00,2.422352545986578010e-01,1.531383845947340006e-01,0.000000000000000000e+00,0.000000000000000000e+00,0.000000000000000000e+00
0.000000000000000000e+00,1.477173918225093696e-01,0.000000000000000000e+00,0.000000000000000000e+00,3.379397237804752929e-02,3.172327255256870981e-01,8.498768651633371160e-06,2.422751752881337206e-01,2.701404692825905562e-01,0.000000000000000000e+00,0.000000000000000000e+00,0.000000000000000000e+00
0.000000000000000000e+00,5.705251557595138884e-02,0.000000000000000000e+00,0.000000000000000000e+00,3.386621930275181963e-02,3.095541019924742399e-01,7.341421527325648147e-07,2.417726353174283749e-01,3.689198685549489598e-01,0.000000000000000000e+00,0.000000000000000000e+00,0.000000000000000000e+00
0.000000000000000000e+00,4.620050325471770740e-03,0.000000000000000000e+00,0.000000000000000000e+00,3.029513473916508118e-02,2.992053916074571274e-01,0.000000000000000000e+00,2.339231645502440060e-01,4.434750490948851653e-01,0.000000000000000000e+00,0.000000000000000000e+00,0.000000000000000000e+00
0.000000000000000000e+00,1.262192599600423220e-03,0.000000000000000000e+00,0.000000000000000000e+00,0.000000000000000000e+00,2.871207783074394282e-01,0.000000000000000000e+00,2.249934888043065850e-01,4.982637121388792112e-01,0.000000000000000000e+00,0.000000000000000000e+00,0.000000000000000000e+00
0.000000000000000000e+00,1.270792460320501740e-03,0.000000000000000000e+00,0.000000000000000000e+00,0.000000000000000000e+00,2.672237295306698068e-01,0.000000000000000000e+00,2.125639589842613364e-01,5.304743060258656495e-01,0.000000000000000000e+00,0.000000000000000000e+00,0.000000000000000000e+00
0.000000000000000000e+00,1.217323713120918192e-03,0.000000000000000000e+00,0.000000000000000000e+00,0.000000000000000000e+00,2.515439357426716427e-01,0.000000000000000000e+00,2.077733337249434431e-01,5.510760184838565667e-01,0.000000000000000000e+00,0.000000000000000000e+00,0.000000000000000000e+00
0.000000000000000000e+00,1.244656906929972329e-03,0.000000000000000000e+00,0.000000000000000000e+00,0.000000000000000000e+00,2.424201843290498815e-01,0.000000000000000000e+00,2.077957611481729416e-01,5.600669751877261904e-01,0.000000000000000000e+00,0.000000000000000000e+00,0.000000000000000000e+00
0.000000000000000000e+00,1.322296830757325493e-03,0.000000000000000000e+00,0.000000000000000000e+00,0.000000000000000000e+00,2.422720320048313003e-01,0.000000000000000000e+00,2.077830129686950023e-01,5.600608718955776277e-01,0.000000000000000000e+00,0.000000000000000000e+00,0.000000000000000000e+00
0.000000000000000000e+00,1.375148485220336432e-03,0.000000000000000000e+00,0.000000000000000000e+00,0.000000000000000000e+00,2.422050283154059680e-01,0.000000000000000000e+00,2.077722187744906190e-01,5.601122504809963321e-01,0.000000000000000000e+00,0.000000000000000000e+00,0.000000000000000000e+00
0.000000000000000000e+00,1.348302768666321139e-03,0.000000000000000000e+00,0.000000000000000000e+00,0.000000000000000000e+00,2.330812091571008993e-01,0.000000000000000000e+00,2.077628565230064672e-01,5.601178733155346423e-01,8.529963462471999713e-03,0.000000000000000000e+00,0.000000000000000000e+00
0.000000000000000000e+00,1.320760276785852083e-03,0.000000000000000000e+00,0.000000000000000000e+00,0.000000000000000000e+00,2.140627163045798476e-01,0.000000000000000000e+00,1.982339445501962172e-01,5.600645540709637826e-01,3.748277631585172909e-02,0.000000000000000000e+00,0.000000000000000000e+00
0.000000000000000000e+00,1.315678307826078025e-03,0.000000000000000000e+00,0.000000000000000000e+00,0.000000000000000000e+00,1.881627509183054214e-01,0.000000000000000000e+00,1.801688739853312959e-01,5.600322436683121685e-01,8.155847340479652208e-02,0.000000000000000000e+00,0.000000000000000000e+00
0.000000000000000000e+00,1.312055831826047401e-03,0.000000000000000000e+00,0.000000000000000000e+00,0.000000000000000000e+00,1.592287054753322439e-01,0.000000000000000000e+00,1.562519367427133155e-01,5.600352593442333715e-01,1.344291978389735853e-01,0.000000000000000000e+00,0.000000000000000000e+00
0.000000000000000000e+00,1.302500092541530050e-03,0.000000000000000000e+00,0.000000000000000000e+00,0.000000000000000000e+00,1.300633534000077418e-01,0.000000000000000000e+00,1.295014359303795493e-01,5.600550439482585574e-01,1.903319828585810780e-01,0.000000000000000000e+00,0.000000000000000000e+00
0.000000000000000000e+00,1.296677900392647579e-03,0.000000000000000000e+00,0.000000000000000000e+00,0.000000000000000000e+00,1.025393253286368406e-01,0.000000000000000000e+00,1.026826752576734114e-01,5.600783126771451403e-01,2.446359964113602459e-01,0.000000000000000000e+00,0.000000000000000000e+00
0.000000000000000000e+00,1.297653309523645170e-03,0.000000000000000000e+00,0.000000000000000000e+00,0.000000000000000000e+00,7.793908691558533441e-02,0.000000000000000000e+00,7.804890111810661169e-02,5.601055233143015233e-01,2.938175665308861984e-01,0.000000000000000000e+00,0.000000000000000000e+00
0.000000000000000000e+00,1.302122432907619216e-03,0.000000000000000000e+00,0.000000000000000000e+00,0.000000000000000000e+00,5.712207691133022042e-02,0.000000000000000000e+00,5.715059397649482897e-02,5.601389606611877348e-01,3.354727889230841864e-01,0.000000000000000000e+00,0.000000000000000000e+00
0.000000000000000000e+00,1.311108887643956883e-03,0.000000000000000000e+00,0.000000000000000000e+00,0.000000000000000000e+00,4.073862381868089549e-02,0.000000000000000000e+00,4.070048308659730829e-02,5.601759901275730202e-01,3.682450146286490589e-01,0.000000000000000000e+00,0.000000000000000000e+00
0.000000000000000000e+00,1.326536483619996818e-03,0.000000000000000000e+00,0.000000000000000000e+00,0.000000000000000000e+00,2.926407651362570445e-02,0.000000000000000000e+00,2.918697571720347411e-02,5.602110829796157487e-01,3.911649838442490257e-01,0.000000000000000000e+00,0.000000000000000000e+00
0.000000000000000000e+00,1.344947919141397524e-03,0.000000000000000000e+00,0.000000000000000000e+00,0.000000000000000000e+00,2.297813481657744530e-02,0.000000000000000000e+00,2.296820159228798314e-02,5.602458728470393057e-01,4.036059766132570337e-01,0.000000000000000000e+00,0.000000000000000000e+00
0.000000000000000000e+00,1.362785694729221455e-03,0.000000000000000000e+00,0.000000000000000000e+00,0.000000000000000000e+00,2.211054463017457852e-02,0.000000000000000000e+00,2.209542180040347664e-02,5.602940935941114198e-01,4.054295139606486909e-01,0.000000000000000000e+00,0.000000000000000000e+00
0.000000000000000000e+00,1.374778586117629368e-03,0.000000000000000000e+00,0.000000000000000000e+00,0.000000000000000000e+00,2.209920521125180795e-02,0.000000000000000000e+00,2.208328585995223206e-02,5.603500253389959163e-01,4.053940438148667114e-01,0.000000000000000000e+00,0.000000000000000000e+00
0.000000000000000000e+00,1.411688547968705052e-03,0.000000000000000000e+00,0.000000000000000000e+00,0.000000000000000000e+00,2.209836083880810723e-02,0.000000000000000000e+00,2.208213176359486232e-02,5.604084635474476661e-01,4.053793874667654951e-01,0.000000000000000000e+00,0.000000000000000000e+00
0.000000000000000000e+00,1.432853199602577296e-03,0.000000000000000000e+00,0.000000000000000000e+00,0.000000000000000000e+00,2.210378322973892071e-02,0.000000000000000000e+00,2.208872944218096337e-02,5.603894933996966810e-01,4.053597109069561055e-01,0.000000000000000000e+00,0.000000000000000000e+00
0.000000000000000000e+00,1.456765794020985954e-03,0.000000000000000000e+00,0.000000000000000000e+00,0.000000000000000000e+00,2.213328100047645339e-02,0.000000000000000000e+00,2.211962306154700852e-02,5.603743994609231560e-01,4.053481342918488495e-01,0.000000000000000000e+00,0.000000000000000000e+00
0.000000000000000000e+00,1.470776707485396033e-03,0.000000000000000000e+00,0.000000000000000000e+00,0.000000000000000000e+00,2.215101838486930458e-02,0.000000000000000000e+00,2.213845862507140411e-02,5.557728146451068607e-01,4.100359981644250973e-01,0.000000000000000000e+00,0.000000000000000000e+00
0.000000000000000000e+00,1.500969563942554331e-03,0.000000000000000000e+00,0.000000000000000000e+00,0.000000000000000000e+00,2.216078354594434863e-02,0.000000000000000000e+00,2.214934376922525136e-02,5.460238750692603116e-01,4.197390153638642096e-01,0.000000000000000000e+00,0.000000000000000000e+00
0.000000000000000000e+00,1.525429235594267423e-03,0.000000000000000000e+00,0.000000000000000000e+00,0.000000000000000000e+00,2.216241840408672559e-02,0.000000000000000000e+00,2.215233702783731343e-02,5.324721152714065875e-01,4.332531334170315884e-01,0.000000000000000000e+00,0.000000000000000000e+00
0.000000000000000000e+00,1.504184738693000204e-03,0.000000000000000000e+00,0.000000000000000000e+00,0.000000000000000000e+00,2.217153352296001231e-02,0.000000000000000000e+00,2.216294715685979480e-02,5.161781128154838694e-01,4.495270699218278376e-01,0.000000000000000000e+00,0.000000000000000000e+00
0.000000000000000000e+00,1.442872041253293958e-03,0.000000000000000000e+00,0.000000000000000000e+00,0.000000000000000000e+00,2.217947103300334233e-02,0.000000000000000000e+00,2.217261889055835780e-02,4.974188126714792491e-01,4.683101885549758592e-01,0.000000000000000000e+00,0.000000000000000000e+00
0.000000000000000000e+00,1.424016905357452156e-03,0.000000000000000000e+00,0.000000000000000000e+00,0.000000000000000000e+00,2.216236984149009409e-02,0.000000000000000000e+00,2.215772614086935002e-02,4.764692697607982308e-01,4.893512298397454385e-01,0.000000000000000000e+00,0.000000000000000000e+00
0.000000000000000000e+00,1.470764880444729115e-03,0.000000000000000000e+00,0.000000000000000000e+00,0.000000000000000000e+00,2.211935578998401250e-02,0.000000000000000000e+00,2.211731438548292586e-02,4.539136674223301915e-01,5.118842750259833263e-01,0.000000000000000000e+00,0.000000000000000000e+00
0.000000000000000000e+00,1.457040422214371479e-03,0.000000000000000000e+00,0.000000000000000000e+00,0.000000000000000000e+00,2.210171256570249432e-02,0.000000000000000000e+00,2.210233280008858450e-02,4.304308815224938134e-01,5.357277710122811953e-01,0.000000000000000000e+00,0.000000000000000000e+00
0.000000000000000000e+00,1.165358057212199233e-02,0.000000000000000000e+00,0.000000000000000000e+00,0.000000000000000000e+00,2.210540389718970017e-02,0.000000000000000000e+00,2.210862875180374942e-02,3.998432569023949723e-01,5.556808892671042388e-01,0.000000000000000000e+00,0.000000000000000000e+00
0.000000000000000000e+00,5.993762661392066510e-02,0.000000000000000000e+00,0.000000000000000000e+00,0.000000000000000000e+00,2.207139751912614439e-02,0.000000000000000000e+00,2.207738542576457783e-02,3.455223392921951686e-01,5.613962362498580161e-01,0.000000000000000000e+00,0.000000000000000000e+00
0.000000000000000000e+00,1.220087654248639686e-01,0.000000000000000000e+00,3.467868511997134612e-02,0.000000000000000000e+00,2.207285940372891164e-02,0.000000000000000000e+00,2.208186821082834886e-02,2.487549326428376284e-01,5.614069008493747237e-01,0.000000000000000000e+00,0.000000000000000000e+00
0.000000000000000000e+00,1.904318660358477466e-01,0.000000000000000000e+00,8.645980058257086986e-02,0.000000000000000000e+00,2.207672579282902309e-02,0.000000000000000000e+00,2.208870331058341088e-02,1.285906027313497291e-01,5.614395705549658500e-01,0.000000000000000000e+00,0.000000000000000000e+00
0.000000000000000000e+00,2.495902010590473064e-01,0.000000000000000000e+00,1.310719332029034456e-01,0.000000000000000000e+00,2.209261730521984088e-02,0.000000000000000000e+00,2.210719037888129665e-02,2.430751484050179545e-02,5.614934230945377580e-01,0.000000000000000000e+00,0.000000000000000000e+00
0.000000000000000000e+00,2.707043712410381886e-01,0.000000000000000000e+00,1.340429389599941401e-01,0.000000000000000000e+00,2.212807661178441479e-02,0.000000000000000000e+00,2.214499894688734538e-02,0.000000000000000000e+00,5.615544923490977114e-01,0.000000000000000000e+00,0.000000000000000000e+00
0.000000000000000000e+00,2.706565583882540316e-01,0.000000000000000000e+00,1.340041197167415599e-01,0.000000000000000000e+00,2.213311199586128278e-02,0.000000000000000000e+00,2.215242895648721413e-02,0.000000000000000000e+00,5.615765136525575629e-01,0.000000000000000000e+00,0.000000000000000000e+00
0.000000000000000000e+00,2.706866349355094292e-01,0.000000000000000000e+00,1.340370165787187762e-01,0.000000000000000000e+00,2.210147255842699957e-02,0.000000000000000000e+00,2.212331670703359190e-02,0.000000000000000000e+00,5.615604562158303947e-01,0.000000000000000000e+00,0.000000000000000000e+00
0.000000000000000000e+00,2.706955495410433565e-01,0.000000000000000000e+00,1.340664588325668483e-01,0.000000000000000000e+00,2.208376443028156610e-02,0.000000000000000000e+00,2.210838083810780577e-02,0.000000000000000000e+00,5.615676933743221078e-01,0.000000000000000000e+00,0.000000000000000000e+00
0.000000000000000000e+00,2.706530455648413214e-01,0.000000000000000000e+00,1.340601641089195772e-01,0.000000000000000000e+00,2.208363862301682828e-02,0.000000000000000000e+00,2.211062855192996376e-02,0.000000000000000000e+00,5.615989641833983859e-01,0.000000000000000000e+00,0.000000000000000000e+00
0.000000000000000000e+00,2.706348484338417237e-01,0.000000000000000000e+00,1.340470665903064629e-01,0.000000000000000000e+00,2.209221855004673760e-02,0.000000000000000000e+00,2.211941499785695375e-02,0.000000000000000000e+00,5.616233862541970545e-01,0.000000000000000000e+00,0.000000000000000000e+00
0.000000000000000000e+00,2.706467045997514309e-01,0.000000000000000000e+00,1.340250706149588855e-01,0.000000000000000000e+00,2.209952442214886681e-02,0.000000000000000000e+00,2.212668501195661636e-02,0.000000000000000000e+00,5.616221118578021976e-01,0.000000000000000000e+00,0.000000000000000000e+00
0.000000000000000000e+00,2.706588445241420726e-01,0.000000000000000000e+00,1.340331744721314222e-01,0.000000000000000000e+00,2.209356548592523312e-02,0.000000000000000000e+00,2.212431366844364727e-02,0.000000000000000000e+00,5.616181944443210394e-01,0.000000000000000000e+00,0.000000000000000000e+00
0.000000000000000000e+00,2.706724764879899769e-01,1.671284694753920677e-02,1.253132657219054036e-01,0.000000000000000000e+00,2.061951470205731010e-02,0.000000000000000000e+00,2.066611960050550659e-02,0.000000000000000000e+00,5.573798641872881321e-01,0.000000000000000000e+00,0.000000000000000000e+00
0.000000000000000000e+00,2.706864319356236948e-01,5.105925081975491719e-02,1.001642691165684218e-01,0.000000000000000000e+00,1.932922456553149912e-02,0.000000000000000000e+00,1.927768107946536275e-02,0.000000000000000000e+00,5.508936508265921406e-01,0.000000000000000000e+00,0.000000000000000000e+00
0.000000000000000000e+00,2.706955615080388622e-01,9.185674570494496705e-02,6.615477917937874486e-02,0.000000000000000000e+00,1.926548118071608542e-02,0.000000000000000000e+00,1.902814357894444530e-02,0.000000000000000000e+00,5.444522866506777969e-01,0.000000000000000000e+00,0.000000000000000000e+00
0.000000000000000000e+00,2.707030210116991298e-01,1.316252537145027324e-01,3.197010631044818613e-02,0.000000000000000000e+00,1.926678286848506130e-02,0.000000000000000000e+00,1.903128460607791256e-02,0.000000000000000000e+00,5.387948498140865405e-01,0.000000000000000000e+00,0.000000000000000000e+00
0.000000000000000000e+00,2.620866560047703797e-01,1.675984990199269331e-01,7.441749736053725889e-03,0.000000000000000000e+00,1.926453923275584304e-02,0.000000000000000000e+00,1.902861317663548033e-02,0.000000000000000000e+00,5.359924650938351354e-01,0.000000000000000000e+00,0.000000000000000000e+00
0.000000000000000000e+00,2.411731066473860041e-01,1.974175332349152601e-01,0.000000000000000000e+00,0.000000000000000000e+00,1.926398671859683165e-02,0.000000000000000000e+00,1.904209516032892568e-02,0.000000000000000000e+00,5.348971608498441777e-01,0.000000000000000000e+00,0.000000000000000000e+00
0.000000000000000000e+00,2.063562836293392211e-01,2.177673671012701206e-01,0.000000000000000000e+00,0.000000000000000000e+00,1.925465662222583529e-02,0.000000000000000000e+00,1.904158270086733426e-02,1.578014262113681607e-02,5.330961076353420980e-01,0.000000000000000000e+00,0.000000000000000000e+00
0.000000000000000000e+00,1.564344846423918467e-01,2.231135625502305986e-01,0.000000000000000000e+00,0.000000000000000000e+00,1.925752473984573138e-02,0.000000000000000000e+00,1.905019645596307820e-02,6.775850599751129244e-02,5.256673019237859679e-01,0.000000000000000000e+00,0.000000000000000000e+00
0.000000000000000000e+00,1.027571216756969080e-01,2.231094823354955736e-01,0.000000000000000000e+00,0.000000000000000000e+00,1.925130804057240477e-02,0.000000000000000000e+00,1.905313696734912271e-02,1.312301014175888403e-01,5.160195256880524273e-01,0.000000000000000000e+00,0.000000000000000000e+00
0.000000000000000000e+00,5.475709161030287847e-02,2.231228153221408717e-01,0.000000000000000000e+00,0.000000000000000000e+00,1.924389498086364128e-02,0.000000000000000000e+00,1.905451049990198112e-02,1.917689731060546188e-01,5.034499513010531890e-01,0.000000000000000000e+00,0.000000000000000000e+00
0.000000000000000000e+00,1.983604710593979067e-02,2.230998252440234142e-01,0.000000000000000000e+00,0.000000000000000000e+00,1.924762543887049288e-02,0.000000000000000000e+00,1.906054333434400658e-02,2.428515408538612086e-01,4.872715487204496432e-01,0.000000000000000000e+00,0.000000000000000000e+00
0.000000000000000000e+00,1.446700962636917644e-03,2.230446488437317631e-01,0.000000000000000000e+00,0.000000000000000000e+00,1.902200318978464894e-02,0.000000000000000000e+00,1.876775771877110810e-02,2.822278455796238816e-01,4.669099634483719896e-01,0.000000000000000000e+00,0.000000000000000000e+00
0.000000000000000000e+00,1.268241809384905699e-03,2.230047994119176702e-01,0.000000000000000000e+00,0.000000000000000000e+00,1.713594160384779644e-02,0.000000000000000000e+00,1.746591466035512727e-02,3.102771284263982632e-01,4.425579194103566039e-01,0.000000000000000000e+00,0.000000000000000000e+00
0.000000000000000000e+00,1.263607623686106374e-03,2.230136099372548308e-01,0.000000000000000000e+00,0.000000000000000000e+00,1.714083339563707287e-02,0.000000000000000000e+00,1.747541258658590752e-02,3.325417988738475494e-01,4.200718251864973829e-01,0.000000000000000000e+00,0.000000000000000000e+00
0.000000000000000000e+00,1.248021930017969520e-03,2.230236828764513846e-01,0.000000000000000000e+00,0.000000000000000000e+00,1.714851092587185363e-02,0.000000000000000000e+00,1.748182349870072011e-02,3.507049791655907356e-01,4.019250558943061047e-01,0.000000000000000000e+00,0.000000000000000000e+00
0.000000000000000000e+00,1.270609461588823388e-03,2.230088538020086331e-01,0.000000000000000000e+00,0.000000000000000000e+00,1.714985489951723063e-02,0.000000000000000000e+00,1.748143328101921593e-02,3.645002672006831257e-01,3.881164168693492789e-01,0.000000000000000000e+00,0.000000000000000000e+00
0.000000000000000000e+00,1.299892003907561315e-03,2.229871014974266763e-01,0.000000000000000000e+00,0.000000000000000000e+00,1.714164907111315889e-02,0.000000000000000000e+00,1.747462173588550105e-02,3.735441100284636606e-01,3.790867115210036498e-01,0.000000000000000000e+00,0.000000000000000000e+00
0.000000000000000000e+00,1.303095471472372202e-03,2.229730467737816302e-01,0.000000000000000000e+00,0.000000000000000000e+00,1.712852692015183476e-02,0.000000000000000000e+00,1.746341727091770685e-02,3.774664216003900119e-01,3.751731167818503354e-01,0.000000000000000000e+00,0.000000000000000000e+00
0.000000000000000000e+00,1.294062554678011541e-03,2.229719827730113624e-01,0.000000000000000000e+00,0.000000000000000000e+00,1.712451586583717267e-02,0.000000000000000000e+00,1.745893528209042575e-02,3.774935600121888113e-01,3.751565746389016187e-01,0.000000000000000000e+00,0.000000000000000000e+00
0.000000000000000000e+00,1.278970434997997842e-03,2.229618371004557509e-01,0.000000000000000000e+00,0.000000000000000000e+00,1.711648925293532408e-02,0.000000000000000000e+00,1.744807419582117269e-02,3.775167250440625288e-01,3.751393920111723013e-01,0.000000000000000000e+00,0.000000000000000000e+00
0.000000000000000000e+00,1.270153039289852182e-03,2.229538956959691842e-01,0.000000000000000000e+00,0.000000000000000000e+00,1.711330526316778150e-02,0.000000000000000000e+00,1.744117194989276004e-02,3.774967135643471083e-01,3.751811852060236707e-01,0.000000000000000000e+00,0.000000000000000000e+00
0.000000000000000000e+00,1.254197078596374715e-03,2.229468030087222719e-01,0.000000000000000000e+00,0.000000000000000000e+00,1.710814435333717423e-02,0.000000000000000000e+00,1.743252086944135915e-02,3.774639112982569600e-01,3.752287645434861374e-01,0.000000000000000000e+00,0.000000000000000000e+00
0.000000000000000000e+00,1.236076828406949607e-03,2.229443447609281703e-01,0.000000000000000000e+00,0.000000000000000000e+00,1.710573336806994402e-02,0.000000000000000000e+00,1.742643755928051721e-02,3.774500192736039428e-01,3.752568676108347656e-01,0.000000000000000000e+00,0.000000000000000000e+00
0.000000000000000000e+00,1.219484527512988432e-03,2.229398663947829984e-01,0.000000000000000000e+00,0.000000000000000000e+00,1.710490785373031467e-02,0.000000000000000000e+00,1.742007752038121984e-02,3.774525083346133014e-01,3.752680408305877346e-01,0.000000000000000000e+00,0.000000000000000000e+00
0.000000000000000000e+00,1.205067875465607331e-03,2.229300080800013795e-01,0.000000000000000000e+00,0.000000000000000000e+00,1.710534958483419729e-02,0.000000000000000000e+00,1.741190939384505004e-02,3.774587746174341563e-01,3.752746715025295221e-01,0.000000000000000000e+00,0.000000000000000000e+00
0.000000000000000000e+00,1.191746926046673193e-03,2.229179643184918680e-01,0.000000000000000000e+00,0.000000000000000000e+00,1.710793259630086910e-02,0.000000000000000000e+00,1.740394073999163710e-02,3.774639268100793421e-01,3.752813235149490834e-01,0.000000000000000000e+00,0.000000000000000000e+00
0.000000000000000000e+00,1.178640351651963521e-03,2.229068590282750617e-01,0.000000000000000000e+00,0.000000000000000000e+00,1.711151912634836444e-02,0.000000000000000000e+00,1.739791079385801659e-02,3.774647762197660406e-01,3.752878011431460270e-01,0.000000000000000000e+00,0.000000000000000000e+00
0.000000000000000000e+00,1.166037357749800463e-03,2.228958580007146528e-01,0.000000000000000000e+00,0.000000000000000000e+00,1.711491676481302973e-02,0.000000000000000000e+00,1.739284378650894983e-02,3.774612926685463887e-01,3.752931230292141929e-01,0.000000000000000000e+00,0.000000000000000000e+00
0.000000000000000000e+00,1.155858265530752610e-03,2.228833957000235788e-01,0.000000000000000000e+00,0.000000000000000000e+00,1.712032289364380511e-02,0.000000000000000000e+00,1.738742566501309469e-02,3.774586388276058302e-01,3.752964261264918888e-01,0.000000000000000000e+00,0.000000000000000000e+00
0.000000000000000000e+00,1.148456627262344669e-03,2.228681566025565441e-01,0.000000000000000000e+00,0.000000000000000000e+00,1.712591836893005703e-02,0.000000000000000000e+00,1.738289302865994243e-02,3.774566556738172540e-01,3.752959396407670734e-01,0.000000000000000000e+00,0.000000000000000000e+00
0.000000000000000000e+00,1.143871830162458171e-03,2.228512415314231609e-01,0.000000000000000000e+00,0.000000000000000000e+00,1.712405972941585114e-02,0.000000000000000000e+00,1.738529747973030851e-02,3.774510970473726190e-01,3.752904844431201314e-01,0.000000000000000000e+00,0.000000000000000000e+00
0.000000000000000000e+00,1.146300666626592739e-03,2.228392669086441402e-01,0.000000000000000000e+00,0.000000000000000000e+00,1.711510868722024292e-02,0.000000000000000000e+00,1.739536959623714726e-02,3.774467722926280744e-01,3.752819330241123907e-01,0.000000000000000000e+00,0.000000000000000000e+00
0.000000000000000000e+00,1.147663354236938549e-03,2.228262465548471460e-01,0.000000000000000000e+00,0.000000000000000000e+00,1.710355015955060745e-02,0.000000000000000000e+00,1.739315946418857825e-02,3.774406296377326164e-01,3.752662736672532362e-01,0.000000000000000000e+00,0.000000000000000000e+00
0.000000000000000000e+00,1.147905360891198281e-03,2.228124544178964050e-01,0.000000000000000000e+00,0.000000000000000000e+00,1.711673888708775682e-02,0.000000000000000000e+00,1.738473815786668875e-02,3.774336052050029644e-01,3.752668263157465933e-01,0.000000000000000000e+00,0.000000000000000000e+00
0.000000000000000000e+00,1.138911086758466343e-03,2.227885225278840309e-01,0.000000000000000000e+00,0.000000000000000000e+00,1.712598235790538728e-02,0.000000000000000000e+00,1.738104870383576014e-02,3.774139531266582082e-01,3.752661630306317608e-01,0.000000000000000000e+00,0.000000000000000000e+00
0.000000000000000000e+00,1.143541271557791750e-03,2.227773132959715574e-01,0.000000000000000000e+00,0.000000000000000000e+00,1.330631131010444335e-02,6.555734787261973187e-03,1.559380830975111085e-02,3.774033782006572246e-01,3.746016097459436978e-01,0.000000000000000000e+00,0.000000000000000000e+00
0.000000000000000000e+00,1.148923495391500002e-03,2.227688870072994098e-01,0.000000000000000000e+00,0.000000000000000000e+00,8.700848611757202797e-03,2.030800602583241951e-02,7.921224150149336687e-03,3.773923300722468177e-01,3.731682591118258285e-01,0.000000000000000000e+00,0.000000000000000000e+00
0.000000000000000000e+00,1.141899850514691917e-03,2.227527220802137942e-01,0.000000000000000000e+00,0.000000000000000000e+00,4.866092046452748579e-03,3.464827360080405955e-02,0.000000000000000000e+00,3.773698004200117251e-01,3.706643716004256461e-01,0.000000000000000000e+00,0.000000000000000000e+00
0.000000000000000000e+00,1.135728764087262123e-03,2.227404888576039188e-01,0.000000000000000000e+00,0.000000000000000000e+00,1.321652250032128665e-03,4.370986229740342344e-02,0.000000000000000000e+00,3.773469992389860694e-01,3.652098616018092381e-01,0.000000000000000000e+00,0.000000000000000000e+00
0.000000000000000000e+00,1.156457135344511264e-03,2.227543453349696001e-01,0.000000000000000000e+00,0.000000000000000000e+00,1.375400887786302736e-03,4.915462537268933119e-02,0.000000000000000000e+00,3.773486518936661760e-01,3.597718099863909669e-01,0.000000000000000000e+00,0.000000000000000000e+00
0.000000000000000000e+00,1.161738773184314366e-03,2.227534965222634222e-01,0.000000000000000000e+00,0.000000000000000000e+00,1.395484409865227699e-03,5.245039050723614149e-02,0.000000000000000000e+00,3.773360255559347620e-01,3.563531838372434035e-01,0.000000000000000000e+00,0.000000000000000000e+00
0.000000000000000000e+00,1.166068263477931886e-03,2.227606987307296504e-01,0.000000000000000000e+00,0.000000000000000000e+00,1.429781301685178118e-03,5.365510624473034118e-02,0.000000000000000000e+00,3.773267152116938639e-01,3.551804040878570601e-01,0.000000000000000000e+00,0.000000000000000000e+00
0.000000000000000000e+00,1.166811078024919445e-03,2.227717716027994010e-01,0.000000000000000000e+00,0.000000000000000000e+00,1.462200254930206807e-03,5.366060182595659700e-02,0.000000000000000000e+00,3.773150953617289138e-01,3.551817302349339345e-01,0.000000000000000000e+00,0.000000000000000000e+00
0.000000000000000000e+00,1.157397924165090922e-03,2.227652438230236509e-01,0.000000000000000000e+00,0.000000000000000000e+00,1.486239319954958671e-03,5.364834675423349464e-02,0.000000000000000000e+00,3.772938905004232235e-01,3.551689777160541572e-01,0.000000000000000000e+00,0.000000000000000000e+00
0.000000000000000000e+00,1.169789512055802996e-03,2.227672987233421942e-01,0.000000000000000000e+00,0.000000000000000000e+00,1.514782091990696852e-03,5.364930844424343342e-02,0.000000000000000000e+00,3.773043320876739437e-01,3.551835324578362929e-01,0.000000000000000000e+00,0.000000000000000000e+00
0.000000000000000000e+00,1.165115081705313943e-03,2.227568838910634064e-01,0.000000000000000000e+00,0.000000000000000000e+00,1.512157825546267499e-03,5.363838172052770581e-02,0.000000000000000000e+00,3.773114237700575524e-01,3.551808873837424829e-01,0.000000000000000000e+00,0.000000000000000000e+00
0.000000000000000000e+00,1.166034536225654845e-03,2.225172324225041520e-01,0.000000000000000000e+00,0.000000000000000000e+00,1.516038882262457036e-03,5.386807100549648869e-02,0.000000000000000000e+00,3.773226062790919766e-01,3.551803461779350357e-01,0.000000000000000000e+00,0.000000000000000000e+00
0.000000000000000000e+00,1.171466359246986673e-03,2.191253547354234943e-01,0.000000000000000000e+00,0.000000000000000000e+00,1.527498164961040884e-03,5.727780560931388515e-02,0.000000000000000000e+00,3.773141031241522003e-01,3.551821213269617528e-01,0.000000000000000000e+00,0.000000000000000000e+00
0.000000000000000000e+00,1.179444401494965941e-03,2.127296326034961993e-01,0.000000000000000000e+00,0.000000000000000000e+00,1.538731904522018480e-03,6.360612949567530372e-02,0.000000000000000000e+00,3.773054523026537765e-01,3.551841026430842541e-01,0.000000000000000000e+00,0.000000000000000000e+00
0.000000000000000000e+00,1.182418891970637943e-03,2.049739869854454166e-01,0.000000000000000000e+00,0.000000000000000000e+00,1.541491314486979295e-03,7.386471074282140170e-02,0.000000000000000000e+00,3.748932203758693071e-01,3.551755543879724364e-01,0.000000000000000000e+00,0.000000000000000000e+00
0.000000000000000000e+00,1.187463742673920339e-03,1.964913650302539672e-01,0.000000000000000000e+00,0.000000000000000000e+00,1.547808136768273266e-03,8.813799046656649316e-02,0.000000000000000000e+00,3.691050997594188532e-01,3.551624377324232862e-01,0.000000000000000000e+00,0.000000000000000000e+00
0.000000000000000000e+00,1.194536213755398747e-03,1.877335410235319024e-01,0.000000000000000000e+00,0.000000000000000000e+00,1.560694628116500926e-03,1.060429227285486914e-01,0.000000000000000000e+00,3.599492870743961626e-01,3.551491920058622576e-01,0.000000000000000000e+00,0.000000000000000000e+00
0.000000000000000000e+00,1.201483491672259481e-03,1.787140729021544638e-01,0.000000000000000000e+00,0.000000000000000000e+00,1.575188155673928111e-03,1.269691702594885063e-01,0.000000000000000000e+00,3.480369906749695152e-01,3.551358789807770311e-01,0.000000000000000000e+00,0.000000000000000000e+00
0.000000000000000000e+00,1.210790373806487933e-03,1.691546677223787487e-01,0.000000000000000000e+00,0.000000000000000000e+00,1.588612468416940099e-03,1.506750100553661820e-01,0.000000000000000000e+00,3.338826846672313664e-01,3.551197523997023930e-01,0.000000000000000000e+00,0.000000000000000000e+00
0.000000000000000000e+00,1.221962852989777601e-03,1.588097556707987468e-01,0.000000000000000000e+00,0.000000000000000000e+00,1.599444730677794741e-03,1.772027850974956520e-01,0.000000000000000000e+00,3.176947558002531369e-01,3.550962465999043527e-01,0.000000000000000000e+00,0.000000000000000000e+00
0.000000000000000000e+00,1.227106170963694750e-03,1.478112713068071016e-01,0.000000000000000000e+00,0.000000000000000000e+00,1.604380697984328624e-03,2.064292591491195539e-01,0.000000000000000000e+00,2.994871164741798597e-01,3.550629782232342380e-01,0.000000000000000000e+00,0.000000000000000000e+00
0.000000000000000000e+00,1.225894918429208495e-03,1.364481598162219367e-01,0.000000000000000000e+00,0.000000000000000000e+00,1.605571705498233916e-03,2.381460620547808382e-01,0.000000000000000000e+00,2.791604085433276872e-01,3.550265894524077814e-01,0.000000000000000000e+00,0.000000000000000000e+00
0.000000000000000000e+00,1.231892852453884231e-03,1.247574833946359929e-01,0.000000000000000000e+00,0.000000000000000000e+00,1.608864412452134076e-03,2.721075164501998156e-01,0.000000000000000000e+00,2.569205353329764852e-01,3.549947928289219901e-01,0.000000000000000000e+00,0.000000000000000000e+00
0.000000000000000000e+00,1.257932768787398342e-03,1.128083369286002197e-01,0.000000000000000000e+00,0.000000000000000000e+00,1.616870656502791435e-03,3.079319294234795223e-01,0.000000000000000000e+00,2.330181366724200509e-01,3.549680495976779149e-01,0.000000000000000000e+00,0.000000000000000000e+00
0.000000000000000000e+00,1.294706049929740532e-03,1.012012873769758542e-01,0.000000000000000000e+00,0.000000000000000000e+00,1.631130532627102529e-03,3.453201104775907582e-01,0.000000000000000000e+00,2.075644480922506085e-01,3.549472443405302657e-01,0.000000000000000000e+00,0.000000000000000000e+00
0.000000000000000000e+00,1.284907927853759816e-03,8.222184588958901530e-02,2.408550417514820907e-02,0.000000000000000000e+00,1.627229838926705667e-03,3.747579829973261556e-01,0.000000000000000000e+00,1.724342742537681439e-01,3.549121683856129583e-01,0.000000000000000000e+00,0.000000000000000000e+00
0.000000000000000000e+00,1.280049304874486885e-03,5.370885866609743930e-02,8.457531988530520017e-02,0.000000000000000000e+00,1.633673532157970667e-03,3.903450623701199551e-01,0.000000000000000000e+00,1.249211303143317464e-01,3.548955270536799378e-01,0.000000000000000000e+00,0.000000000000000000e+00
0.000000000000000000e+00,2.775282991843792436e-03,2.361257437683086241e-02,1.645185820653661257e-01,0.000000000000000000e+00,1.631733134938840278e-03,3.906520202161575250e-01,0.000000000000000000e+00,7.298959677665166346e-02,3.548758434697592556e-01,0.000000000000000000e+00,0.000000000000000000e+00
0.000000000000000000e+00,5.760140915145785939e-03,0.000000000000000000e+00,2.333266440649967299e-01,0.000000000000000000e+00,1.610417524380097125e-03,3.906437824149275873e-01,0.000000000000000000e+00,2.469226062124588172e-02,3.548366838288840586e-01,0.000000000000000000e+00,0.000000000000000000e+00
0.000000000000000000e+00,6.428422326987115812e-03,0.000000000000000000e+00,2.576487582284280320e-01,0.000000000000000000e+00,1.575674404350990623e-03,3.906751763035875569e-01,0.000000000000000000e+00,0.000000000000000000e+00,3.547897706149653052e-01,0.000000000000000000e+00,0.000000000000000000e+00
0.000000000000000000e+00,6.412864402763032885e-03,0.000000000000000000e+00,2.575811678349454459e-01,0.000000000000000000e+00,1.585940951059459144e-03,3.907066842149996000e-01,0.000000000000000000e+00,0.000000000000000000e+00,3.548079608819286190e-01,0.000000000000000000e+00,0.000000000000000000e+00
0.000000000000000000e+00,6.370672094978738383e-03,0.000000000000000000e+00,2.576020817964927989e-01,0.000000000000000000e+00,1.567169346081999414e-03,3.906932577121713934e-01,0.000000000000000000e+00,0.000000000000000000e+00,3.548164655163659753e-01,0.000000000000000000e+00,0.000000000000000000e+00
0.000000000000000000e+00,6.344961855724380768e-03,0.000000000000000000e+00,2.576649241149342462e-01,0.000000000000000000e+00,1.541534560062985575e-03,3.907204039317006550e-01,0.000000000000000000e+00,0.000000000000000000e+00,3.548145056970045674e-01,0.000000000000000000e+00,0.000000000000000000e+00
0.000000000000000000e+00,6.359478229549439358e-03,0.000000000000000000e+00,2.576806090910837566e-01,0.000000000000000000e+00,1.510269110911645384e-03,3.907868058805679667e-01,0.000000000000000000e+00,0.000000000000000000e+00,3.547759056375662801e-01,0.000000000000000000e+00,0.000000000000000000e+00
0.000000000000000000e+00,6.383251305794524627e-03,0.000000000000000000e+00,2.576985343723972033e-01,0.000000000000000000e+00,1.494502432989981309e-03,3.908666145648010959e-01,0.000000000000000000e+00,0.000000000000000000e+00,3.547519331706729395e-01,0.000000000000000000e+00,0.000000000000000000e+00
0.000000000000000000e+00,1.214065701354328022e-02,0.000000000000000000e+00,2.577162102263476640e-01,0.000000000000000000e+00,1.510102483368378021e-03,3.909411336280133598e-01,0.000000000000000000e+00,0.000000000000000000e+00,3.489820718952999501e-01,0.000000000000000000e+00,0.000000000000000000e+00
0.000000000000000000e+00,2.709930651712898209e-02,0.000000000000000000e+00,2.577147659439074645e-01,0.000000000000000000e+00,1.532245294680129044e-03,3.910152263167977482e-01,0.000000000000000000e+00,0.000000000000000000e+00,3.338560833406085115e-01,0.000000000000000000e+00,0.000000000000000000e+00
0.000000000000000000e+00,5.120287991093224605e-02,0.000000000000000000e+00,2.577373184197083722e-01,0.000000000000000000e+00,1.517857462810330701e-03,3.911156273761363655e-01,0.000000000000000000e+00,0.000000000000000000e+00,3.097253990045075733e-01,0.000000000000000000e+00,0.000000000000000000e+00
0.000000000000000000e+00,7.857065278883766657e-02,0.000000000000000000e+00,2.577718093894951212e-01,0.000000000000000000e+00,1.133381928953860508e-02,3.912091333591585784e-01,0.000000000000000000e+00,0.000000000000000000e+00,2.722607631089913327e-01,0.000000000000000000e+00,0.000000000000000000e+00
0.000000000000000000e+00,1.065243591422029290e-01,0.000000000000000000e+00,2.578181261260501511e-01,0.000000000000000000e+00,3.357181736907517006e-02,3.912706969672379853e-01,0.000000000000000000e+00,0.000000000000000000e+00,2.225232488869309244e-01,0.000000000000000000e+00,0.000000000000000000e+00
0.000000000000000000e+00,1.153379687933734216e-01,0.000000000000000000e+00,2.578536784743432064e-01,2.613342116078430557e-03,4.767743949258513442e-02,3.912477581273802185e-01,4.701084157847250367e-02,0.000000000000000000e+00,1.484273110379187577e-01,0.000000000000000000e+00,0.000000000000000000e+00
0.000000000000000000e+00,1.153174058377259281e-01,0.000000000000000000e+00,2.579178444268226400e-01,1.787218854271090118e-02,4.765666277113323607e-02,3.912952045803859136e-01,1.266478397307827797e-01,0.000000000000000000e+00,5.335410676569276450e-02,0.000000000000000000e+00,0.000000000000000000e+00
0.000000000000000000e+00,1.152584949391137620e-01,0.000000000000000000e+00,2.578792218085194654e-01,4.472788147142298110e-02,4.757164935320618709e-02,3.464067694795251451e-01,1.988740068035651787e-01,0.000000000000000000e+00,0.000000000000000000e+00,0.000000000000000000e+00,0.000000000000000000e+00
0.000000000000000000e+00,1.152534979031626244e-01,0.000000000000000000e+00,2.578361246909556814e-01,8.347160697695261977e-02,4.755846424443244819e-02,2.761599441325621185e-01,2.306754014797055552e-01,0.000000000000000000e+00,0.000000000000000000e+00,0.000000000000000000e+00,0.000000000000000000e+00
0.000000000000000000e+00,1.152697190783863873e-01,0.000000000000000000e+00,2.579247766269229802e-01,8.502586416120348767e-02,4.756951123603847531e-02,1.680119873590006085e-01,2.304752885701914222e-01,0.000000000000000000e+00,0.000000000000000000e+00,0.000000000000000000e+00,1.035498703807522514e-01
0.000000000000000000e+00,1.152139597996866965e-01,0.000000000000000000e+00,2.060151076780469825e-01,8.504206009292047952e-02,4.752135423631413669e-02,5.729002732784963664e-02,2.305388445300703415e-01,0.000000000000000000e+00,0.000000000000000000e+00,0.000000000000000000e+00,2.677050460577922730e-01
0.000000000000000000e+00,1.151468516263574188e-01,0.000000000000000000e+00,1.118668674888330522e-01,8.506003482605797861e-02,4.747883638851275317e-02,0.000000000000000000e+00,2.254778597959757880e-01,2.571722557237524163e-03,0.000000000000000000e+00,0.000000000000000000e+00,4.230296291571458145e-01
0.000000000000000000e+00,1.151215867064347975e-01,0.000000000000000000e+00,3.114920405370760065e-02,8.509978224555686532e-02,4.742494566052860017e-02,0.000000000000000000e+00,1.524624783286475382e-01,2.597499180048709264e-02,0.000000000000000000e+00,0.000000000000000000e+00,5.530008705131875812e-01
0.000000000000000000e+00,1.022589569106417545e-01,0.000000000000000000e+00,0.000000000000000000e+00,8.516509396344239258e-02,4.738258059857412829e-02,0.000000000000000000e+00,7.199275454653150663e-02,5.274689172657451297e-02,0.000000000000000000e+00,0.000000000000000000e+00,6.511566008289129126e-01
0.000000000000000000e+00,7.319464937369402069e-02,0.000000000000000000e+00,2.059881082591705020e-05,8.518895155245410911e-02,4.733889024619164498e-02,0.000000000000000000e+00,1.666745388617612081e-02,7.087705597029979321e-02,0.000000000000000000e+00,0.000000000000000000e+00,7.173711866147078897e-01
0.000000000000000000e+00,4.125510631744556955e-02,0.000000000000000000e+00,2.207210394203519007e-05,8.519477322337649927e-02,4.730780644216733138e-02,0.000000000000000000e+00,1.750155647492492982e-03,7.834426485360333758e-02,0.000000000000000000e+00,0.000000000000000000e+00,7.571783661707391921e-01
0.000000000000000000e+00,1.887325682976219790e-02,0.000000000000000000e+00,1.366797630449451547e-05,8.519935884896305545e-02,4.727769170399254151e-02,0.000000000000000000e+00,1.807645151969887280e-03,8.163975900213667203e-02,0.000000000000000000e+00,0.000000000000000000e+00,7.760253548506763632e-01
0.000000000000000000e+00,1.236499026667149150e-02,0.000000000000000000e+00,4.431784639765642590e-05,8.521970419175001199e-02,4.729247388299089722e-02,0.000000000000000000e+00,1.773427201364415756e-03,8.463604533230564830e-02,0.000000000000000000e+00,0.000000000000000000e+00,7.790006802429252364e-01
0.000000000000000000e+00,1.235390768194265937e-02,0.000000000000000000e+00,2.303803729908637471e-05,8.516815422069300145e-02,4.727309417553686444e-02,0.000000000000000000e+00,1.770712238514628211e-03,8.462758936945291577e-02,0.000000000000000000e+00,0.000000000000000000e+00,7.790428781462735985e-01
0.000000000000000000e+00,1.232739252503042664e-02,0.000000000000000000e+00,0.000000000000000000e+00,8.513431453278370864e-02,4.724319488435651387e-02,0.000000000000000000e+00,1.854056102319714960e-03,8.463204522518805173e-02,0.000000000000000000e+00,0.000000000000000000e+00,7.790656908842484851e-01
0.000000000000000000e+00,8.711442105506212938e-03,0.000000000000000000e+00,0.000000000000000000e+00,8.514884373456665934e-02,5.079422228300593117e-02,0.000000000000000000e+00,1.902271143905317216e-03,8.463031858991980350e-02,0.000000000000000000e+00,0.000000000000000000e+00,7.789956515865449349e-01
0.000000000000000000e+00,6.695964824534612891e-03,0.000000000000000000e+00,0.000000000000000000e+00,7.117494963145439002e-02,6.707431441617250911e-02,0.000000000000000000e+00,1.947613610920004420e-03,8.465571090654640252e-02,0.000000000000000000e+00,0.000000000000000000e+00,7.789564574402033648e-01
0.000000000000000000e+00,6.694055217925235987e-03,0.000000000000000000e+00,0.000000000000000000e+00,4.581679077781393439e-02,9.243073491682320120e-02,0.000000000000000000e+00,1.981101413234871537e-03,8.465669630694210024e-02,0.000000000000000000e+00,0.000000000000000000e+00,7.789362868004769958e-01
0.000000000000000000e+00,6.716016477952727742e-03,0.000000000000000000e+00,0.000000000000000000e+00,1.860381364759769451e-02,1.195352883197878524e-01,0.000000000000000000e+00,2.002147591521323371e-03,8.464108083121020532e-02,0.000000000000000000e+00,0.000000000000000000e+00,7.789367373520993398e-01
0.000000000000000000e+00,6.710094878190487992e-03,0.000000000000000000e+00,0.000000000000000000e+00,0.000000000000000000e+00,1.383482226989202479e-01,0.000000000000000000e+00,2.012718742079629228e-03,8.463197482738461785e-02,0.000000000000000000e+00,0.000000000000000000e+00,7.789563405118278272e-01
0.000000000000000000e+00,6.696921795684310751e-03,0.000000000000000000e+00,0.000000000000000000e+00,0.000000000000000000e+00,1.383020222192717918e-01,0.000000000000000000e+00,2.029897350416869257e-03,8.462774411125127683e-02,0.000000000000000000e+00,0.000000000000000000e+00,7.789860806077709698e-01
0.000000000000000000e+00,6.703026351240449869e-03,0.000000000000000000e+00,0.000000000000000000e+00,0.000000000000000000e+00,1.382895421425746341e-01,0.000000000000000000e+00,2.059757448978019861e-03,8.460537677366050668e-02,0.000000000000000000e+00,0.000000000000000000e+00,7.790119874054814986e-01
0.000000000000000000e+00,6.719064301291592656e-03,0.000000000000000000e+00,0.000000000000000000e+00,0.000000000000000000e+00,1.382694504846660177e-01,0.000000000000000000e+00,2.085197524360138648e-03,8.455850517415687551e-02,0.000000000000000000e+00,0.000000000000000000e+00,7.790336867402819498e-01
0.000000000000000000e+00,6.749123128750700307e-03,0.000000000000000000e+00,0.000000000000000000e+00,0.000000000000000000e+00,1.382196947468977977e-01,0.000000000000000000e+00,2.113482760292317679e-03,8.453126310598463311e-02,0.000000000000000000e+00,0.000000000000000000e+00,7.790902349324814180e-01
0.000000000000000000e+00,6.767727166663131504e-03,0.000000000000000000e+00,0.000000000000000000e+00,0.000000000000000000e+00,1.381271243345045252e-01,0.000000000000000000e+00,2.126610987303491265e-03,8.450873978634022843e-02,0.000000000000000000e+00,0.000000000000000000e+00,7.791587792827968650e-01
0.000000000000000000e+00,6.798683011689621303e-03,0.000000000000000000e+00,0.000000000000000000e+00,0.000000000000000000e+00,1.380588289349560238e-01,0.000000000000000000e+00,2.157541314985547427e-03,8.448616004399510382e-02,0.000000000000000000e+00,0.000000000000000000e+00,7.792263513524819718e-01
0.000000000000000000e+00,6.815734003208370577e-03,0.000000000000000000e+00,0.000000000000000000e+00,0.000000000000000000e+00,1.380482006813910090e-01,0.000000000000000000e+00,2.171966458292021521e-03,8.443307329983210097e-02,0.000000000000000000e+00,0.000000000000000000e+00,7.792321866319874557e-01
0.000000000000000000e+00,6.828189534106924620e-03,0.000000000000000000e+00,0.000000000000000000e+00,0.000000000000000000e+00,1.380598736798021864e-01,0.000000000000000000e+00,2.153770901462110417e-03,8.440835470305679822e-02,0.000000000000000000e+00,0.000000000000000000e+00,7.792407751967811436e-01
0.000000000000000000e+00,6.823030149881227982e-03,0.000000000000000000e+00,3.442692897195162203e-05,0.000000000000000000e+00,1.381094281403923429e-01,0.000000000000000000e+00,2.104143376620446360e-03,8.441498168563288385e-02,0.000000000000000000e+00,0.000000000000000000e+00,7.793815230450142906e-01
0.000000000000000000e+00,6.807044106519662824e-03,0.000000000000000000e+00,3.166649475290244964e-05,0.000000000000000000e+00,1.443598958087375095e-01,0.000000000000000000e+00,2.092336974706804614e-03,8.438789226635651231e-02,0.000000000000000000e+00,0.000000000000000000e+00,7.731942444255847091e-01
0.000000000000000000e+00,6.813465564792486537e-03,0.000000000000000000e+00,0.000000000000000000e+00,0.000000000000000000e+00,1.571072860827786022e-01,0.000000000000000000e+00,2.141538411436298781e-03,8.432904685269113076e-02,0.000000000000000000e+00,0.000000000000000000e+00,7.604818301033785533e-01
0.000000000000000000e+00,6.816126135047608989e-03,0.000000000000000000e+00,0.000000000000000000e+00,0.000000000000000000e+00,1.768544049336864543e-01,0.000000000000000000e+00,2.117416996013024230e-03,8.434652440142038909e-02,0.000000000000000000e+00,0.000000000000000000e+00,7.412240368607153629e-01
0.000000000000000000e+00,1.512236258160972249e-02,0.000000000000000000e+00,0.000000000000000000e+00,0.000000000000000000e+00,1.843970533900433639e-01,0.000000000000000000e+00,2.920829326503467799e-02,8.443831727353084959e-02,0.000000000000000000e+00,0.000000000000000000e+00,6.973556032919282499e-01
0.000000000000000000e+00,2.807568182959637240e-02,0.000000000000000000e+00,0.000000000000000000e+00,0.000000000000000000e+00,1.857098613915547647e-01,0.000000000000000000e+00,9.018339921310719598e-02,8.447992613843251231e-02,0.000000000000000000e+00,0.000000000000000000e+00,6.222055424991058681e-01
0.000000000000000000e+00,3.564224531689984959e-02,0.000000000000000000e+00,2.830703202354530393e-02,0.000000000000000000e+00,1.856983544752254245e-01,0.000000000000000000e+00,1.657730439043295922e-01,8.447794888724535767e-02,0.000000000000000000e+00,0.000000000000000000e+00,5.103576208387287094e-01
0.000000000000000000e+00,4.043058813302456006e-02,0.000000000000000000e+00,1.098168239084050951e-01,0.000000000000000000e+00,1.856920694561779994e-01,0.000000000000000000e+00,2.225176841757337542e-01,8.454029987743937047e-02,0.000000000000000000e+00,0.000000000000000000e+00,3.673690447587986130e-01
0.000000000000000000e+00,4.087348087332087765e-02,0.000000000000000000e+00,2.147754404311340570e-01,0.000000000000000000e+00,1.857926000525413068e-01,5.258117948248385021e-02,2.224094912431495985e-01,8.487308378996170910e-02,1.198108364675315175e-05,0.000000000000000000e+00,2.078202345990785294e-01
0.000000000000000000e+00,4.087101159432311032e-02,0.000000000000000000e+00,2.909776716210887293e-01,0.000000000000000000e+00,1.858518732119776307e-01,1.597363624566594253e-01,2.223992069401759253e-01,4.601587344047847195e-02,0.000000000000000000e+00,0.000000000000000000e+00,6.299369234428886521e-02
0.000000000000000000e+00,4.088748775263508634e-02,0.000000000000000000e+00,2.981950333223986060e-01,0.000000000000000000e+00,1.858602432167442142e-01,2.627270840440625310e-01,2.225321949977712710e-01,0.000000000000000000e+00,0.000000000000000000e+00,0.000000000000000000e+00,0.000000000000000000e+00
0.000000000000000000e+00,4.092334244551505684e-02,0.000000000000000000e+00,2.980940393567425573e-01,0.000000000000000000e+00,1.858913677790785812e-01,3.161924495066137375e-01,1.699176032639407030e-01,0.000000000000000000e+00,0.000000000000000000e+00,0.000000000000000000e+00,0.000000000000000000e+00
0.000000000000000000e+00,4.087469691197243710e-02,0.000000000000000000e+00,2.981892158587307051e-01,0.000000000000000000e+00,1.858688985713992936e-01,3.795017272151008370e-01,1.063069235921708516e-01,0.000000000000000000e+00,0.000000000000000000e+00,0.000000000000000000e+00,0.000000000000000000e+00
0.000000000000000000e+00,4.086901356327845430e-02,0.000000000000000000e+00,2.981875572647340045e-01,0.000000000000000000e+00,1.858771113003099551e-01,4.339571180264006345e-01,5.187629880023806456e-02,0.000000000000000000e+00,0.000000000000000000e+00,0.000000000000000000e+00,0.000000000000000000e+00
0.000000000000000000e+00,4.091712917968162722e-02,0.000000000000000000e+00,2.980728150808074073e-01,0.000000000000000000e+00,1.859235417645439536e-01,4.678939973500677585e-01,1.785698185022457571e-02,0.000000000000000000e+00,0.000000000000000000e+00,0.000000000000000000e+00,0.000000000000000000e+00
0.000000000000000000e+00,4.094870187519240173e-02,0.000000000000000000e+00,2.980096377763622462e-01,0.000000000000000000e+00,1.859609946036079597e-01,4.767735333054633484e-01,8.486497389560809790e-03,0.000000000000000000e+00,0.000000000000000000e+00,0.000000000000000000e+00,0.000000000000000000e+00
0.000000000000000000e+00,4.095021686897689500e-02,0.000000000000000000e+00,2.980274170903417508e-01,0.000000000000000000e+00,1.859765991986226941e-01,4.767838373476786518e-01,8.477362866331579830e-03,0.000000000000000000e+00,0.000000000000000000e+00,0.000000000000000000e+00,0.000000000000000000e+00
0.000000000000000000e+00,4.093495067586150338e-02,0.000000000000000000e+00,2.980857810646590500e-01,0.000000000000000000e+00,1.859714002999542926e-01,4.768088063231522011e-01,8.405679289474042928e-03,0.000000000000000000e+00,0.000000000000000000e+00,0.000000000000000000e+00,0.000000000000000000e+00
0.000000000000000000e+00,4.093021324953256129e-02,0.000000000000000000e+00,2.981729263095154181e-01,0.000000000000000000e+00,1.859704172288984547e-01,4.767420981840355676e-01,8.426622411021201381e-03,0.000000000000000000e+00,0.000000000000000000e+00,0.000000000000000000e+00,0.000000000000000000e+00
0.000000000000000000e+00,4.092351382387307557e-02,0.000000000000000000e+00,2.981790337791205281e-01,0.000000000000000000e+00,1.859724363889644627e-01,4.766435201913483133e-01,8.488823935214648286e-03,0.000000000000000000e+00,0.000000000000000000e+00,0.000000000000000000e+00,0.000000000000000000e+00
0.000000000000000000e+00,4.093732761534624176e-02,0.000000000000000000e+00,2.981345750525942750e-01,0.000000000000000000e+00,1.860051290718567063e-01,4.766203764907013252e-01,8.535771749072697256e-03,0.000000000000000000e+00,0.000000000000000000e+00,0.000000000000000000e+00,0.000000000000000000e+00
0.000000000000000000e+00,4.092120304260420116e-02,0.000000000000000000e+00,2.981958380246380047e-01,0.000000000000000000e+00,1.860016259273421790e-01,4.766075392665585775e-01,8.515799148383145292e-03,0.000000000000000000e+00,0.000000000000000000e+00,0.000000000000000000e+00,0.000000000000000000e+00
0.000000000000000000e+00,4.089962828819090901e-02,2.443813239747123171e-03,2.954750747351519991e-01,0.000000000000000000e+00,1.859762711675131686e-01,4.765791068935662511e-01,8.485808883806882780e-03,0.000000000000000000e+00,0.000000000000000000e+00,0.000000000000000000e+00,0.000000000000000000e+00
0.000000000000000000e+00,4.089400532431160945e-02,6.731915699538222608e-02,2.313678020938007562e-01,0.000000000000000000e+00,1.859744900623033215e-01,4.765470645626780355e-01,8.452786848875352282e-03,0.000000000000000000e+00,0.000000000000000000e+00,0.000000000000000000e+00,0.000000000000000000e+00
0.000000000000000000e+00,4.090337401089652603e-02,1.609577087710410692e-01,1.458249780988757627e-01,0.000000000000000000e+00,1.780775598246023828e-01,4.765224570483963529e-01,8.404221168300142833e-03,0.000000000000000000e+00,0.000000000000000000e+00,0.000000000000000000e+00,0.000000000000000000e+00
0.000000000000000000e+00,4.090992975829046974e-02,2.545500927636020205e-01,6.537166446616735072e-02,0.000000000000000000e+00,1.649217794659326164e-01,4.765230541258013153e-01,8.369318565317845210e-03,0.000000000000000000e+00,0.000000000000000000e+00,0.000000000000000000e+00,0.000000000000000000e+00
0.000000000000000000e+00,4.090295214512011668e-02,3.293910777524124422e-01,1.085869781875849899e-02,0.000000000000000000e+00,1.445086732713637967e-01,4.765331641039656230e-01,8.356771731524501381e-03,0.000000000000000000e+00,0.000000000000000000e+00,0.000000000000000000e+00,0.000000000000000000e+00
0.000000000000000000e+00,3.854933363528535023e-02,3.758491447085301473e-01,0.000000000000000000e+00,0.000000000000000000e+00,1.145462116650749346e-01,4.739914121179298889e-01,8.347850899209276893e-03,0.000000000000000000e+00,0.000000000000000000e+00,0.000000000000000000e+00,0.000000000000000000e+00
0.000000000000000000e+00,3.866647672667813257e-02,4.071612284403690607e-01,0.000000000000000000e+00,0.000000000000000000e+00,9.044185386039858832e-02,4.665327938669513452e-01,8.293788621094854221e-03,0.000000000000000000e+00,0.000000000000000000e+00,0.000000000000000000e+00,0.000000000000000000e+00
0.000000000000000000e+00,3.867886230877341791e-02,4.336008853453099388e-01,0.000000000000000000e+00,0.000000000000000000e+00,8.129333077115369344e-02,4.495102041030284989e-01,8.248725338925247397e-03,0.000000000000000000e+00,0.000000000000000000e+00,0.000000000000000000e+00,0.000000000000000000e+00
0.000000000000000000e+00,3.869444383077121075e-02,4.568396912159855550e-01,0.000000000000000000e+00,0.000000000000000000e+00,8.132166582147018485e-02,4.260724461455698275e-01,8.223304053852643555e-03,0.000000000000000000e+00,0.000000000000000000e+00,0.000000000000000000e+00,0.000000000000000000e+00
0.000000000000000000e+00,3.874775829166518526e-02,4.811838440607491552e-01,0.000000000000000000e+00,0.000000000000000000e+00,8.131442610946759686e-02,4.017143355131219118e-01,8.196782428064187942e-03,0.000000000000000000e+00,0.000000000000000000e+00,0.000000000000000000e+00,0.000000000000000000e+00
0.000000000000000000e+00,3.878499172832706315e-02,5.067033957314409642e-01,0.000000000000000000e+00,0.000000000000000000e+00,8.133394926109957512e-02,3.761840828145048277e-01,8.176019247504181728e-03,0.000000000000000000e+00,0.000000000000000000e+00,0.000000000000000000e+00,0.000000000000000000e+00
0.000000000000000000e+00,3.877870613216895940e-02,5.337969372655222422e-01,0.000000000000000000e+00,0.000000000000000000e+00,8.136247169329299811e-02,3.490618102941741019e-01,8.181356810290031992e-03,0.000000000000000000e+00,0.000000000000000000e+00,0.000000000000000000e+00,0.000000000000000000e+00
0.000000000000000000e+00,3.877194126090037496e-02,5.622959082846759049e-01,0.000000000000000000e+00,0.000000000000000000e+00,8.138822551132070260e-02,3.207827377330262908e-01,8.155283859881118716e-03,0.000000000000000000e+00,0.000000000000000000e+00,0.000000000000000000e+00,0.000000000000000000e+00
0.000000000000000000e+00,3.877545832115496943e-02,5.833789379287674937e-01,0.000000000000000000e+00,0.000000000000000000e+00,8.140187462666062523e-02,2.844178503009321957e-01,2.301891456986619733e-02,0.000000000000000000e+00,0.000000000000000000e+00,0.000000000000000000e+00,0.000000000000000000e+00
0.000000000000000000e+00,3.876864027999501333e-02,5.909734340437787781e-01,0.000000000000000000e+00,0.000000000000000000e+00,8.140378796390079774e-02,2.343015963214302166e-01,6.536132461538678162e-02,0.000000000000000000e+00,0.000000000000000000e+00,0.000000000000000000e+00,0.000000000000000000e+00
0.000000000000000000e+00,3.874674157204088809e-02,5.909532128778123283e-01,0.000000000000000000e+00,0.000000000000000000e+00,8.139655970817229191e-02,1.695871361169184743e-01,1.302537539197683170e-01,0.000000000000000000e+00,0.000000000000000000e+00,0.000000000000000000e+00,0.000000000000000000e+00
0.000000000000000000e+00,3.872391095617724183e-02,5.909566239642657370e-01,0.000000000000000000e+00,0.000000000000000000e+00,8.138453251880647943e-02,9.625114377968800594e-02,2.035449740096585691e-01,0.000000000000000000e+00,0.000000000000000000e+00,0.000000000000000000e+00,0.000000000000000000e+00
0.000000000000000000e+00,3.872193891082520434e-02,5.909628794099185400e-01,0.000000000000000000e+00,0.000000000000000000e+00,8.138679446911031845e-02,3.128669492779492800e-02,2.680816931469179321e-01,0.000000000000000000e+00,0.000000000000000000e+00,0.000000000000000000e+00,0.000000000000000000e+00
0.000000000000000000e+00,3.874177870566633541e-02,5.909715163049878983e-01,0.000000000000000000e+00,0.000000000000000000e+00,8.141065849677478483e-02,0.000000000000000000e+00,2.997857055618526334e-01,0.000000000000000000e+00,0.000000000000000000e+00,0.000000000000000000e+00,0.000000000000000000e+00
0.000000000000000000e+00,3.873226575368645536e-02,5.909561027534274702e-01,0.000000000000000000e+00,0.000000000000000000e+00,8.140834594822686510e-02,0.000000000000000000e+00,2.997550081561749513e-01,0.000000000000000000e+00,0.000000000000000000e+00,0.000000000000000000e+00,0.000000000000000000e+00
0.000000000000000000e+00,3.870767285966689175e-02,5.909378655375180367e-01,0.000000000000000000e+00,0.000000000000000000e+00,8.139125570681678135e-02,0.000000000000000000e+00,2.998178858853255968e-01,0.000000000000000000e+00,0.000000000000000000e+00,0.000000000000000000e+00,0.000000000000000000e+00
0.000000000000000000e+00,3.870939179713020484e-02,5.909448930981718862e-01,0.000000000000000000e+00,0.000000000000000000e+00,8.139732903522856056e-02,0.000000000000000000e+00,2.998093114131239467e-01,0.000000000000000000e+00,0.000000000000000000e+00,0.000000000000000000e+00,0.000000000000000000e+00
0.000000000000000000e+00,3.873511168976535857e-02,5.909704516252044515e-01,0.000000000000000000e+00,0.000000000000000000e+00,8.142445147481683354e-02,0.000000000000000000e+00,2.997324866304007518e-01,0.000000000000000000e+00,0.000000000000000000e+00,0.000000000000000000e+00,0.000000000000000000e+00
0.000000000000000000e+00,3.875053731749265179e-02,5.909865099216590201e-01,0.000000000000000000e+00,0.000000000000000000e+00,8.144044194029562145e-02,0.000000000000000000e+00,2.996907099767872618e-01,0.000000000000000000e+00,0.000000000000000000e+00,0.000000000000000000e+00,0.000000000000000000e+00
0.000000000000000000e+00,3.874586788854983421e-02,5.909845186855651189e-01,0.000000000000000000e+00,0.000000000000000000e+00,8.143629817893036082e-02,0.000000000000000000e+00,2.996961335600841769e-01,0.000000000000000000e+00,0.000000000000000000e+00,0.000000000000000000e+00,0.000000000000000000e+00
