0.000000000000000000e+00,0.000000000000000000e+00,0.000000000000000000e+00,3.387200210945222612e-01,0.000000000000000000e+00,0.000000000000000000e+00,0.000000000000000000e+00,4.643604775302551668e-01,0.000000000000000000e+00,1.990679817204031310e-01,0.000000000000000000e+00,0.000000000000000000e+00
0.000000000000000000e+00,0.000000000000000000e+00,0.000000000000000000e+00,3.306161558131694989e-01,0.000000000000000000e+00,0.000000000000000000e+00,0.000000000000000000e+00,4.060415481435180052e-01,0.000000000000000000e+00,2.661735295351626007e-01,0.000000000000000000e+00,0.000000000000000000e+00
0.000000000000000000e+00,0.000000000000000000e+00,1.265759880485027057e-02,3.100259762247939421e-01,0.000000000000000000e+00,0.000000000000000000e+00,0.000000000000000000e+00,3.161278584030031147e-01,1.002727083860403563e-03,3.623868184102644885e-01,0.000000000000000000e+00,0.000000000000000000e+00
0.000000000000000000e+00,0.000000000000000000e+00,4.728327481320226955e-02,2.640733755044845643e-01,0.000000000000000000e+00,0.000000000000000000e+00,0.000000000000000000e+00,2.098558505739401836e-01,3.518171296908282480e-02,4.458969084763078627e-01,0.000000000000000000e+00,0.000000000000000000e+00
0.000000000000000000e+00,0.000000000000000000e+00,9.333775581120308529e-02,2.007473154266087578e-01,0.000000000000000000e+00,0.000000000000000000e+00,0.000000000000000000e+00,1.133654734174264073e-01,8.808873927360486022e-02,5.068462771434131264e-01,0.000000000000000000e+00,0.000000000000000000e+00
0.000000000000000000e+00,0.000000000000000000e+00,1.376743071631793269e-01,1.301752339102863754e-01,0.000000000000000000e+00,0.000000000000000000e+00,0.000000000000000000e+00,4.287582474577309594e-02,1.461354502443382997e-01,5.455037839052689908e-01,0.000000000000000000e+00,0.000000000000000000e+00
0.000000000000000000e+00,0.000000000000000000e+00,1.683163477599773916e-01,6.568430584854013932e-02,0.000000000000000000e+00,0.000000000000000000e+00,0.000000000000000000e+00,5.955525129030918470e-03,1.964465155255819551e-01,5.659765042404611979e-01,0.000000000000000000e+00,0.000000000000000000e+00
0.000000000000000000e+00,0.000000000000000000e+00,1.808523405709336340e-01,1.929885588785262493e-02,0.000000000000000000e+00,0.000000000000000000e+00,0.000000000000000000e+00,0.000000000000000000e+00,2.326259343277128633e-01,5.699854386556332253e-01,0.000000000000000000e+00,0.000000000000000000e+00
0.000000000000000000e+00,0.000000000000000000e+00,1.804392227986619246e-01,0.000000000000000000e+00,0.000000000000000000e+00,0.000000000000000000e+00,0.000000000000000000e+00,0.000000000000000000e+00,2.578946148385882764e-01,5.646815272956411391e-01,0.000000000000000000e+00,0.000000000000000000e+00
0.000000000000000000e+00,0.000000000000000000e+00,1.734812263693114309e-01,0.000000000000000000e+00,0.000000000000000000e+00,0.000000000000000000e+00,0.000000000000000000e+00,0.000000000000000000e+00,2.751471739048984011e-01,5.539408445303294348e-01,0.000000000000000000e+00,0.000000000000000000e+00
0.000000000000000000e+00,0.000000000000000000e+00,1.667984187838043308e-01,0.000000000000000000e+00,0.000000000000000000e+00,0.000000000000000000e+00,0.000000000000000000e+00,0.000000000000000000e+00,2.914917351118488931e-01,5.443358456849504146e-01,0.000000000000000000e+00,0.000000000000000000e+00
0.000000000000000000e+00,0.000000000000000000e+00,1.603133344585062348e-01,0.000000000000000000e+00,0.000000000000000000e+00,0.000000000000000000e+00,0.000000000000000000e+00,0.000000000000000000e+00,3.067989314972320303e-01,5.355953711754030122e-01,0.000000000000000000e+00,0.000000000000000000e+00
0.000000000000000000e+00,0.000000000000000000e+00,1.538581967349745283e-01,0.000000000000000000e+00,0.000000000000000000e+00,0.000000000000000000e+00,0.000000000000000000e+00,0.000000000000000000e+00,3.212696954131346039e-01,5.275589180781883325e-01,0.000000000000000000e+00,0.000000000000000000e+00
0.000000000000000000e+00,0.000000000000000000e+00,1.476333024683902928e-01,0.000000000000000000e+00,0.000000000000000000e+00,0.000000000000000000e+00,0.000000000000000000e+00,0.000000000000000000e+00,3.349713048217713984e-01,5.200712054616855040e-01,0.000000000000000000e+00,0.000000000000000000e+00
0.000000000000000000e+00,0.000000000000000000e+00,1.416681342339034810e-01,0.000000000000000000e+00,0.000000000000000000e+00,0.000000000000000000e+00,0.000000000000000000e+00,0.000000000000000000e+00,3.479448793617729296e-01,5.130696859831647139e-01,0.000000000000000000e+00,0.000000000000000000e+00
0.000000000000000000e+00,0.000000000000000000e+00,1.359407699594023800e-01,0.000000000000000000e+00,0.000000000000000000e+00,0.000000000000000000e+00,0.000000000000000000e+00,0.000000000000000000e+00,3.603404155775647433e-01,5.064016503898761679e-01,0.000000000000000000e+00,0.000000000000000000e+00
0.000000000000000000e+00,0.000000000000000000e+00,1.304378611189550563e-01,0.000000000000000000e+00,0.000000000000000000e+00,0.000000000000000000e+00,0.000000000000000000e+00,0.000000000000000000e+00,3.722252909349606509e-01,5.000162906308992516e-01,0.000000000000000000e+00,0.000000000000000000e+00
0.000000000000000000e+00,0.000000000000000000e+00,1.251549989428745180e-01,0.000000000000000000e+00,0.000000000000000000e+00,0.000000000000000000e+00,0.000000000000000000e+00,0.000000000000000000e+00,3.836287230886943345e-01,4.938961114548298670e-01,0.000000000000000000e+00,0.000000000000000000e+00
0.000000000000000000e+00,0.000000000000000000e+00,1.201535551862874807e-01,0.000000000000000000e+00,0.000000000000000000e+00,0.000000000000000000e+00,0.000000000000000000e+00,0.000000000000000000e+00,3.944836516658306591e-01,4.880428931792511471e-01,0.000000000000000000e+00,0.000000000000000000e+00
0.000000000000000000e+00,0.000000000000000000e+00,1.154538003445320926e-01,0.000000000000000000e+00,0.000000000000000000e+00,0.000000000000000000e+00,0.000000000000000000e+00,0.000000000000000000e+00,4.047251663814752654e-01,4.825034922078413890e-01,0.000000000000000000e+00,0.000000000000000000e+00
0.000000000000000000e+00,0.000000000000000000e+00,1.110494064245124979e-01,0.000000000000000000e+00,0.000000000000000000e+00,0.000000000000000000e+00,0.000000000000000000e+00,0.000000000000000000e+00,4.143548982483952203e-01,4.772763582880082400e-01,0.000000000000000000e+00,0.000000000000000000e+00
0.000000000000000000e+00,0.000000000000000000e+00,1.069406226446366626e-01,0.000000000000000000e+00,0.000000000000000000e+00,0.000000000000000000e+00,0.000000000000000000e+00,0.000000000000000000e+00,4.234250051842938234e-01,4.723107749825461443e-01,0.000000000000000000e+00,0.000000000000000000e+00
0.000000000000000000e+00,0.000000000000000000e+00,1.031273261249867068e-01,0.000000000000000000e+00,0.000000000000000000e+00,0.000000000000000000e+00,0.000000000000000000e+00,0.000000000000000000e+00,4.319416986678265569e-01,4.676062289080946677e-01,0.000000000000000000e+00,0.000000000000000000e+00
0.000000000000000000e+00,0.000000000000000000e+00,9.960781913511757013e-02,0.000000000000000000e+00,0.000000000000000000e+00,0.000000000000000000e+00,0.000000000000000000e+00,0.000000000000000000e+00,4.399288801872572319e-01,4.631379856768828573e-01,0.000000000000000000e+00,0.000000000000000000e+00
0.000000000000000000e+00,0.000000000000000000e+00,9.639630927143458261e-02,0.000000000000000000e+00,0.000000000000000000e+00,0.000000000000000000e+00,0.000000000000000000e+00,0.000000000000000000e+00,4.473741647592822113e-01,4.588994390278484659e-01,0.000000000000000000e+00,0.000000000000000000e+00
0.000000000000000000e+00,0.000000000000000000e+00,9.354237538077626868e-02,0.000000000000000000e+00,0.000000000000000000e+00,0.000000000000000000e+00,0.000000000000000000e+00,1.197794313922674481e-06,4.542466705037667696e-01,4.548758822194428064e-01,0.000000000000000000e+00,0.000000000000000000e+00
0.000000000000000000e+00,0.000000000000000000e+00,9.107516761837898545e-02,0.000000000000000000e+00,0.000000000000000000e+00,0.000000000000000000e+00,0.000000000000000000e+00,7.726925655361158835e-06,4.605761013262426595e-01,4.510120082043586054e-01,0.000000000000000000e+00,0.000000000000000000e+00
0.000000000000000000e+00,0.000000000000000000e+00,8.902291745239580834e-02,0.000000000000000000e+00,0.000000000000000000e+00,0.000000000000000000e+00,0.000000000000000000e+00,1.158407628895994597e-05,4.663803446803205244e-01,4.472586081632762278e-01,0.000000000000000000e+00,0.000000000000000000e+00
0.000000000000000000e+00,0.000000000000000000e+00,8.754204833087683713e-02,0.000000000000000000e+00,0.000000000000000000e+00,0.000000000000000000e+00,0.000000000000000000e+00,1.150110622828901190e-05,4.715741140982123714e-01,4.435450764592244188e-01,0.000000000000000000e+00,0.000000000000000000e+00
0.000000000000000000e+00,0.000000000000000000e+00,8.676785821721792746e-02,0.000000000000000000e+00,0.000000000000000000e+00,0.000000000000000000e+00,0.000000000000000000e+00,8.886662415476152485e-06,4.760808875653905758e-01,4.398176931159736847e-01,0.000000000000000000e+00,0.000000000000000000e+00
0.000000000000000000e+00,0.000000000000000000e+00,8.666733999812863132e-02,0.000000000000000000e+00,0.000000000000000000e+00,0.000000000000000000e+00,0.000000000000000000e+00,5.109910463250789866e-06,4.798864355495002232e-01,4.361383152377934502e-01,0.000000000000000000e+00,0.000000000000000000e+00
0.000000000000000000e+00,0.000000000000000000e+00,8.667018535821802150e-02,0.000000000000000000e+00,0.000000000000000000e+00,0.000000000000000000e+00,0.000000000000000000e+00,4.422269480733808061e-04,4.829556555158200926e-01,4.326059166013752622e-01,0.000000000000000000e+00,0.000000000000000000e+00
0.000000000000000000e+00,0.000000000000000000e+00,8.667228512253932760e-02,0.000000000000000000e+00,0.000000000000000000e+00,0.000000000000000000e+00,0.000000000000000000e+00,1.459648474523595569e-03,4.852732238476192839e-01,4.292870256200475021e-01,0.000000000000000000e+00,0.000000000000000000e+00
0.000000000000000000e+00,0.000000000000000000e+00,8.667255543697464926e-02,0.000000000000000000e+00,0.000000000000000000e+00,0.000000000000000000e+00,0.000000000000000000e+00,2.891779117804548806e-03,4.868901868657612986e-01,4.262705105876596900e-01,0.000000000000000000e+00,0.000000000000000000e+00
0.000000000000000000e+00,0.000000000000000000e+00,8.675678077616615080e-02,0.000000000000000000e+00,0.000000000000000000e+00,3.503285509848910241e-04,0.000000000000000000e+00,4.565961966926142777e-03,4.877178001573626576e-01,4.232654283720916344e-01,0.000000000000000000e+00,0.000000000000000000e+00
0.000000000000000000e+00,0.000000000000000000e+00,8.697121820840054973e-02,0.000000000000000000e+00,0.000000000000000000e+00,1.882695469328938978e-03,0.000000000000000000e+00,5.963250044724826941e-03,4.878203011712885506e-01,4.200084045429469670e-01,0.000000000000000000e+00,0.000000000000000000e+00
0.000000000000000000e+00,0.000000000000000000e+00,8.759002901160352350e-02,0.000000000000000000e+00,0.000000000000000000e+00,3.838145953491601918e-03,0.000000000000000000e+00,7.017808184352986381e-03,4.878194910063692880e-01,4.164023318303383681e-01,0.000000000000000000e+00,0.000000000000000000e+00
0.000000000000000000e+00,0.000000000000000000e+00,8.865005499553597901e-02,0.000000000000000000e+00,0.000000000000000000e+00,5.753198645091082281e-03,0.000000000000000000e+00,7.799583183005978117e-03,4.878186409229415821e-01,4.126504388530417566e-01,0.000000000000000000e+00,0.000000000000000000e+00
0.000000000000000000e+00,0.000000000000000000e+00,9.027891681977984195e-02,0.000000000000000000e+00,0.000000000000000000e+00,7.348537493266464604e-03,0.000000000000000000e+00,8.401903905658338750e-03,4.878184498679312142e-01,4.088280948644641977e-01,0.000000000000000000e+00,0.000000000000000000e+00
0.000000000000000000e+00,0.000000000000000000e+00,9.243631304373563229e-02,0.000000000000000000e+00,0.000000000000000000e+00,8.570285536391428205e-03,0.000000000000000000e+00,8.911899393407822847e-03,4.878176332893807698e-01,4.049430440725679259e-01,0.000000000000000000e+00,0.000000000000000000e+00
0.000000000000000000e+00,0.000000000000000000e+00,9.524753184420875485e-02,0.000000000000000000e+00,0.000000000000000000e+00,9.500378359335414150e-03,0.000000000000000000e+00,9.431985683398600231e-03,4.874054368496467671e-01,4.010984937051207955e-01,0.000000000000000000e+00,0.000000000000000000e+00
0.000000000000000000e+00,0.000000000000000000e+00,9.869960885172333886e-02,0.000000000000000000e+00,0.000000000000000000e+00,1.028242890994080991e-02,0.000000000000000000e+00,1.012129309665500514e-02,4.863141059495094121e-01,3.972686006952687587e-01,0.000000000000000000e+00,0.000000000000000000e+00
0.000000000000000000e+00,0.000000000000000000e+00,1.026378807509135960e-01,0.000000000000000000e+00,0.000000000000000000e+00,1.094607333928593676e-02,0.000000000000000000e+00,1.110918653443860454e-02,4.846079883886742490e-01,3.933865820468447905e-01,0.000000000000000000e+00,0.000000000000000000e+00
0.000000000000000000e+00,0.000000000000000000e+00,1.069269206011686929e-01,0.000000000000000000e+00,0.000000000000000000e+00,1.185106582157845895e-02,0.000000000000000000e+00,1.236740425992664989e-02,4.821579378877219324e-01,3.893857977530613135e-01,0.000000000000000000e+00,0.000000000000000000e+00
0.000000000000000000e+00,0.000000000000000000e+00,1.114323829255489812e-01,0.000000000000000000e+00,0.000000000000000000e+00,1.340474099076952551e-02,0.000000000000000000e+00,1.388740084356888775e-02,4.788276881595240342e-01,3.851379540523346967e-01,0.000000000000000000e+00,0.000000000000000000e+00
0.000000000000000000e+00,0.000000000000000000e+00,1.159714851588436180e-01,0.000000000000000000e+00,0.000000000000000000e+00,1.552524455850290939e-02,0.000000000000000000e+00,1.604863856063758892e-02,4.746732990478033098e-01,3.804720937972934092e-01,0.000000000000000000e+00,0.000000000000000000e+00
0.000000000000000000e+00,0.000000000000000000e+00,1.203346152123821872e-01,0.000000000000000000e+00,0.000000000000000000e+00,1.824260648625490241e-02,0.000000000000000000e+00,1.938914866072912260e-02,4.695756550606965396e-01,3.751489673428297089e-01,0.000000000000000000e+00,0.000000000000000000e+00
0.000000000000000000e+00,0.000000000000000000e+00,1.245772668140236045e-01,0.000000000000000000e+00,0.000000000000000000e+00,2.172990106412031955e-02,0.000000000000000000e+00,2.394448923959628314e-02,4.633307605180180810e-01,3.691087086683847995e-01,0.000000000000000000e+00,0.000000000000000000e+00
0.000000000000000000e+00,0.000000000000000000e+00,1.286626333292817947e-01,0.000000000000000000e+00,0.000000000000000000e+00,2.621879811372767460e-02,0.000000000000000000e+00,2.957789490837440388e-02,4.559228562131280027e-01,3.623093669349894963e-01,0.000000000000000000e+00,0.000000000000000000e+00
0.000000000000000000e+00,0.000000000000000000e+00,1.326069361186256457e-01,0.000000000000000000e+00,0.000000000000000000e+00,3.194575637832679921e-02,0.000000000000000000e+00,3.598282125253737113e-02,4.474360006040618010e-01,3.547205979349847826e-01,0.000000000000000000e+00,0.000000000000000000e+00
0.000000000000000000e+00,0.000000000000000000e+00,1.362948288596383117e-01,0.000000000000000000e+00,0.000000000000000000e+00,3.908568042714142404e-02,0.000000000000000000e+00,4.325083248395087537e-02,4.377987797115813762e-01,3.462616478557132282e-01,0.000000000000000000e+00,0.000000000000000000e+00
0.000000000000000000e+00,0.000000000000000000e+00,1.397159710421370660e-01,0.000000000000000000e+00,0.000000000000000000e+00,4.785190428373710392e-02,0.000000000000000000e+00,5.109012752143828051e-02,4.271281355293578552e-01,3.369051198498734245e-01,0.000000000000000000e+00,0.000000000000000000e+00
0.000000000000000000e+00,0.000000000000000000e+00,1.429873606946567288e-01,0.000000000000000000e+00,0.000000000000000000e+00,5.838612043192604323e-02,0.000000000000000000e+00,5.906127271682001106e-02,4.155558973915355336e-01,3.267045768493536673e-01,0.000000000000000000e+00,0.000000000000000000e+00
0.000000000000000000e+00,0.000000000000000000e+00,1.461682959542862092e-01,0.000000000000000000e+00,0.000000000000000000e+00,7.072799780079074006e-02,0.000000000000000000e+00,6.713611630612850711e-02,4.029859971079830516e-01,3.156818048251542885e-01,0.000000000000000000e+00,0.000000000000000000e+00
0.000000000000000000e+00,0.000000000000000000e+00,1.494594928960762958e-01,0.000000000000000000e+00,0.000000000000000000e+00,8.467543325289675349e-02,0.000000000000000000e+00,7.508188696665217543e-02,3.896123420383920677e-01,3.038545369303670696e-01,0.000000000000000000e+00,0.000000000000000000e+00
0.000000000000000000e+00,0.000000000000000000e+00,1.531244857496774359e-01,0.000000000000000000e+00,0.000000000000000000e+00,9.944506055499341413e-02,0.000000000000000000e+00,8.271991817755763865e-02,3.758787690858892971e-01,2.914926201587091925e-01,0.000000000000000000e+00,0.000000000000000000e+00
0.000000000000000000e+00,0.000000000000000000e+00,1.573482813065281427e-01,0.000000000000000000e+00,0.000000000000000000e+00,1.138837350686627836e-01,0.000000000000000000e+00,9.025176459669605189e-02,3.620117468096691882e-01,2.792357834695119445e-01,0.000000000000000000e+00,0.000000000000000000e+00
0.000000000000000000e+00,0.000000000000000000e+00,1.626846881327686234e-01,0.000000000000000000e+00,0.000000000000000000e+00,1.267948649643416692e-01,0.000000000000000000e+00,9.775940836211891027e-02,3.480594126573398617e-01,2.675908298215329273e-01,0.000000000000000000e+00,0.000000000000000000e+00
0.000000000000000000e+00,0.000000000000000000e+00,1.651961674866825880e-01,0.000000000000000000e+00,2.232039144789777288e-02,1.318160367774490471e-01,0.000000000000000000e+00,1.011399993449019485e-01,3.295740233475321634e-01,2.525542023698472138e-01,0.000000000000000000e+00,0.000000000000000000e+00
0.000000000000000000e+00,0.000000000000000000e+00,1.653199768288056148e-01,0.000000000000000000e+00,6.729575112018949812e-02,1.299991500346016904e-01,0.000000000000000000e+00,1.007343565204670971e-01,3.053389120490102027e-01,2.339216129958992529e-01,0.000000000000000000e+00,0.000000000000000000e+00
0.000000000000000000e+00,0.000000000000000000e+00,1.640656714941974847e-01,0.000000000000000000e+00,1.263330397091528834e-01,1.207602081778385156e-01,0.000000000000000000e+00,9.931565873448244819e-02,2.772577136287053268e-01,2.149585536827099130e-01,0.000000000000000000e+00,0.000000000000000000e+00
0.000000000000000000e+00,6.994167342310680588e-03,1.616022328039763423e-01,0.000000000000000000e+00,1.866192035736660704e-01,1.064144037232546691e-01,0.000000000000000000e+00,9.814465978191512507e-02,2.454979590535919243e-01,1.973330936373884070e-01,0.000000000000000000e+00,0.000000000000000000e+00
0.000000000000000000e+00,2.896823982371214343e-02,1.567195466439468554e-01,0.000000000000000000e+00,2.400924678004056900e-01,8.899249489634054877e-02,0.000000000000000000e+00,9.711614026067655336e-02,2.092155392041370465e-01,1.814680014863974122e-01,0.000000000000000000e+00,0.000000000000000000e+00
0.000000000000000000e+00,6.329311300027695708e-02,1.495882394447308750e-01,0.000000000000000000e+00,2.842718368198772771e-01,7.222644834835821592e-02,0.000000000000000000e+00,9.662762296265643702e-02,1.684018695116702158e-01,1.681690767351262106e-01,0.000000000000000000e+00,0.000000000000000000e+00
0.000000000000000000e+00,1.053408451950420821e-01,1.404837852730922987e-01,0.000000000000000000e+00,3.186975235303532994e-01,5.944055309744586402e-02,0.000000000000000000e+00,9.736716437787754086e-02,1.230806658716813440e-01,1.581517455210541268e-01,0.000000000000000000e+00,0.000000000000000000e+00
0.000000000000000000e+00,1.498879188205212154e-01,1.291542655053045940e-01,0.000000000000000000e+00,3.432886141833002003e-01,5.247466875094576599e-02,0.000000000000000000e+00,1.003666098334367596e-01,7.549310100118410138e-02,1.518860679096784849e-01,0.000000000000000000e+00,0.000000000000000000e+00
0.000000000000000000e+00,1.905801599486436348e-01,1.132285813983962414e-01,8.691771781629798257e-03,3.563123330766194141e-01,5.054627162841841825e-02,0.000000000000000000e+00,1.035376011972996696e-01,3.220340587616788569e-02,1.474447120770161213e-01,0.000000000000000000e+00,0.000000000000000000e+00
0.000000000000000000e+00,2.237458517933430813e-01,9.192108173227483969e-02,2.539028058014061728e-02,3.569727031190148558e-01,5.054594310358007797e-02,0.000000000000000000e+00,1.059039360797141699e-01,3.744960502224544373e-03,1.443037695896204342e-01,0.000000000000000000e+00,0.000000000000000000e+00
0.000000000000000000e+00,2.467704058608552742e-01,6.434757525379630749e-02,4.401685266539705210e-02,3.473041394938349846e-01,5.398563843506475751e-02,0.000000000000000000e+00,1.059011919414022534e-01,0.000000000000000000e+00,1.403600350619566839e-01,0.000000000000000000e+00,0.000000000000000000e+00
0.000000000000000000e+00,2.635659748489358467e-01,3.658748318335115074e-02,6.293027236259529644e-02,3.273326090943282640e-01,6.438520860301680249e-02,0.000000000000000000e+00,1.084171191327194389e-01,0.000000000000000000e+00,1.394159012648129858e-01,0.000000000000000000e+00,0.000000000000000000e+00
0.000000000000000000e+00,2.756259210579729557e-01,1.391391077414260574e-02,7.972516925472296345e-02,2.968482458589967177e-01,8.180900856126667453e-02,0.000000000000000000e+00,1.121962940530806113e-01,0.000000000000000000e+00,1.424628250939344587e-01,0.000000000000000000e+00,0.000000000000000000e+00
0.000000000000000000e+00,2.834852268893455762e-01,3.943209462731026059e-04,9.310604680495029872e-02,2.542114829318769531e-01,1.035912765394084861e-01,0.000000000000000000e+00,1.165622626774491521e-01,0.000000000000000000e+00,1.512483645124770570e-01,0.000000000000000000e+00,0.000000000000000000e+00
0.000000000000000000e+00,2.875952538186480334e-01,0.000000000000000000e+00,1.025937282994131006e-01,1.993334160931094223e-01,1.257980125571580565e-01,0.000000000000000000e+00,1.209021071362204741e-01,0.000000000000000000e+00,1.664658553740454572e-01,0.000000000000000000e+00,0.000000000000000000e+00
0.000000000000000000e+00,2.906091595269614247e-01,0.000000000000000000e+00,1.108964154170145738e-01,1.366716506151575972e-01,1.467907754427595635e-01,0.000000000000000000e+00,1.268388308168511835e-01,0.000000000000000000e+00,1.908222851755963512e-01,0.000000000000000000e+00,0.000000000000000000e+00
0.000000000000000000e+00,2.927374106117365260e-01,0.000000000000000000e+00,1.181781186050961940e-01,7.329647912297485024e-02,1.625424500876496703e-01,0.000000000000000000e+00,1.328426446535758143e-01,0.000000000000000000e+00,2.229659983973058257e-01,0.000000000000000000e+00,0.000000000000000000e+00
0.000000000000000000e+00,2.926915881370390493e-01,0.000000000000000000e+00,1.231076556673457306e-01,2.338518046507808909e-02,1.681227163294026772e-01,0.000000000000000000e+00,1.359328345448661268e-01,0.000000000000000000e+00,2.593633378730966221e-01,0.000000000000000000e+00,0.000000000000000000e+00
0.000000000000000000e+00,2.895903894803948941e-01,0.000000000000000000e+00,1.229247666718886883e-01,0.000000000000000000e+00,1.625785463454399726e-01,0.000000000000000000e+00,1.326992178505905506e-01,0.000000000000000000e+00,2.952920130460240933e-01,0.000000000000000000e+00,0.000000000000000000e+00
0.000000000000000000e+00,2.797417097462504554e-01,0.000000000000000000e+00,1.197285080054836248e-01,0.000000000000000000e+00,1.444398300732289975e-01,1.013438866118077618e-02,1.197882767467197268e-01,0.000000000000000000e+00,3.289086921122603147e-01,0.000000000000000000e+00,0.000000000000000000e+00
0.000000000000000000e+00,2.669425370119563601e-01,0.000000000000000000e+00,1.159538012283017894e-01,0.000000000000000000e+00,1.205977900149807491e-01,3.491215248276081928e-02,1.009040516889802008e-01,0.000000000000000000e+00,3.633284025528560335e-01,0.000000000000000000e+00,0.000000000000000000e+00
0.000000000000000000e+00,2.512416888881152111e-01,0.000000000000000000e+00,1.114016246614528416e-01,0.000000000000000000e+00,9.507147657252297546e-02,6.873968566095822741e-02,7.783654801111508648e-02,0.000000000000000000e+00,3.983760384238104746e-01,0.000000000000000000e+00,0.000000000000000000e+00
0.000000000000000000e+00,2.325959266058273134e-01,0.000000000000000000e+00,1.056647313527842719e-01,0.000000000000000000e+00,7.171255453767914900e-02,1.052835355035436349e-01,5.369884561357435304e-02,0.000000000000000000e+00,4.337588507753529221e-01,0.000000000000000000e+00,0.000000000000000000e+00
0.000000000000000000e+00,2.099024948919785971e-01,0.000000000000000000e+00,9.781165067546444825e-02,0.000000000000000000e+00,5.292294502873885059e-02,1.407193304873660400e-01,3.198750902066430785e-02,0.000000000000000000e+00,4.687732195181228412e-01,5.534374190665050696e-04,0.000000000000000000e+00
0.000000000000000000e+00,1.765434042913827939e-01,0.000000000000000000e+00,8.178962429055068595e-02,0.000000000000000000e+00,3.410161355672066547e-02,1.670709343726841378e-01,1.193875153127391987e-02,2.754612197985550556e-02,4.964913746833216623e-01,7.148346229401016279e-03,0.000000000000000000e+00
3.183443271952253407e-05,1.351339047441861008e-01,0.000000000000000000e+00,6.034578565910609510e-02,0.000000000000000000e+00,1.791857693283877007e-02,1.845785461976671149e-01,4.188206976754117782e-04,7.211187945297092838e-02,5.172370621252484479e-01,1.487547433500160943e-02,0.000000000000000000e+00
1.043822000382493148e-02,8.892342768007162335e-02,0.000000000000000000e+00,3.596472343572624381e-02,0.000000000000000000e+00,5.391663838822677648e-03,1.928558245288062301e-01,0.000000000000000000e+00,1.205351526744862511e-01,5.297002209082489754e-01,1.892433790818552966e-02,0.000000000000000000e+00
2.439475661059593847e-02,4.676176694212141188e-02,0.000000000000000000e+00,1.598018483284899607e-02,0.000000000000000000e+00,0.000000000000000000e+00,1.952455681618458228e-01,0.000000000000000000e+00,1.643684358861351447e-01,5.366672032541931481e-01,1.931316103956236957e-02,0.000000000000000000e+00
3.631318638883533623e-02,1.536363168872328239e-02,0.000000000000000000e+00,3.540048484354028739e-03,0.000000000000000000e+00,0.000000000000000000e+00,1.931105588329806166e-01,0.000000000000000000e+00,1.990581384791156316e-01,5.376847897655306907e-01,1.767441092111942183e-02,0.000000000000000000e+00
4.363197027930602878e-02,0.000000000000000000e+00,0.000000000000000000e+00,0.000000000000000000e+00,0.000000000000000000e+00,0.000000000000000000e+00,1.866118303703374892e-01,0.000000000000000000e+00,2.252206262184052177e-01,5.347450865876124393e-01,1.273073326933356515e-02,0.000000000000000000e+00
4.656038724341319407e-02,0.000000000000000000e+00,0.000000000000000000e+00,0.000000000000000000e+00,0.000000000000000000e+00,8.032209427603648978e-07,1.763408785023657388e-01,0.000000000000000000e+00,2.448285515326719397e-01,5.287830349504235583e-01,6.288030797677912447e-03,0.000000000000000000e+00
4.907086503548297590e-02,0.000000000000000000e+00,0.000000000000000000e+00,2.626200140108209759e-06,0.000000000000000000e+00,1.752833330151854335e-06,1.663412886569451132e-01,0.000000000000000000e+00,2.622430924899699090e-01,5.229971854032575695e-01,2.103485310727918212e-03,0.000000000000000000e+00
5.128981012412945489e-02,0.000000000000000000e+00,0.000000000000000000e+00,2.516763834300652733e-06,0.000000000000000000e+00,1.308600672581494214e-06,1.565064680165027811e-01,0.000000000000000000e+00,2.777805771322121586e-01,5.171543185015687882e-01,5.022183962990359407e-05,0.000000000000000000e+00
5.299176121793552907e-02,0.000000000000000000e+00,0.000000000000000000e+00,2.740918527503310219e-06,0.000000000000000000e+00,2.558633831177887040e-06,1.466101861387254512e-01,0.000000000000000000e+00,2.920743407363986521e-01,5.110642380007639485e-01,5.099600465312532189e-05,0.000000000000000000e+00
5.465753051489680853e-02,0.000000000000000000e+00,0.000000000000000000e+00,2.406258501555761892e-06,0.000000000000000000e+00,3.281173060075066735e-06,1.372103270156389832e-01,0.000000000000000000e+00,3.059012499684809483e-01,5.049668054161104980e-01,4.860936236578424467e-05,0.000000000000000000e+00
5.631573280941252341e-02,0.000000000000000000e+00,0.000000000000000000e+00,6.955807284326594856e-06,0.000000000000000000e+00,6.021869726011935771e-05,1.283640287998975282e-01,0.000000000000000000e+00,3.190518767715241344e-01,4.989301840138148370e-01,4.270758307373453418e-05,0.000000000000000000e+00
5.785771447964476594e-02,0.000000000000000000e+00,0.000000000000000000e+00,2.049600159351081010e-05,0.000000000000000000e+00,2.155500848631898884e-04,1.198732323479287099e-01,0.000000000000000000e+00,3.318204470299703224e-01,4.929421951394918344e-01,3.992877273441801925e-05,0.000000000000000000e+00
5.943042233584368284e-02,0.000000000000000000e+00,0.000000000000000000e+00,2.267720124840729218e-05,0.000000000000000000e+00,5.768114894667893556e-04,1.116106725601343497e-01,0.000000000000000000e+00,3.443293962264874497e-01,4.867568941282411910e-01,4.267806165339416196e-05,0.000000000000000000e+00
6.125607077851970284e-02,0.000000000000000000e+00,0.000000000000000000e+00,1.610970298185836097e-05,0.000000000000000000e+00,9.858981162696935519e-04,1.036778633841689695e-01,0.000000000000000000e+00,3.563612107006099428e-01,4.804261632495953060e-01,4.667588037375243763e-05,0.000000000000000000e+00
6.342601884657342315e-02,0.000000000000000000e+00,0.000000000000000000e+00,1.725606758906783538e-05,0.000000000000000000e+00,1.301180350389545591e-03,9.609254576933530523e-02,0.000000000000000000e+00,3.679540841481341307e-01,4.739393499884069216e-01,4.658580105306727804e-05,0.000000000000000000e+00
6.606636427873031903e-02,0.000000000000000000e+00,0.000000000000000000e+00,1.226382624460581249e-05,0.000000000000000000e+00,1.428000938674908217e-03,8.886753008947971544e-02,0.000000000000000000e+00,3.792060455963213172e-01,4.671501140324395007e-01,4.268600558547425323e-05,0.000000000000000000e+00
6.909682965635764729e-02,0.000000000000000000e+00,0.000000000000000000e+00,9.184405321826537958e-06,0.000000000000000000e+00,1.428477286410506468e-03,8.198823749199248001e-02,0.000000000000000000e+00,3.901134902807349980e-01,4.601003567728432775e-01,4.228642419673684733e-05,0.000000000000000000e+00
7.238235789741634396e-02,0.000000000000000000e+00,0.000000000000000000e+00,1.552498576467034022e-05,0.000000000000000000e+00,1.426773375281696014e-03,7.532751064995212020e-02,0.000000000000000000e+00,4.006889913376308066e-01,4.528983792716523848e-01,4.868646670245086990e-05,0.000000000000000000e+00
7.593899376835865078e-02,0.000000000000000000e+00,0.000000000000000000e+00,4.382333220929330171e-05,0.000000000000000000e+00,1.423783450892490742e-03,6.891223544781971411e-02,0.000000000000000000e+00,4.108503151554229182e-01,4.455687193913699939e-01,5.375238705632957647e-05,0.000000000000000000e+00
7.975777446616841293e-02,0.000000000000000000e+00,0.000000000000000000e+00,1.232303268122976806e-04,0.000000000000000000e+00,1.424788191154095773e-03,6.285681471701562439e-02,0.000000000000000000e+00,4.205249091320057975e-01,4.380557751816777645e-01,5.156700971635348415e-05,0.000000000000000000e+00
8.387419286025214749e-02,0.000000000000000000e+00,0.000000000000000000e+00,2.505351061136070227e-04,0.000000000000000000e+00,1.429730598778179533e-03,5.715156558530620767e-02,0.000000000000000000e+00,4.298066841253003201e-01,4.302413831698976843e-01,4.233109472105505387e-05,0.000000000000000000e+00
8.829437491303206154e-02,0.000000000000000000e+00,0.000000000000000000e+00,5.322050997829190196e-04,0.000000000000000000e+00,1.431935764473653500e-03,5.171688447497332919e-02,0.000000000000000000e+00,4.387555833579737663e-01,4.220258322180974742e-01,3.504836580031085957e-05,0.000000000000000000e+00
9.299461139423366440e-02,0.000000000000000000e+00,0.000000000000000000e+00,9.958478476577087898e-04,0.000000000000000000e+00,1.400752513075619000e-03,4.652541993324614544e-02,0.000000000000000000e+00,4.473680240521709095e-01,4.134686194008199145e-01,3.923253190301991992e-05,0.000000000000000000e+00
9.809805011030074684e-02,0.000000000000000000e+00,0.000000000000000000e+00,1.526635219260110863e-03,0.000000000000000000e+00,1.140285813602229421e-03,4.163969880500412168e-02,0.000000000000000000e+00,4.556458939041936329e-01,4.046890876140324389e-01,5.496486773884584289e-05,0.000000000000000000e+00
1.036896414887783224e-01,0.000000000000000000e+00,0.000000000000000000e+00,1.924886733796638038e-03,0.000000000000000000e+00,7.534227204061375331e-04,3.711421304969474838e-02,0.000000000000000000e+00,4.635541993803192207e-01,3.956943952967600930e-01,6.785511833874999308e-05,0.000000000000000000e+00
1.097433074798451341e-01,0.000000000000000000e+00,0.000000000000000000e+00,2.060660481149120295e-03,0.000000000000000000e+00,3.614539564678651657e-04,3.295269424164253003e-02,0.000000000000000000e+00,4.710922584889022380e-01,3.865202462652660986e-01,6.074557142208655049e-05,0.000000000000000000e+00
1.160844751082222431e-01,0.000000000000000000e+00,0.000000000000000000e+00,2.072046321366732835e-03,0.000000000000000000e+00,1.156730215525394724e-04,2.910397681130775377e-02,3.436561401379570614e-06,4.781837174866242490e-01,3.771914615862424491e-01,3.687396329814271418e-05,0.000000000000000000e+00
1.225940930037213300e-01,0.000000000000000000e+00,0.000000000000000000e+00,2.080325175630602132e-03,0.000000000000000000e+00,2.145062713264830529e-05,2.560663670823387292e-02,1.087822352496567228e-05,4.847841850473162406e-01,3.676690661193996457e-01,2.009279509190581048e-05,0.000000000000000000e+00
1.293777645176921454e-01,0.000000000000000000e+00,0.000000000000000000e+00,2.073407084726443510e-03,0.000000000000000000e+00,4.165809004681804816e-06,2.249330733975001689e-02,1.673315093475026731e-05,4.909008317384795372e-01,3.578995795767628274e-01,2.978301424519592383e-05,0.000000000000000000e+00
1.364900583759167674e-01,0.000000000000000000e+00,0.000000000000000000e+00,2.051607945286462818e-03,0.000000000000000000e+00,1.585819406337293401e-06,1.972427653591059607e-02,1.375434245062737380e-05,4.965023835361296323e-01,3.479500419682480250e-01,5.443796752149821525e-05,0.000000000000000000e+00
1.438362225011050599e-01,0.000000000000000000e+00,0.000000000000000000e+00,2.039231040458962425e-03,0.000000000000000000e+00,1.438977382788554869e-06,1.727693985605019064e-02,1.160249239445097095e-05,5.016350129628381893e-01,3.379217561219111099e-01,6.999549593489662075e-05,0.000000000000000000e+00
1.514627924835022510e-01,0.000000000000000000e+00,0.000000000000000000e+00,2.044105445505305443e-03,0.000000000000000000e+00,1.041290834416845120e-06,1.510133137790100645e-02,1.521708806809113808e-05,5.063714017042335591e-01,3.277413559639320018e-01,5.965871488729199314e-05,0.000000000000000000e+00
1.595317741522131461e-01,0.000000000000000000e+00,0.000000000000000000e+00,2.056378295284707041e-03,0.000000000000000000e+00,7.663130369393966352e-07,1.311241772415973512e-02,1.856958046929902575e-05,5.107073679324350968e-01,3.173318356285744768e-01,4.008154109989503174e-05,0.000000000000000000e+00
1.679714050790756252e-01,0.000000000000000000e+00,0.000000000000000000e+00,2.039822723224374214e-03,0.000000000000000000e+00,5.840885839919066363e-07,1.140866945638186608e-02,1.873585659477816444e-05,5.146288753600470889e-01,3.066968101894743115e-01,2.942294243658017538e-05,0.000000000000000000e+00
1.766336134312008754e-01,0.000000000000000000e+00,0.000000000000000000e+00,1.780579685218777134e-03,0.000000000000000000e+00,2.105138465052739983e-07,1.022517390392268036e-02,2.057324213180261228e-05,5.182535717627949623e-01,2.958473956350646250e-01,3.592625327142347479e-05,0.000000000000000000e+00
1.855678637144018983e-01,0.000000000000000000e+00,0.000000000000000000e+00,1.337913424491401484e-03,0.000000000000000000e+00,0.000000000000000000e+00,9.402713270314033353e-03,1.957768803026237414e-05,5.216720760981156113e-01,2.847491979226927095e-01,4.671109684872805986e-05,0.000000000000000000e+00
1.949065373407573576e-01,0.000000000000000000e+00,0.000000000000000000e+00,7.714477564473522144e-04,0.000000000000000000e+00,0.000000000000000000e+00,8.882754378002566398e-03,1.625438789691061706e-05,5.248262170918884806e-01,2.733397318558915545e-01,5.103024312396010296e-05,0.000000000000000000e+00
2.045759088012236993e-01,0.000000000000000000e+00,0.000000000000000000e+00,1.902342762494797887e-04,0.000000000000000000e+00,0.000000000000000000e+00,8.751558799875307909e-03,1.576436585429138125e-05,5.275970957213539370e-01,2.616144897556038629e-01,4.663777621382695921e-05,0.000000000000000000e+00
2.144471210543977824e-01,0.000000000000000000e+00,0.000000000000000000e+00,8.729951946725388238e-06,0.000000000000000000e+00,0.000000000000000000e+00,8.590325541105371665e-03,6.050288937650545349e-06,5.299990081860475044e-01,2.496864221927128646e-01,4.116836282207550751e-05,0.000000000000000000e+00
2.246095756380889208e-01,0.000000000000000000e+00,0.000000000000000000e+00,8.352812814794045100e-06,0.000000000000000000e+00,2.365364118975571158e-08,8.456257032066634080e-03,1.043616088945341253e-06,5.320795554528783278e-01,2.375759349545703836e-01,3.688383603292284178e-05,0.000000000000000000e+00
2.351704133208116776e-01,0.000000000000000000e+00,0.000000000000000000e+00,8.212159293044253607e-06,0.000000000000000000e+00,0.000000000000000000e+00,8.449426859908477222e-03,0.000000000000000000e+00,5.338167130356091805e-01,2.252788136796165519e-01,4.378775092420722801e-05,0.000000000000000000e+00
2.462417075546818601e-01,0.000000000000000000e+00,0.000000000000000000e+00,5.095293561182986209e-06,0.000000000000000000e+00,0.000000000000000000e+00,8.451565808218293799e-03,0.000000000000000000e+00,5.350605263608019246e-01,2.129225621148335690e-01,8.902359328529679035e-05,0.000000000000000000e+00
2.574274285851530508e-01,0.000000000000000000e+00,0.000000000000000000e+00,0.000000000000000000e+00,0.000000000000000000e+00,0.000000000000000000e+00,8.359756078570647689e-03,0.000000000000000000e+00,5.355862427317505947e-01,1.996041963837492383e-01,1.816564730014635009e-03,0.000000000000000000e+00
2.677847879242369888e-01,0.000000000000000000e+00,0.000000000000000000e+00,0.000000000000000000e+00,0.000000000000000000e+00,0.000000000000000000e+00,7.660245445445639130e-03,1.837974074131605183e-03,5.359065415433305057e-01,1.838482407320989886e-01,5.725715165468365717e-03,0.000000000000000000e+00
2.748539083921004988e-01,0.000000000000000000e+00,0.000000000000000000e+00,0.000000000000000000e+00,0.000000000000000000e+00,0.000000000000000000e+00,4.676626472496992620e-03,1.529211834477438303e-02,5.346238362617637963e-01,1.633312150671951679e-01,9.997560095422087720e-03,0.000000000000000000e+00
2.789101325010917565e-01,0.000000000000000000e+00,0.000000000000000000e+00,0.000000000000000000e+00,0.000000000000000000e+00,0.000000000000000000e+00,1.124028198800338177e-03,3.961261519249729274e-02,5.300004843606911376e-01,1.381019483169697581e-01,1.502759355680232181e-02,0.000000000000000000e+00
2.802349314387603263e-01,0.000000000000000000e+00,0.000000000000000000e+00,0.000000000000000000e+00,0.000000000000000000e+00,0.000000000000000000e+00,0.000000000000000000e+00,7.320696999112606684e-02,5.213014725776310421e-01,1.078821952122096250e-01,2.016796390326624014e-02,0.000000000000000000e+00
2.802355609886867382e-01,0.000000000000000000e+00,0.000000000000000000e+00,0.000000000000000000e+00,0.000000000000000000e+00,0.000000000000000000e+00,0.000000000000000000e+00,1.140726576418235327e-01,5.090410677073218260e-01,7.375858696711320994e-02,2.565604713561737971e-02,0.000000000000000000e+00
2.795433235825059426e-01,0.000000000000000000e+00,0.000000000000000000e+00,0.000000000000000000e+00,0.000000000000000000e+00,0.000000000000000000e+00,0.000000000000000000e+00,1.594087732836258209e-01,4.931530265761118748e-01,3.952146732288240594e-02,3.112511294662990285e-02,0.000000000000000000e+00
2.750104712349667468e-01,0.000000000000000000e+00,0.000000000000000000e+00,0.000000000000000000e+00,0.000000000000000000e+00,0.000000000000000000e+00,0.000000000000000000e+00,2.062140937383835915e-01,4.727458121868913232e-01,1.293469250512458563e-02,3.585366530350315994e-02,0.000000000000000000e+00
2.654548854398292024e-01,0.000000000000000000e+00,0.000000000000000000e+00,0.000000000000000000e+00,0.000000000000000000e+00,0.000000000000000000e+00,0.000000000000000000e+00,2.517808129433001807e-01,4.469825431160803220e-01,0.000000000000000000e+00,3.868608259737731092e-02,0.000000000000000000e+00
2.508376676228059599e-01,0.000000000000000000e+00,0.000000000000000000e+00,0.000000000000000000e+00,0.000000000000000000e+00,0.000000000000000000e+00,0.000000000000000000e+00,2.958700271804729498e-01,4.162212442197709139e-01,0.000000000000000000e+00,3.982729823317299189e-02,0.000000000000000000e+00
2.346595223356293114e-01,0.000000000000000000e+00,0.000000000000000000e+00,0.000000000000000000e+00,0.000000000000000000e+00,0.000000000000000000e+00,0.000000000000000000e+00,3.423002810114545436e-01,3.831393690825087850e-01,0.000000000000000000e+00,4.268804453949313210e-02,0.000000000000000000e+00
2.167340284508592896e-01,0.000000000000000000e+00,0.000000000000000000e+00,0.000000000000000000e+00,0.000000000000000000e+00,0.000000000000000000e+00,0.000000000000000000e+00,3.914447478409814329e-01,3.469277221191702232e-01,0.000000000000000000e+00,4.790514402026301022e-02,0.000000000000000000e+00
1.928810746183577396e-01,1.628149642858831708e-02,0.000000000000000000e+00,0.000000000000000000e+00,0.000000000000000000e+00,0.000000000000000000e+00,0.000000000000000000e+00,4.389169230861529325e-01,3.028948581089250802e-01,0.000000000000000000e+00,5.166859310324289911e-02,0.000000000000000000e+00
1.521900239414166744e-01,6.909874923213593645e-02,0.000000000000000000e+00,0.000000000000000000e+00,0.000000000000000000e+00,0.000000000000000000e+00,0.000000000000000000e+00,4.743326051374022745e-01,2.404095240911177933e-01,0.000000000000000000e+00,4.272816134907971020e-02,2.390456470980194953e-02
1.020141319136545072e-01,1.567317346177187487e-01,0.000000000000000000e+00,0.000000000000000000e+00,0.000000000000000000e+00,0.000000000000000000e+00,0.000000000000000000e+00,5.058975467350066424e-01,1.674537928442174084e-01,0.000000000000000000e+00,2.674715395301474619e-02,4.394109234777999334e-02
5.246919581020433737e-02,2.659020405985612623e-01,0.000000000000000000e+00,0.000000000000000000e+00,0.000000000000000000e+00,0.000000000000000000e+00,0.000000000000000000e+00,5.357446195253852128e-01,9.348169325266469931e-02,0.000000000000000000e+00,1.054424060996820775e-02,4.459879719779207691e-02
1.589673640767350418e-02,3.709553701461025255e-01,0.000000000000000000e+00,0.000000000000000000e+00,0.000000000000000000e+00,0.000000000000000000e+00,0.000000000000000000e+00,5.563339087981548081e-01,3.371784407062271977e-02,0.000000000000000000e+00,0.000000000000000000e+00,2.563202064412321152e-02
0.000000000000000000e+00,4.477685005853204725e-01,0.000000000000000000e+00,0.000000000000000000e+00,0.000000000000000000e+00,0.000000000000000000e+00,0.000000000000000000e+00,5.553632846756347829e-01,0.000000000000000000e+00,0.000000000000000000e+00,0.000000000000000000e+00,0.000000000000000000e+00
0.000000000000000000e+00,4.791602999725051437e-01,0.000000000000000000e+00,0.000000000000000000e+00,0.000000000000000000e+00,0.000000000000000000e+00,0.000000000000000000e+00,5.237538585553626058e-01,0.000000000000000000e+00,0.000000000000000000e+00,0.000000000000000000e+00,0.000000000000000000e+00
0.000000000000000000e+00,4.988562652062107361e-01,0.000000000000000000e+00,0.000000000000000000e+00,0.000000000000000000e+00,0.000000000000000000e+00,1.013690131636721566e-02,4.938566912862358826e-01,0.000000000000000000e+00,0.000000000000000000e+00,0.000000000000000000e+00,0.000000000000000000e+00
0.000000000000000000e+00,5.155090988957300446e-01,0.000000000000000000e+00,0.000000000000000000e+00,0.000000000000000000e+00,0.000000000000000000e+00,1.397988512605775543e-02,4.734659159462701328e-01,0.000000000000000000e+00,0.000000000000000000e+00,0.000000000000000000e+00,0.000000000000000000e+00
0.000000000000000000e+00,5.323174734218090176e-01,0.000000000000000000e+00,0.000000000000000000e+00,0.000000000000000000e+00,0.000000000000000000e+00,6.613747340481067501e-03,4.639442075532337895e-01,0.000000000000000000e+00,0.000000000000000000e+00,0.000000000000000000e+00,0.000000000000000000e+00
0.000000000000000000e+00,5.439968934086771846e-01,0.000000000000000000e+00,0.000000000000000000e+00,0.000000000000000000e+00,0.000000000000000000e+00,0.000000000000000000e+00,4.588930690717325511e-01,0.000000000000000000e+00,0.000000000000000000e+00,0.000000000000000000e+00,0.000000000000000000e+00
0.000000000000000000e+00,5.483307279561870917e-01,0.000000000000000000e+00,0.000000000000000000e+00,0.000000000000000000e+00,0.000000000000000000e+00,0.000000000000000000e+00,4.545773681305302905e-01,0.000000000000000000e+00,0.000000000000000000e+00,0.000000000000000000e+00,0.000000000000000000e+00
0.000000000000000000e+00,5.493634138310221626e-01,0.000000000000000000e+00,0.000000000000000000e+00,0.000000000000000000e+00,0.000000000000000000e+00,0.000000000000000000e+00,4.535275592560587543e-01,0.000000000000000000e+00,0.000000000000000000e+00,0.000000000000000000e+00,0.000000000000000000e+00
