3.593422620265681044e-01,1.809869027118269497e-02,0.000000000000000000e+00,3.563477831790077821e-01,0.000000000000000000e+00,1.801499618831577665e-01,0.000000000000000000e+00,9.090323732159100167e-02,0.000000000000000000e+00,0.000000000000000000e+00,0.000000000000000000e+00,0.000000000000000000e+00
3.593331304112097335e-01,1.809906209036872202e-02,0.000000000000000000e+00,3.563611452318357631e-01,0.000000000000000000e+00,1.801460323622951776e-01,0.000000000000000000e+00,9.090053435984690733e-02,0.000000000000000000e+00,0.000000000000000000e+00,0.000000000000000000e+00,0.000000000000000000e+00
3.593178963152333094e-01,1.810152182422403860e-02,0.000000000000000000e+00,3.563835441609159438e-01,0.000000000000000000e+00,1.801366240512595751e-01,0.000000000000000000e+00,9.089517562314931853e-02,0.000000000000000000e+00,0.000000000000000000e+00,0.000000000000000000e+00,0.000000000000000000e+00
3.592940543014911392e-01,1.810425658940190488e-02,0.000000000000000000e+00,3.564171011453922122e-01,0.000000000000000000e+00,1.801224070863709781e-01,0.000000000000000000e+00,9.088694828513520230e-02,0.000000000000000000e+00,0.000000000000000000e+00,0.000000000000000000e+00,0.000000000000000000e+00
3.592618381696238150e-01,1.810696983499311338e-02,0.000000000000000000e+00,3.564589856701991244e-01,0.000000000000000000e+00,1.801048749093436541e-01,0.000000000000000000e+00,9.087621351142519122e-02,0.000000000000000000e+00,0.000000000000000000e+00,0.000000000000000000e+00,0.000000000000000000e+00
3.592313398583916184e-01,1.810969138482389565e-02,0.000000000000000000e+00,3.564865369398290129e-01,0.000000000000000000e+00,1.800870155509415316e-01,0.000000000000000000e+00,9.086751819483021575e-02,0.000000000000000000e+00,0.000000000000000000e+00,0.000000000000000000e+00,0.000000000000000000e+00
3.592096042914931231e-01,1.808223643424673732e-02,0.000000000000000000e+00,3.564770531662648789e-01,0.000000000000000000e+00,1.800776595870644814e-01,0.000000000000000000e+00,9.086675819775534568e-02,0.000000000000000000e+00,0.000000000000000000e+00,0.000000000000000000e+00,0.000000000000000000e+00
3.591880775756559063e-01,1.791490131776408631e-02,0.000000000000000000e+00,3.564590542904995107e-01,0.000000000000000000e+00,1.800754611001685046e-01,0.000000000000000000e+00,9.086555567135758127e-02,0.000000000000000000e+00,0.000000000000000000e+00,0.000000000000000000e+00,0.000000000000000000e+00
3.591551683779560800e-01,1.776879494604179099e-02,0.000000000000000000e+00,3.564752135799175159e-01,0.000000000000000000e+00,1.800589536542006874e-01,0.000000000000000000e+00,9.084770504642709910e-02,0.000000000000000000e+00,0.000000000000000000e+00,0.000000000000000000e+00,0.000000000000000000e+00
3.591313614591765679e-01,1.760758007338121545e-02,0.000000000000000000e+00,3.564519391759861655e-01,0.000000000000000000e+00,1.800489702738272135e-01,0.000000000000000000e+00,9.084177801418699683e-02,0.000000000000000000e+00,0.000000000000000000e+00,0.000000000000000000e+00,0.000000000000000000e+00
3.591266194741170592e-01,1.751203043267442194e-02,0.000000000000000000e+00,3.563645591030277782e-01,0.000000000000000000e+00,1.800650336436259713e-01,0.000000000000000000e+00,9.085064892879869680e-02,0.000000000000000000e+00,0.000000000000000000e+00,0.000000000000000000e+00,0.000000000000000000e+00
3.590941480860724289e-01,1.739901957622471892e-02,2.830632154293430862e-06,3.563465526527926919e-01,0.000000000000000000e+00,1.800618064911945759e-01,0.000000000000000000e+00,9.083170459135085639e-02,0.000000000000000000e+00,0.000000000000000000e+00,0.000000000000000000e+00,0.000000000000000000e+00
3.590499026221511958e-01,1.735281724390269273e-02,1.740144900076004376e-06,3.563399774591551883e-01,0.000000000000000000e+00,1.800423789076792958e-01,0.000000000000000000e+00,9.081617469603657511e-02,0.000000000000000000e+00,0.000000000000000000e+00,0.000000000000000000e+00,0.000000000000000000e+00
3.590179317003339698e-01,1.735549424707303820e-02,0.000000000000000000e+00,3.563560731694073724e-01,0.000000000000000000e+00,1.800334506352856412e-01,0.000000000000000000e+00,9.081291003542499296e-02,0.000000000000000000e+00,0.000000000000000000e+00,0.000000000000000000e+00,0.000000000000000000e+00
3.589735508142596343e-01,1.732513069373124714e-02,0.000000000000000000e+00,3.564673416244267812e-01,0.000000000000000000e+00,1.800081679450357408e-01,0.000000000000000000e+00,9.080183536136204880e-02,0.000000000000000000e+00,0.000000000000000000e+00,0.000000000000000000e+00,0.000000000000000000e+00
3.589491231596345644e-01,1.732677188735025700e-02,0.000000000000000000e+00,3.493061971240618013e-01,0.000000000000000000e+00,1.799935606487693407e-01,0.000000000000000000e+00,9.081223939043431281e-02,0.000000000000000000e+00,0.000000000000000000e+00,0.000000000000000000e+00,6.702218998055485717e-03
3.589201299791321409e-01,1.712059556409254585e-02,0.000000000000000000e+00,2.827752390613556543e-01,0.000000000000000000e+00,1.799767132072786768e-01,0.000000000000000000e+00,7.718869142729982424e-02,0.000000000000000000e+00,0.000000000000000000e+00,0.000000000000000000e+00,8.813168998062491377e-02
3.589104025579762935e-01,1.711639003228393463e-02,0.000000000000000000e+00,1.997160839053221670e-01,0.000000000000000000e+00,1.799730649016444139e-01,0.000000000000000000e+00,4.871718772088460409e-02,0.000000000000000000e+00,0.000000000000000000e+00,0.000000000000000000e+00,1.996526879517136477e-01
3.589066607457680469e-01,1.712528002710380151e-02,0.000000000000000000e+00,1.277491795239953931e-01,0.000000000000000000e+00,1.799601220907612875e-01,0.000000000000000000e+00,2.913284354946512125e-02,0.000000000000000000e+00,0.000000000000000000e+00,0.000000000000000000e+00,2.912399961482339816e-01
3.588984125529373626e-01,1.713933974843014768e-02,0.000000000000000000e+00,8.904647349364104569e-02,0.000000000000000000e+00,1.799616426311914374e-01,0.000000000000000000e+00,2.910589211959250730e-02,0.000000000000000000e+00,0.000000000000000000e+00,0.000000000000000000e+00,3.296479624094181826e-01
3.588748667311088547e-01,1.715148285330608119e-02,0.000000000000000000e+00,8.910993596614369405e-02,0.000000000000000000e+00,1.799635398757883920e-01,0.000000000000000000e+00,2.912927907501644889e-02,0.000000000000000000e+00,0.000000000000000000e+00,0.000000000000000000e+00,3.295076882179469036e-01
3.588503849350870301e-01,1.715429992089326228e-02,0.000000000000000000e+00,8.909178660386485316e-02,0.000000000000000000e+00,1.799776818413471591e-01,0.000000000000000000e+00,2.913566504945747093e-02,0.000000000000000000e+00,0.000000000000000000e+00,0.000000000000000000e+00,3.294949134951228875e-01
3.588199926744313206e-01,1.713364639031050504e-02,0.000000000000000000e+00,8.903875359771515341e-02,0.000000000000000000e+00,1.800106854265422773e-01,0.000000000000000000e+00,2.913754035812306589e-02,0.000000000000000000e+00,0.000000000000000000e+00,0.000000000000000000e+00,3.294733341892019940e-01
3.587838495005835071e-01,1.713928160125245681e-02,0.000000000000000000e+00,8.898664755290333628e-02,1.515946525052190227e-02,1.652840927867042231e-01,0.000000000000000000e+00,2.914896926446929049e-02,0.000000000000000000e+00,0.000000000000000000e+00,0.000000000000000000e+00,3.294417216337160448e-01
3.587331884654746395e-01,1.713853823639933244e-02,0.000000000000000000e+00,8.888158486854307039e-02,4.483289178396083347e-02,1.358010418921923868e-01,0.000000000000000000e+00,2.915792315833399748e-02,0.000000000000000000e+00,0.000000000000000000e+00,0.000000000000000000e+00,3.295038391045874704e-01
3.587220208456793347e-01,1.713859225215534979e-02,0.000000000000000000e+00,8.884594356970157425e-02,9.082089151817145101e-02,1.090531564223797129e-01,0.000000000000000000e+00,2.909079608708899436e-02,0.000000000000000000e+00,0.000000000000000000e+00,0.000000000000000000e+00,3.108464952117301339e-01
3.587158074533424723e-01,1.712332217024634812e-02,0.000000000000000000e+00,8.886438765968009135e-02,1.393536829971624980e-01,8.255943344043442655e-02,0.000000000000000000e+00,7.311680371894384300e-02,0.000000000000000000e+00,0.000000000000000000e+00,0.000000000000000000e+00,2.444863796316211202e-01
3.587136885315799772e-01,1.708369951918069229e-02,0.000000000000000000e+00,9.860779008618622554e-02,1.829433370514956247e-01,5.749267221888816615e-02,0.000000000000000000e+00,1.417573224054116676e-01,0.000000000000000000e+00,0.000000000000000000e+00,0.000000000000000000e+00,1.476491902800814160e-01
3.587318175441122636e-01,1.985656274156696877e-02,0.000000000000000000e+00,1.015762483217760442e-01,2.204070562318202475e-01,3.944389067200643889e-02,0.000000000000000000e+00,2.097854252188203206e-01,0.000000000000000000e+00,0.000000000000000000e+00,0.000000000000000000e+00,5.408363204294228122e-02
3.568793505511808628e-01,3.280246133012562626e-02,0.000000000000000000e+00,1.015575782541586758e-01,2.400497567931222376e-01,2.135639647294713950e-02,0.000000000000000000e+00,2.517055651999496879e-01,0.000000000000000000e+00,0.000000000000000000e+00,0.000000000000000000e+00,0.000000000000000000e+00
3.366607523476567998e-01,5.242330853157530640e-02,0.000000000000000000e+00,1.015526831060207108e-01,2.429519367273381969e-01,8.409777943960486390e-03,0.000000000000000000e+00,2.619724976830651864e-01,0.000000000000000000e+00,0.000000000000000000e+00,0.000000000000000000e+00,0.000000000000000000e+00
3.086245243964596541e-01,8.075646370221951920e-02,0.000000000000000000e+00,1.015492080735426045e-01,2.429225547951158470e-01,8.445750421256966942e-03,0.000000000000000000e+00,2.619268326148123660e-01,0.000000000000000000e+00,0.000000000000000000e+00,0.000000000000000000e+00,0.000000000000000000e+00
2.796646625384877072e-01,1.096687434812148032e-01,0.000000000000000000e+00,1.015677371444487914e-01,2.429271183018404390e-01,8.470078620538258607e-03,0.000000000000000000e+00,2.619451246146708989e-01,0.000000000000000000e+00,0.000000000000000000e+00,0.000000000000000000e+00,0.000000000000000000e+00
2.590191373315259282e-01,1.304033816851355720e-01,0.000000000000000000e+00,1.015749023104877968e-01,2.429264473968259785e-01,8.465840889152934090e-03,0.000000000000000000e+00,2.619640560034769972e-01,0.000000000000000000e+00,0.000000000000000000e+00,0.000000000000000000e+00,0.000000000000000000e+00
2.274894914803995138e-01,1.303720046359230500e-01,0.000000000000000000e+00,1.015642052174158955e-01,2.429362612497756868e-01,8.426391616318107750e-03,0.000000000000000000e+00,2.620209213636386925e-01,3.027641706246038400e-02,0.000000000000000000e+00,0.000000000000000000e+00,0.000000000000000000e+00
1.691137353572154389e-01,1.303625941135201916e-01,0.000000000000000000e+00,1.015323035213170494e-01,2.429309698135709294e-01,8.346613258471967042e-03,0.000000000000000000e+00,2.620736232957076028e-01,8.887444460508528432e-02,0.000000000000000000e+00,0.000000000000000000e+00,0.000000000000000000e+00
9.891978598539225009e-02,1.303686747736657325e-01,0.000000000000000000e+00,1.015224010939082683e-01,2.429331198671472181e-01,8.334456820305173250e-03,0.000000000000000000e+00,2.620641036896627085e-01,1.591373287761776723e-01,0.000000000000000000e+00,0.000000000000000000e+00,0.000000000000000000e+00
3.358803840216651598e-02,1.303671754504307223e-01,0.000000000000000000e+00,1.015148364216219429e-01,2.429355197866650273e-01,8.333510052550991906e-03,0.000000000000000000e+00,2.620646838749429719e-01,2.244651401276373526e-01,0.000000000000000000e+00,0.000000000000000000e+00,0.000000000000000000e+00
0.000000000000000000e+00,1.303727263551409943e-01,0.000000000000000000e+00,8.114199842857371114e-02,2.429268722799379776e-01,8.301798457281810498e-03,0.000000000000000000e+00,2.620945051425231931e-01,2.794856233786715549e-01,0.000000000000000000e+00,0.000000000000000000e+00,0.000000000000000000e+00
0.000000000000000000e+00,1.201471500085237176e-01,0.000000000000000000e+00,4.564355002145868007e-02,2.429378874983260939e-01,8.300288936861084654e-03,0.000000000000000000e+00,2.620755887285122765e-01,3.252599997809069721e-01,0.000000000000000000e+00,0.000000000000000000e+00,0.000000000000000000e+00
0.000000000000000000e+00,9.560692555880062615e-02,0.000000000000000000e+00,2.045944336635287589e-02,2.429535962524836112e-01,8.318095585999692523e-03,0.000000000000000000e+00,2.620351097985082478e-01,3.748315148811932618e-01,0.000000000000000000e+00,0.000000000000000000e+00,0.000000000000000000e+00
0.000000000000000000e+00,6.538443128456616904e-02,0.000000000000000000e+00,5.771896363550628288e-03,2.429448147139782188e-01,8.316594199414689692e-03,0.000000000000000000e+00,2.620948223131818189e-01,4.198593484098885331e-01,0.000000000000000000e+00,0.000000000000000000e+00,0.000000000000000000e+00
0.000000000000000000e+00,3.798270185774349494e-02,0.000000000000000000e+00,4.052237409260798140e-05,2.429402704757895881e-01,8.309766499112353558e-03,0.000000000000000000e+00,2.413484013706403419e-01,4.564635312827478031e-01,0.000000000000000000e+00,0.000000000000000000e+00,1.698229953099521933e-02
0.000000000000000000e+00,1.389555444234455775e-02,0.000000000000000000e+00,1.740232651950905280e-05,2.429481113358955557e-01,8.295528065671861975e-03,0.000000000000000000e+00,1.964401520049724736e-01,4.800641204101499526e-01,0.000000000000000000e+00,0.000000000000000000e+00,6.257924386652703730e-02
0.000000000000000000e+00,2.047323871137040306e-03,0.000000000000000000e+00,1.064385797234561091e-05,2.429583548788614433e-01,8.272465847896261562e-03,0.000000000000000000e+00,1.420682033705349956e-01,4.961335330413690348e-01,0.000000000000000000e+00,0.000000000000000000e+00,1.129439332290379933e-01
0.000000000000000000e+00,2.064120364355625983e-03,0.000000000000000000e+00,4.094270645141037813e-06,2.429566991268890253e-01,8.236189378107598713e-03,0.000000000000000000e+00,9.183682322321408409e-02,5.074556140748557320e-01,0.000000000000000000e+00,0.000000000000000000e+00,1.518251135731487345e-01
0.000000000000000000e+00,2.065260947337416164e-03,0.000000000000000000e+00,1.803671708311486684e-07,2.429559121460449500e-01,8.200080846059928930e-03,0.000000000000000000e+00,6.143637472335656408e-02,5.179367265315261148e-01,0.000000000000000000e+00,0.000000000000000000e+00,1.714246006353090934e-01
0.000000000000000000e+00,2.065580831148529795e-03,0.000000000000000000e+00,0.000000000000000000e+00,2.429601215428577321e-01,8.174345587558999246e-03,0.000000000000000000e+00,5.672028084621674737e-02,5.228104899386523119e-01,0.000000000000000000e+00,0.000000000000000000e+00,1.714114976834959780e-01
0.000000000000000000e+00,2.057016181908765014e-03,0.000000000000000000e+00,0.000000000000000000e+00,2.429619677354210860e-01,8.156236596082297105e-03,0.000000000000000000e+00,5.676092889489572219e-02,5.227745456360992637e-01,0.000000000000000000e+00,0.000000000000000000e+00,1.714295337914107376e-01
0.000000000000000000e+00,2.039173328373917928e-03,0.000000000000000000e+00,0.000000000000000000e+00,2.429663102693209176e-01,8.139552021718845023e-03,0.000000000000000000e+00,5.678010063248636885e-02,5.227689174434120289e-01,0.000000000000000000e+00,0.000000000000000000e+00,1.714383957447475904e-01
0.000000000000000000e+00,2.035493266018053703e-03,0.000000000000000000e+00,0.000000000000000000e+00,2.429675742771702784e-01,8.131028478944939478e-03,0.000000000000000000e+00,5.679276506386443657e-02,5.227736139475537280e-01,0.000000000000000000e+00,0.000000000000000000e+00,1.714289444006008856e-01
0.000000000000000000e+00,2.034505304357891141e-03,0.000000000000000000e+00,0.000000000000000000e+00,2.429550733618479896e-01,8.137474664713931910e-03,0.000000000000000000e+00,5.676702726466115179e-02,5.227834719188816370e-01,0.000000000000000000e+00,0.000000000000000000e+00,1.714431866725185105e-01
0.000000000000000000e+00,2.028448709375031342e-03,0.000000000000000000e+00,0.000000000000000000e+00,2.429467663404298594e-01,8.142147837094848919e-03,0.000000000000000000e+00,5.674228096303984142e-02,5.228077046988532928e-01,0.000000000000000000e+00,0.000000000000000000e+00,1.714414603751489574e-01
0.000000000000000000e+00,2.026466130595280021e-03,0.000000000000000000e+00,0.000000000000000000e+00,2.429465846914600768e-01,8.142692564922513268e-03,0.000000000000000000e+00,5.677740260262326838e-02,5.228071598588274194e-01,0.000000000000000000e+00,0.000000000000000000e+00,1.713986702035507348e-01
0.000000000000000000e+00,2.029132907729693392e-03,0.000000000000000000e+00,0.000000000000000000e+00,2.429502925935536073e-01,8.137318554204077750e-03,0.000000000000000000e+00,5.679618123818731129e-02,5.227952987574786547e-01,0.000000000000000000e+00,0.000000000000000000e+00,1.713753064735408227e-01
0.000000000000000000e+00,2.034779482424069457e-03,0.000000000000000000e+00,0.000000000000000000e+00,2.429716339647935708e-01,8.113438401009216011e-03,0.000000000000000000e+00,5.679251085691906092e-02,5.227911645103321403e-01,0.000000000000000000e+00,0.000000000000000000e+00,1.713675245881701170e-01
0.000000000000000000e+00,2.036737286574486633e-03,0.000000000000000000e+00,0.000000000000000000e+00,2.406012442329004408e-01,1.066320165628010727e-02,0.000000000000000000e+00,5.678982448420492879e-02,5.227786354892702825e-01,0.000000000000000000e+00,0.000000000000000000e+00,1.713669906923038777e-01
0.000000000000000000e+00,2.032891204527569572e-03,0.000000000000000000e+00,0.000000000000000000e+00,2.306946012838756443e-01,2.060186624209679740e-02,0.000000000000000000e+00,5.677504473220741643e-02,5.227579129134501956e-01,0.000000000000000000e+00,0.000000000000000000e+00,1.713940754058624616e-01
0.000000000000000000e+00,2.027740371694584931e-03,0.000000000000000000e+00,0.000000000000000000e+00,2.120040755847560632e-01,3.320755298190064542e-02,0.000000000000000000e+00,6.320177074768208725e-02,5.227356788298801460e-01,0.000000000000000000e+00,0.000000000000000000e+00,1.711420153758693996e-01
0.000000000000000000e+00,2.022779369757043283e-03,0.000000000000000000e+00,0.000000000000000000e+00,1.933883992015359155e-01,5.182227846822712314e-02,0.000000000000000000e+00,8.225081018087186668e-02,5.227136174139985769e-01,0.000000000000000000e+00,0.000000000000000000e+00,1.521777634479698771e-01
0.000000000000000000e+00,2.022059508440837705e-03,0.000000000000000000e+00,7.157996920174916920e-07,1.790561644279090869e-01,7.459270684358276782e-02,0.000000000000000000e+00,1.045367963215240864e-01,5.227035145207887812e-01,0.000000000000000000e+00,0.000000000000000000e+00,1.214787029555723930e-01
0.000000000000000000e+00,2.012273885161502875e-03,0.000000000000000000e+00,0.000000000000000000e+00,1.731911228332518871e-01,9.701079698667061657e-02,0.000000000000000000e+00,1.192340450928399131e-01,5.226937888918773423e-01,0.000000000000000000e+00,0.000000000000000000e+00,9.052158103403162848e-02
0.000000000000000000e+00,2.009172490049289383e-03,0.000000000000000000e+00,2.763692218536320001e-03,1.732692811097238939e-01,1.097320554651030622e-01,0.000000000000000000e+00,1.192170492027555262e-01,5.226919229188817795e-01,5.338237535095672649e-03,0.000000000000000000e+00,6.833543924697060845e-02
0.000000000000000000e+00,1.997729132592524371e-03,0.000000000000000000e+00,2.761196557787373197e-03,1.627959219919482281e-01,1.097292855320186888e-01,0.000000000000000000e+00,1.191834746162073050e-01,5.226798900061819797e-01,4.270732858516636948e-02,0.000000000000000000e+00,4.172888942948499436e-02
0.000000000000000000e+00,2.004280051073067427e-03,0.000000000000000000e+00,2.776550985067242211e-03,1.310570165502316087e-01,1.097287494723539064e-01,1.279666633851453059e-02,1.191856613645223967e-01,5.226863166351578549e-01,8.881057188638948052e-02,0.000000000000000000e+00,1.417434102613240009e-02
0.000000000000000000e+00,1.993288963412212164e-03,0.000000000000000000e+00,2.772092387575992006e-03,8.262712098930426186e-02,1.097139936738091154e-01,3.701406601997059981e-02,1.191691498165556307e-01,5.226739527716265377e-01,1.276068439937822485e-01,0.000000000000000000e+00,0.000000000000000000e+00
0.000000000000000000e+00,1.999385648181132256e-03,0.000000000000000000e+00,2.788045460939996521e-03,3.183979701953262159e-02,1.097151021675204369e-01,6.079295113034816067e-02,1.191822413513938528e-01,5.226776310642867740e-01,1.545092214913229289e-01,0.000000000000000000e+00,0.000000000000000000e+00
0.000000000000000000e+00,1.985967408855650665e-03,0.000000000000000000e+00,2.788180659469578250e-03,0.000000000000000000e+00,1.097046196069662999e-01,7.820422773632920710e-02,1.192085356443680910e-01,5.226596296934176156e-01,1.695235016891634972e-01,0.000000000000000000e+00,0.000000000000000000e+00
0.000000000000000000e+00,1.988801184580305144e-03,0.000000000000000000e+00,2.796916840569842449e-03,0.000000000000000000e+00,1.097268439577974292e-01,8.804596609638240534e-02,1.026247109336099056e-01,5.226511468467461841e-01,1.764417161593307137e-01,0.000000000000000000e+00,0.000000000000000000e+00
0.000000000000000000e+00,1.983204671837688910e-03,0.000000000000000000e+00,2.792446630207546382e-03,0.000000000000000000e+00,1.079177980955726424e-01,1.035685433802853161e-01,7.404096939077126072e-02,5.226357740961851128e-01,1.915237965476059012e-01,0.000000000000000000e+00,0.000000000000000000e+00
0.000000000000000000e+00,1.979279619534198269e-03,0.000000000000000000e+00,2.791720136770888590e-03,0.000000000000000000e+00,9.373544310967110715e-02,1.238759846866245434e-01,4.520579624942150376e-02,5.226290378772604495e-01,2.141945674285717360e-01,0.000000000000000000e+00,0.000000000000000000e+00
0.000000000000000000e+00,1.973200300673716868e-03,0.000000000000000000e+00,2.789567718636614801e-03,0.000000000000000000e+00,7.278020922109153246e-02,1.443668809191204772e-01,2.069687486444744817e-02,5.226247563927242101e-01,2.391487404921806281e-01,0.000000000000000000e+00,0.000000000000000000e+00
0.000000000000000000e+00,1.971328211082369521e-03,0.000000000000000000e+00,2.790227245186971145e-03,0.000000000000000000e+00,4.959001231563699846e-02,1.612135540273262890e-01,4.116351700575338057e-03,5.226301853418053867e-01,2.620041794515682865e-01,0.000000000000000000e+00,0.000000000000000000e+00
0.000000000000000000e+00,1.967304070141840267e-03,0.000000000000000000e+00,2.788887668059093165e-03,0.000000000000000000e+00,2.647882413857395242e-02,1.715786007129855850e-01,0.000000000000000000e+00,5.221516428144179489e-01,2.794628998820957166e-01,0.000000000000000000e+00,0.000000000000000000e+00
0.000000000000000000e+00,1.962845171707925610e-03,0.000000000000000000e+00,2.788585769644464155e-03,0.000000000000000000e+00,9.750751852011522308e-03,1.786506226562426802e-01,0.000000000000000000e+00,5.169583946026877763e-01,2.942625596756793804e-01,0.000000000000000000e+00,0.000000000000000000e+00
0.000000000000000000e+00,1.956451142369266226e-03,0.000000000000000000e+00,2.786312558754560405e-03,0.000000000000000000e+00,2.373280262433022109e-03,1.831030909495634240e-01,0.000000000000000000e+00,5.075098578562624585e-01,3.067550550832682799e-01,0.000000000000000000e+00,0.000000000000000000e+00
0.000000000000000000e+00,1.951609155429914798e-03,0.000000000000000000e+00,2.784303542136458247e-03,0.000000000000000000e+00,2.396450794223509498e-03,1.853653622323541417e-01,3.549414409098819440e-06,4.947189469666109507e-01,3.172237016950750776e-01,0.000000000000000000e+00,0.000000000000000000e+00
0.000000000000000000e+00,1.941492923425792820e-03,0.000000000000000000e+00,2.776523033752250919e-03,0.000000000000000000e+00,2.401976366743451691e-03,1.879078771864886588e-01,1.582369551363445810e-06,4.813374033458973078e-01,3.280881671538180555e-01,0.000000000000000000e+00,0.000000000000000000e+00
0.000000000000000000e+00,1.931865653792874064e-03,0.000000000000000000e+00,2.769028636477421316e-03,0.000000000000000000e+00,2.400999835638020601e-03,1.905718446673640987e-01,1.665341296126716392e-06,4.676241753818077829e-01,3.391470591823519953e-01,0.000000000000000000e+00,0.000000000000000000e+00
0.000000000000000000e+00,1.930112834949384041e-03,0.000000000000000000e+00,2.768511390820988828e-03,0.000000000000000000e+00,2.388363711892051069e-03,1.932771294205212487e-01,0.000000000000000000e+00,4.537657062543584141e-01,3.503117438959513774e-01,0.000000000000000000e+00,0.000000000000000000e+00
0.000000000000000000e+00,1.932828014899842144e-03,0.000000000000000000e+00,2.771362437365020373e-03,0.000000000000000000e+00,2.374982659227535715e-03,1.959878996203477108e-01,0.000000000000000000e+00,4.398826908290838222e-01,3.614866609433425304e-01,0.000000000000000000e+00,0.000000000000000000e+00
0.000000000000000000e+00,1.933745649689439135e-03,0.000000000000000000e+00,2.772548677114876001e-03,0.000000000000000000e+00,2.375900028937283793e-03,1.986139912559505283e-01,0.000000000000000000e+00,4.261381009204980863e-01,3.726010539311669922e-01,0.000000000000000000e+00,0.000000000000000000e+00
0.000000000000000000e+00,1.942353159039962368e-03,0.000000000000000000e+00,2.782243995452265972e-03,0.000000000000000000e+00,2.371799376417632697e-03,2.010087457704414771e-01,0.000000000000000000e+00,4.127042304383392590e-01,3.836274814360040031e-01,0.000000000000000000e+00,0.000000000000000000e+00
0.000000000000000000e+00,1.954094030911318180e-03,0.000000000000000000e+00,2.794315020195843602e-03,0.000000000000000000e+00,2.371459270641101350e-03,2.030288200716259261e-01,0.000000000000000000e+00,3.997953030766063232e-01,3.944958147056557007e-01,0.000000000000000000e+00,0.000000000000000000e+00
0.000000000000000000e+00,1.962266351089874891e-03,0.000000000000000000e+00,2.802743842856163237e-03,0.000000000000000000e+00,2.381882263626660529e-03,2.046196872690161095e-01,0.000000000000000000e+00,3.876477133002692588e-01,4.050369846625772041e-01,0.000000000000000000e+00,0.000000000000000000e+00
0.000000000000000000e+00,1.967091003252319659e-03,0.000000000000000000e+00,2.807384461787148459e-03,0.000000000000000000e+00,2.394205827845730279e-03,2.059510315866813768e-01,0.000000000000000000e+00,3.762648923810916202e-01,4.150385765141639260e-01,0.000000000000000000e+00,0.000000000000000000e+00
0.000000000000000000e+00,1.955452958926747354e-03,0.000000000000000000e+00,2.794163427853870504e-03,0.000000000000000000e+00,2.401530139099648711e-03,2.086697068881464834e-01,0.000000000000000000e+00,3.652487509102227969e-01,4.234252583664216418e-01,0.000000000000000000e+00,0.000000000000000000e+00
0.000000000000000000e+00,6.080852400118570526e-03,0.000000000000000000e+00,1.306933076262213264e-02,0.000000000000000000e+00,2.403727859976765614e-03,2.090581017294144139e-01,0.000000000000000000e+00,3.489192552554030713e-01,4.246342183883580756e-01,0.000000000000000000e+00,0.000000000000000000e+00
0.000000000000000000e+00,1.852104208268755270e-02,0.000000000000000000e+00,3.165041169787755765e-02,0.000000000000000000e+00,2.403215037759118961e-03,2.090513982194260323e-01,0.000000000000000000e+00,3.179059151161173213e-01,4.246319601848566605e-01,0.000000000000000000e+00,0.000000000000000000e+00
0.000000000000000000e+00,3.877954961298835102e-02,0.000000000000000000e+00,5.728030622095783841e-02,0.000000000000000000e+00,2.400099031452735971e-03,2.090454782573020198e-01,0.000000000000000000e+00,2.720690717814849835e-01,4.246268206835458470e-01,0.000000000000000000e+00,0.000000000000000000e+00
0.000000000000000000e+00,6.675286055665315132e-02,0.000000000000000000e+00,8.818613426070738559e-02,0.000000000000000000e+00,2.400938971823467650e-03,2.090395998308120229e-01,0.000000000000000000e+00,2.132413177739455601e-01,4.246198780352005708e-01,0.000000000000000000e+00,0.000000000000000000e+00
0.000000000000000000e+00,1.013053249726666161e-01,0.000000000000000000e+00,1.210086066402004529e-01,0.000000000000000000e+00,2.401605760469710006e-03,2.090406754881503903e-01,0.000000000000000000e+00,1.459075636528207320e-01,4.246150256954682733e-01,0.000000000000000000e+00,0.000000000000000000e+00
0.000000000000000000e+00,1.383182783735801280e-01,0.000000000000000000e+00,1.516814323278495025e-01,0.000000000000000000e+00,2.404776691098204234e-03,2.090468669349558883e-01,0.000000000000000000e+00,7.821953757704605548e-02,4.246117951080345954e-01,0.000000000000000000e+00,0.000000000000000000e+00
0.000000000000000000e+00,1.726658306881094229e-01,0.000000000000000000e+00,1.718431444627532279e-01,0.000000000000000000e+00,2.416258230233493415e-03,2.090594369716595458e-01,0.000000000000000000e+00,2.354071886567653260e-02,4.246156530267877205e-01,0.000000000000000000e+00,0.000000000000000000e+00
0.000000000000000000e+00,1.946520242559060532e-01,0.000000000000000000e+00,1.729078601291378081e-01,0.000000000000000000e+00,2.413050350104052003e-03,2.090577717723259010e-01,0.000000000000000000e+00,0.000000000000000000e+00,4.246068341124695222e-01,0.000000000000000000e+00,0.000000000000000000e+00
0.000000000000000000e+00,1.946314445234613444e-01,0.000000000000000000e+00,1.728812893847496701e-01,0.000000000000000000e+00,2.421109401612024301e-03,2.090614180118494925e-01,0.000000000000000000e+00,0.000000000000000000e+00,4.246101073653608116e-01,0.000000000000000000e+00,0.000000000000000000e+00
0.000000000000000000e+00,1.946264416293378152e-01,0.000000000000000000e+00,1.728743178859951934e-01,0.000000000000000000e+00,2.428327840987596492e-03,2.090577141953503248e-01,0.000000000000000000e+00,0.000000000000000000e+00,4.246105373340606781e-01,0.000000000000000000e+00,0.000000000000000000e+00
0.000000000000000000e+00,1.946236216978082800e-01,0.000000000000000000e+00,1.728713489000662795e-01,0.000000000000000000e+00,2.438840152467204071e-03,2.090660168642469730e-01,0.000000000000000000e+00,0.000000000000000000e+00,4.246148874217473557e-01,0.000000000000000000e+00,0.000000000000000000e+00
0.000000000000000000e+00,1.946312441338130250e-01,0.000000000000000000e+00,1.728835530997064052e-01,0.000000000000000000e+00,2.438839431033648815e-03,2.090586448406933917e-01,0.000000000000000000e+00,0.000000000000000000e+00,4.246135626292338316e-01,0.000000000000000000e+00,0.000000000000000000e+00
0.000000000000000000e+00,1.946574503546759372e-01,0.000000000000000000e+00,1.729120494304960676e-01,0.000000000000000000e+00,2.433116748662861231e-03,2.090278057837537395e-01,0.000000000000000000e+00,0.000000000000000000e+00,4.246070884112557176e-01,0.000000000000000000e+00,0.000000000000000000e+00
0.000000000000000000e+00,1.946635462596812971e-01,0.000000000000000000e+00,1.729130932378884489e-01,0.000000000000000000e+00,2.438058336161380742e-03,2.090239372288744679e-01,0.000000000000000000e+00,0.000000000000000000e+00,4.246095707587610457e-01,0.000000000000000000e+00,0.000000000000000000e+00
0.000000000000000000e+00,1.946604135887835818e-01,0.000000000000000000e+00,1.729118651430859577e-01,0.000000000000000000e+00,2.439788907222120370e-03,2.090247568192603045e-01,0.000000000000000000e+00,0.000000000000000000e+00,4.246140167928487696e-01,0.000000000000000000e+00,0.000000000000000000e+00
0.000000000000000000e+00,1.946679897157513606e-01,0.000000000000000000e+00,1.729210079649146636e-01,0.000000000000000000e+00,2.434233544490917688e-03,2.090224956991330041e-01,0.000000000000000000e+00,0.000000000000000000e+00,4.246131611866738043e-01,0.000000000000000000e+00,0.000000000000000000e+00
0.000000000000000000e+00,1.946677154335714754e-01,0.000000000000000000e+00,1.729214786911168478e-01,0.000000000000000000e+00,2.426669669315167747e-03,2.090410081570887313e-01,0.000000000000000000e+00,0.000000000000000000e+00,4.246055925321425839e-01,0.000000000000000000e+00,0.000000000000000000e+00
0.000000000000000000e+00,1.946619053838968272e-01,7.955240967203536587e-04,1.729209549855807437e-01,0.000000000000000000e+00,2.424099897885048302e-03,2.087127544723178796e-01,0.000000000000000000e+00,0.000000000000000000e+00,4.246043897930467104e-01,0.000000000000000000e+00,0.000000000000000000e+00
0.000000000000000000e+00,1.946555300156126989e-01,2.401007072770072054e-02,1.582477601650996435e-01,0.000000000000000000e+00,2.420761182836257425e-03,2.004821672833674295e-01,0.000000000000000000e+00,0.000000000000000000e+00,4.246040633791350882e-01,0.000000000000000000e+00,0.000000000000000000e+00
0.000000000000000000e+00,1.946546026061374557e-01,6.041216293421539790e-02,1.327718587949505147e-01,0.000000000000000000e+00,2.419570445319109506e-03,1.904407691303659778e-01,0.000000000000000000e+00,0.000000000000000000e+00,4.237533616111575085e-01,0.000000000000000000e+00,0.000000000000000000e+00
0.000000000000000000e+00,1.946550443674173181e-01,1.013855676018185631e-01,1.025630279195793859e-01,0.000000000000000000e+00,2.416727553768294266e-03,1.809300029804577492e-01,0.000000000000000000e+00,0.000000000000000000e+00,4.225127729430011581e-01,0.000000000000000000e+00,0.000000000000000000e+00
0.000000000000000000e+00,1.946567193706277843e-01,1.420773561933577345e-01,7.186104703795107018e-02,0.000000000000000000e+00,2.411055110927709348e-03,1.718936885902181966e-01,0.000000000000000000e+00,0.000000000000000000e+00,4.215617539488111798e-01,0.000000000000000000e+00,0.000000000000000000e+00
0.000000000000000000e+00,1.946615409812596231e-01,1.794388774210800286e-01,4.411747421257190827e-02,0.000000000000000000e+00,2.404461264920246862e-03,1.631548689018186837e-01,0.000000000000000000e+00,0.000000000000000000e+00,4.206759634165950779e-01,0.000000000000000000e+00,0.000000000000000000e+00
0.000000000000000000e+00,1.946668823163051065e-01,2.117516301938464074e-01,2.245347445536188466e-02,0.000000000000000000e+00,2.396424444023382595e-03,1.540167271503279367e-01,0.000000000000000000e+00,0.000000000000000000e+00,4.191568323978016042e-01,0.000000000000000000e+00,0.000000000000000000e+00
0.000000000000000000e+00,1.946704348058289902e-01,2.382472727518332167e-01,9.313355356585952330e-03,0.000000000000000000e+00,2.385551493055880490e-03,1.434118166123748983e-01,0.000000000000000000e+00,0.000000000000000000e+00,4.163993393792276287e-01,0.000000000000000000e+00,0.000000000000000000e+00
0.000000000000000000e+00,1.946760437433644741e-01,2.585360358111960521e-01,5.877704301336030002e-03,0.000000000000000000e+00,2.374349436828156537e-03,1.308326870717358703e-01,0.000000000000000000e+00,0.000000000000000000e+00,4.122685793512845254e-01,0.000000000000000000e+00,0.000000000000000000e+00
0.000000000000000000e+00,1.946794011783902767e-01,2.742214333539125803e-01,5.898363155652009727e-03,0.000000000000000000e+00,2.360681352841175005e-03,1.181520045715567652e-01,0.000000000000000000e+00,0.000000000000000000e+00,4.091933365847638115e-01,0.000000000000000000e+00,0.000000000000000000e+00
0.000000000000000000e+00,1.946777030276906351e-01,2.862210446371784012e-01,5.900663420616916732e-03,0.000000000000000000e+00,2.344800004810419173e-03,1.065901101639911558e-01,0.000000000000000000e+00,0.000000000000000000e+00,4.088634096161743448e-01,0.000000000000000000e+00,0.000000000000000000e+00
0.000000000000000000e+00,1.946752359205483063e-01,2.951056928119022982e-01,5.898924594564868527e-03,0.000000000000000000e+00,2.327872646239672379e-03,9.767849742869813556e-02,0.000000000000000000e+00,0.000000000000000000e+00,4.088685281944890448e-01,0.000000000000000000e+00,0.000000000000000000e+00
0.000000000000000000e+00,1.946797165154845188e-01,3.001233083004724023e-01,5.882709700741747469e-03,0.000000000000000000e+00,2.318001728463442001e-03,9.268961990204566126e-02,0.000000000000000000e+00,0.000000000000000000e+00,4.088734308850406896e-01,0.000000000000000000e+00,0.000000000000000000e+00
0.000000000000000000e+00,1.946913843675366351e-01,3.004499113343492289e-01,5.860176999109010729e-03,0.000000000000000000e+00,2.320171132094928524e-03,9.221556387830462387e-02,0.000000000000000000e+00,0.000000000000000000e+00,4.088753387887564261e-01,0.000000000000000000e+00,0.000000000000000000e+00
0.000000000000000000e+00,1.946982567505141093e-01,3.004273027837033871e-01,5.858529330266804697e-03,0.000000000000000000e+00,2.318632056440225915e-03,9.223003766065472619e-02,0.000000000000000000e+00,0.000000000000000000e+00,4.088591605996646505e-01,0.000000000000000000e+00,0.000000000000000000e+00
0.000000000000000000e+00,1.947036236416250232e-01,3.004155143387154392e-01,5.859605347478106553e-03,0.000000000000000000e+00,2.312976106866447557e-03,9.223875226314477704e-02,0.000000000000000000e+00,0.000000000000000000e+00,4.088412256105647402e-01,0.000000000000000000e+00,0.000000000000000000e+00
0.000000000000000000e+00,1.947100674802001441e-01,3.004140937015106205e-01,5.852582160412850808e-03,0.000000000000000000e+00,2.307355964694502316e-03,9.224246801079474811e-02,0.000000000000000000e+00,0.000000000000000000e+00,4.088374792784985057e-01,0.000000000000000000e+00,0.000000000000000000e+00
0.000000000000000000e+00,1.947128453477182664e-01,3.004293938941358100e-01,5.849088159934380526e-03,0.000000000000000000e+00,2.292471552076962189e-03,9.223437168510377482e-02,0.000000000000000000e+00,0.000000000000000000e+00,4.088326663016225715e-01,0.000000000000000000e+00,0.000000000000000000e+00
0.000000000000000000e+00,1.947207737627016100e-01,3.004579624674519889e-01,5.860660453369984091e-03,0.000000000000000000e+00,6.495733000307423420e-03,8.797073229039070741e-02,0.000000000000000000e+00,0.000000000000000000e+00,4.088371895938762712e-01,0.000000000000000000e+00,0.000000000000000000e+00
0.000000000000000000e+00,1.947247720712036723e-01,3.004674654049950266e-01,5.872448934116395944e-03,0.000000000000000000e+00,1.226883186727110997e-02,7.629889702288342179e-02,6.036981986394205323e-03,0.000000000000000000e+00,4.087027186014515201e-01,0.000000000000000000e+00,0.000000000000000000e+00
0.000000000000000000e+00,1.947236459857743518e-01,3.004737920085691627e-01,5.877728609262686775e-03,0.000000000000000000e+00,2.093118241955256933e-02,6.061755109308609307e-02,1.750902312388715257e-02,0.000000000000000000e+00,4.042626441589323161e-01,0.000000000000000000e+00,0.000000000000000000e+00
0.000000000000000000e+00,1.947222442891511363e-01,3.004845545233683635e-01,5.877791107551501824e-03,0.000000000000000000e+00,3.221099106564880715e-02,4.262436367833514345e-02,3.178456254905245859e-02,0.000000000000000000e+00,3.967045736284497415e-01,0.000000000000000000e+00,0.000000000000000000e+00
0.000000000000000000e+00,1.937534415720560954e-01,3.004904812791134305e-01,5.878676159414632750e-03,0.000000000000000000e+00,4.525069159391362922e-02,2.435194771168519567e-02,4.701392944136217195e-02,0.000000000000000000e+00,3.876836238578742488e-01,0.000000000000000000e+00,0.000000000000000000e+00
0.000000000000000000e+00,1.886549598602279554e-01,3.004916415846609623e-01,5.881156104348487547e-03,0.000000000000000000e+00,5.946286614972709494e-02,9.014949991384727315e-03,6.219208951973517058e-02,0.000000000000000000e+00,3.787284135563647736e-01,0.000000000000000000e+00,0.000000000000000000e+00
0.000000000000000000e+00,1.795296673363227236e-01,3.004927981646598467e-01,5.883686382727581349e-03,0.000000000000000000e+00,7.294209258762812675e-02,0.000000000000000000e+00,7.548146075088851825e-02,0.000000000000000000e+00,3.701440717856849250e-01,0.000000000000000000e+00,0.000000000000000000e+00
0.000000000000000000e+00,1.666444375128930677e-01,3.004925060487333988e-01,5.881831308332086117e-03,0.000000000000000000e+00,8.362490119221673013e-02,0.000000000000000000e+00,8.559657150808004655e-02,0.000000000000000000e+00,3.623167122815385555e-01,0.000000000000000000e+00,0.000000000000000000e+00
2.131848107854239852e-03,1.525519686698449118e-01,3.004996103011455255e-01,5.883411269114925506e-03,0.000000000000000000e+00,9.188141703111571412e-02,0.000000000000000000e+00,9.333519134450550536e-02,0.000000000000000000e+00,3.580779140507791003e-01,0.000000000000000000e+00,0.000000000000000000e+00
2.434342682966693372e-02,1.335783926748408401e-01,3.005085733468082498e-01,5.883935224524403269e-03,0.000000000000000000e+00,9.271254882288199051e-02,0.000000000000000000e+00,9.373895211233321256e-02,0.000000000000000000e+00,3.535214923399857545e-01,0.000000000000000000e+00,0.000000000000000000e+00
5.451296287581251787e-02,1.095548951703014529e-01,3.005191339098103320e-01,5.884272119088684513e-03,0.000000000000000000e+00,9.269442332402379192e-02,0.000000000000000000e+00,9.372664198591929008e-02,0.000000000000000000e+00,3.474859466558160581e-01,0.000000000000000000e+00,0.000000000000000000e+00
8.632774000299942019e-02,8.373287320319094951e-02,3.005325006980857916e-01,5.883124355111919029e-03,0.000000000000000000e+00,9.269519861998676280e-02,0.000000000000000000e+00,9.372951627498317395e-02,0.000000000000000000e+00,3.414638518321018723e-01,0.000000000000000000e+00,0.000000000000000000e+00
1.167188056976954380e-01,5.881029913768996698e-02,3.005492607873103683e-01,5.879465758943229828e-03,0.000000000000000000e+00,9.269866070869768604e-02,0.000000000000000000e+00,9.373382233390817331e-02,0.000000000000000000e+00,3.359814055916338082e-01,0.000000000000000000e+00,0.000000000000000000e+00
1.436276555400796406e-01,3.691880626053508502e-02,3.005694882830913794e-01,5.876972398977112905e-03,0.000000000000000000e+00,9.269889228448528751e-02,0.000000000000000000e+00,9.373370730345904900e-02,0.000000000000000000e+00,3.309380895369528619e-01,0.000000000000000000e+00,0.000000000000000000e+00
1.660275831303144323e-01,1.976853319137280435e-02,3.005829110777786251e-01,5.866896518592447547e-03,0.000000000000000000e+00,9.270328178045224299e-02,0.000000000000000000e+00,9.373590736672193779e-02,0.000000000000000000e+00,3.256755230375872889e-01,0.000000000000000000e+00,0.000000000000000000e+00
1.835026000065495266e-01,8.621700908659322635e-03,3.005955267978341894e-01,5.857816431385171572e-03,0.000000000000000000e+00,9.270495738521816742e-02,0.000000000000000000e+00,9.373726709942650781e-02,0.000000000000000000e+00,3.193318001736575318e-01,0.000000000000000000e+00,0.000000000000000000e+00
1.958536134167282450e-01,4.314913008530926915e-03,3.006062286242892623e-01,5.857469116351556558e-03,0.000000000000000000e+00,9.270313755409465006e-02,0.000000000000000000e+00,9.373454109489444408e-02,0.000000000000000000e+00,3.114058849100391768e-01,0.000000000000000000e+00,0.000000000000000000e+00
2.043554299488171133e-01,4.322799704649953403e-03,3.006175449029588331e-01,5.858709884519043218e-03,0.000000000000000000e+00,9.269734346544102055e-02,0.000000000000000000e+00,9.372617876935793180e-02,0.000000000000000000e+00,3.028414087543093158e-01,0.000000000000000000e+00,0.000000000000000000e+00
2.115612000187162833e-01,4.321158744075257428e-03,3.006281557067883026e-01,5.853638399460596962e-03,0.000000000000000000e+00,9.268757062279138481e-02,0.000000000000000000e+00,9.371426219429608573e-02,0.000000000000000000e+00,2.956731685373075180e-01,0.000000000000000000e+00,0.000000000000000000e+00
2.176710218826135856e-01,4.318509750499179185e-03,3.006290595661804677e-01,5.856355077716044258e-03,0.000000000000000000e+00,9.268171224389838703e-02,0.000000000000000000e+00,9.370518667188716677e-02,0.000000000000000000e+00,2.895732093282383790e-01,0.000000000000000000e+00,0.000000000000000000e+00
2.229689767839508896e-01,4.296713978174399734e-03,3.006418880816192907e-01,5.869964364093455990e-03,0.000000000000000000e+00,9.267276534584777126e-02,0.000000000000000000e+00,9.369013060658980263e-02,0.000000000000000000e+00,2.842993213783211459e-01,0.000000000000000000e+00,0.000000000000000000e+00
2.276049042923318222e-01,4.265451514205335394e-03,3.006748497115042107e-01,5.880140824129979384e-03,0.000000000000000000e+00,9.266159728264708462e-02,0.000000000000000000e+00,9.367041261526548590e-02,0.000000000000000000e+00,2.796855841341332471e-01,0.000000000000000000e+00,0.000000000000000000e+00
2.316773939854773201e-01,4.250576354212162039e-03,3.006952834137786024e-01,5.880198966077808571e-03,0.000000000000000000e+00,9.265016893659140662e-02,0.000000000000000000e+00,9.365054107206358114e-02,0.000000000000000000e+00,2.756609154428195652e-01,0.000000000000000000e+00,0.000000000000000000e+00
2.352961773636946252e-01,4.245906525732424421e-03,3.007048916237098357e-01,5.883045496057066892e-03,0.000000000000000000e+00,9.264512067917564375e-02,0.000000000000000000e+00,9.363885329057018703e-02,0.000000000000000000e+00,2.720051688001551282e-01,0.000000000000000000e+00,0.000000000000000000e+00
2.386624889141398531e-01,4.242417918396757144e-03,3.007591271043291714e-01,5.878215642089264573e-03,0.000000000000000000e+00,9.265217574945197598e-02,0.000000000000000000e+00,9.363145783535752054e-02,0.000000000000000000e+00,2.687204237400570017e-01,0.000000000000000000e+00,0.000000000000000000e+00
2.414640403775106248e-01,4.231894528268265003e-03,2.934177542643262582e-01,1.325695927636310993e-02,0.000000000000000000e+00,9.265088300064362736e-02,0.000000000000000000e+00,9.361013521454203401e-02,0.000000000000000000e+00,2.658683115805486330e-01,0.000000000000000000e+00,0.000000000000000000e+00
2.430058053259131490e-01,4.230625354787925611e-03,2.788759025051310014e-01,2.857840686608746975e-02,0.000000000000000000e+00,9.264468374154388730e-02,0.000000000000000000e+00,9.359210624820564484e-02,0.000000000000000000e+00,2.636128293726796579e-01,0.000000000000000000e+00,0.000000000000000000e+00
2.430688378159398810e-01,4.242310995319376402e-03,2.583007102626942442e-01,5.025679093538543835e-02,0.000000000000000000e+00,9.265298892407640430e-02,0.000000000000000000e+00,9.358454643865343758e-02,0.000000000000000000e+00,2.624897675802995156e-01,0.000000000000000000e+00,0.000000000000000000e+00
2.430707417023868777e-01,4.235969934919241869e-03,2.322990784685160515e-01,7.647933428176395543e-02,0.000000000000000000e+00,9.264554485438845910e-02,0.000000000000000000e+00,9.355784892410051734e-02,0.000000000000000000e+00,2.624687048212019369e-01,0.000000000000000000e+00,0.000000000000000000e+00
2.434857445912429474e-01,4.223587849450163856e-03,1.994930777475284189e-01,1.013699499050946251e-01,0.000000000000000000e+00,9.263012612995155659e-02,0.000000000000000000e+00,9.352582093746604486e-02,0.000000000000000000e+00,2.624530676922957051e-01,0.000000000000000000e+00,7.322334298570254245e-03
2.438057158647298495e-01,4.210338609649547092e-03,1.606903016313665777e-01,1.177146345721067078e-01,0.000000000000000000e+00,9.492521443021986749e-02,0.000000000000000000e+00,9.349404960406296206e-02,0.000000000000000000e+00,2.624304180822703558e-01,0.000000000000000000e+00,2.718133363828243235e-02
2.438872287373514136e-01,4.212427222260709328e-03,1.181870738304330454e-01,1.192878089815972986e-01,0.000000000000000000e+00,1.061928657213963151e-01,0.000000000000000000e+00,9.347766687183722834e-02,0.000000000000000000e+00,2.624303872991284869e-01,0.000000000000000000e+00,5.638927580212400176e-02
2.438845878328313732e-01,4.220407517214405657e-03,7.258407150889817361e-02,1.192441059618135901e-01,0.000000000000000000e+00,1.210055042745073334e-01,0.000000000000000000e+00,9.346649009105249817e-02,0.000000000000000000e+00,2.617845229430804666e-01,0.000000000000000000e+00,8.805889541603753590e-02
2.438933924718517388e-01,4.223951868289841163e-03,3.071844448146887271e-02,1.192399861934044514e-01,0.000000000000000000e+00,1.368139564991049939e-01,0.000000000000000000e+00,9.345050868273016564e-02,0.000000000000000000e+00,2.563860866531556537e-01,0.000000000000000000e+00,1.194710013998819681e-01
2.438974285217916926e-01,4.238474115581002122e-03,2.692447718236772296e-03,1.192464778186773516e-01,0.000000000000000000e+00,1.483420771254767567e-01,0.000000000000000000e+00,9.344586205120948563e-02,0.000000000000000000e+00,2.445915645288554152e-01,0.000000000000000000e+00,1.476467500215762618e-01
2.438700566393967872e-01,4.237697873856305364e-03,0.000000000000000000e+00,1.192585492814602077e-01,0.000000000000000000e+00,1.490192704490599096e-01,0.000000000000000000e+00,9.342546965922930713e-02,0.000000000000000000e+00,2.258369448508987798e-01,0.000000000000000000e+00,1.689557128224700722e-01
2.438532917967458635e-01,4.247934449447941622e-03,0.000000000000000000e+00,1.193032039000758993e-01,0.000000000000000000e+00,1.490054609303623212e-01,0.000000000000000000e+00,9.341361490779055698e-02,0.000000000000000000e+00,2.072723918482335115e-01,0.000000000000000000e+00,1.872547135110931849e-01
2.438488266376324931e-01,4.268097577570031942e-03,0.000000000000000000e+00,1.193010977148900170e-01,0.000000000000000000e+00,1.490085490708049909e-01,0.000000000000000000e+00,9.340921284315227557e-02,0.000000000000000000e+00,1.922564950792466920e-01,0.000000000000000000e+00,2.022055952891312625e-01
2.438344706766750469e-01,4.282742613382195702e-03,0.000000000000000000e+00,1.192875038967855378e-01,0.000000000000000000e+00,1.490018600626688283e-01,0.000000000000000000e+00,9.339834274160552230e-02,0.000000000000000000e+00,1.839524948009716998e-01,0.000000000000000000e+00,2.107908345359071067e-01
2.438329190448518258e-01,4.313001961678023140e-03,0.000000000000000000e+00,1.193187957656853676e-01,5.127852133277104214e-03,1.490108564680679981e-01,0.000000000000000000e+00,9.340154838642142354e-02,0.000000000000000000e+00,1.774793931765517863e-01,0.000000000000000000e+00,2.108016476777169468e-01
2.438136056381313976e-01,4.323292063155744804e-03,0.000000000000000000e+00,1.192924191961001051e-01,3.832130652295208384e-02,1.490219558514599418e-01,0.000000000000000000e+00,9.338185155858401421e-02,0.000000000000000000e+00,1.445878904282524857e-01,0.000000000000000000e+00,2.107976272022616671e-01
2.438204019751811225e-01,4.357651085429894641e-03,0.000000000000000000e+00,1.192761947125188099e-01,8.551507348611450676e-02,1.490423427155824487e-01,0.000000000000000000e+00,9.338430658447063881e-02,0.000000000000000000e+00,9.746398615012336064e-02,0.000000000000000000e+00,2.108080704787302917e-01
2.438170751216648391e-01,4.380984745822827202e-03,0.000000000000000000e+00,1.192865899724892959e-01,1.344684006809315491e-01,1.490506723639989373e-01,0.000000000000000000e+00,9.337548281264786143e-02,0.000000000000000000e+00,4.857799129707426194e-02,0.000000000000000000e+00,2.108088462605212654e-01
2.438212590287396064e-01,4.409607588133476232e-03,0.000000000000000000e+00,1.158294293506423461e-01,1.770680855591209302e-01,1.490886712323096219e-01,0.000000000000000000e+00,9.337269290208716210e-02,0.000000000000000000e+00,9.555334140603541360e-03,0.000000000000000000e+00,2.108271344620142873e-01
2.438263615860729316e-01,4.434571770586105341e-03,0.000000000000000000e+00,1.043133285660655385e-01,2.168333629077674185e-01,1.310277595142774476e-01,0.000000000000000000e+00,9.336906405707486034e-02,0.000000000000000000e+00,0.000000000000000000e+00,0.000000000000000000e+00,2.108322519483667168e-01
2.438463579066428299e-01,4.469293756930089838e-03,0.000000000000000000e+00,9.528135981029622892e-02,2.564580038429807862e-01,1.001800578017458809e-01,0.000000000000000000e+00,9.337907283513079137e-02,0.000000000000000000e+00,0.000000000000000000e+00,0.000000000000000000e+00,2.108445925906720642e-01
2.438579991128961844e-01,4.490042984298528612e-03,0.000000000000000000e+00,9.076714798833522557e-02,2.931033406804587349e-01,6.800622481183293822e-02,0.000000000000000000e+00,9.337758407814250594e-02,0.000000000000000000e+00,0.000000000000000000e+00,0.000000000000000000e+00,2.108506298706248616e-01
2.438774582471605612e-01,4.508684904448189736e-03,0.000000000000000000e+00,8.907708747093362467e-02,3.233817967078960187e-01,3.933782294730178708e-02,0.000000000000000000e+00,9.337785518064345425e-02,0.000000000000000000e+00,0.000000000000000000e+00,0.000000000000000000e+00,2.108597020396024702e-01
2.439029377129914855e-01,4.521706732567485308e-03,0.000000000000000000e+00,8.904730245812711442e-02,3.449776027296202474e-01,1.779480850003068923e-02,0.000000000000000000e+00,9.337979062491331972e-02,0.000000000000000000e+00,0.000000000000000000e+00,0.000000000000000000e+00,2.108687530667417431e-01
2.439318400679793275e-01,4.532425935204495090e-03,0.000000000000000000e+00,8.906388345338976664e-02,3.561852382377573289e-01,6.450612055823869498e-03,0.000000000000000000e+00,9.338400667918145270e-02,0.000000000000000000e+00,0.000000000000000000e+00,0.000000000000000000e+00,2.108785711658856810e-01
2.439581574994528768e-01,4.541725510504913445e-03,0.000000000000000000e+00,8.907478490001817517e-02,3.566228683084562423e-01,5.767440267864596369e-03,0.000000000000000000e+00,9.338345989226271016e-02,0.000000000000000000e+00,0.000000000000000000e+00,0.000000000000000000e+00,2.108870598282899245e-01
2.439790701508273985e-01,4.558058022403872409e-03,0.000000000000000000e+00,8.908339702371467772e-02,3.566012059260652567e-01,5.789059782653768228e-03,0.000000000000000000e+00,9.337920267259101903e-02,0.000000000000000000e+00,0.000000000000000000e+00,0.000000000000000000e+00,2.109005589697326155e-01
2.439909958686926061e-01,4.580160431260600802e-03,0.000000000000000000e+00,8.907302670110237020e-02,3.565894711237705961e-01,5.798507569176055733e-03,0.000000000000000000e+00,9.337239214853697289e-02,0.000000000000000000e+00,0.000000000000000000e+00,0.000000000000000000e+00,2.109183264146083370e-01
2.440092264726935745e-01,4.594287159915265775e-03,0.000000000000000000e+00,8.905746607554002048e-02,3.565884547061924925e-01,5.796955873464166784e-03,0.000000000000000000e+00,9.336560445946724685e-02,0.000000000000000000e+00,0.000000000000000000e+00,0.000000000000000000e+00,2.109392135350132425e-01
2.440182580426013825e-01,4.603096744030936785e-03,0.000000000000000000e+00,8.905875616120040306e-02,3.566088727033221994e-01,5.762884931607653236e-03,0.000000000000000000e+00,9.335441590550977442e-02,0.000000000000000000e+00,0.000000000000000000e+00,0.000000000000000000e+00,2.109529655984280772e-01
2.440001702668911920e-01,4.634758920359957624e-03,0.000000000000000000e+00,8.905752127679938956e-02,3.566359627837401569e-01,5.711195252213912589e-03,0.000000000000000000e+00,9.334825122007214815e-02,0.000000000000000000e+00,0.000000000000000000e+00,0.000000000000000000e+00,2.109594007992907916e-01
2.439879174386355987e-01,4.659724640982667622e-03,0.000000000000000000e+00,8.904649153375411574e-02,3.566381215499872526e-01,5.691530142147298472e-03,0.000000000000000000e+00,9.334293153590157710e-02,0.000000000000000000e+00,3.171882716611736145e-06,0.000000000000000000e+00,2.109648842022752713e-01
2.439867423594808959e-01,4.657032480667241438e-03,0.000000000000000000e+00,8.903911935298619573e-02,3.566392128999136268e-01,5.666995116981240858e-03,0.000000000000000000e+00,9.333115124963620168e-02,0.000000000000000000e+00,0.000000000000000000e+00,0.000000000000000000e+00,2.109732766547598171e-01
2.439947317231288826e-01,4.643798448019247765e-03,0.000000000000000000e+00,8.904106269874198509e-02,3.566508950605136730e-01,5.621939300468815036e-03,0.000000000000000000e+00,9.333757452507371322e-02,0.000000000000000000e+00,0.000000000000000000e+00,0.000000000000000000e+00,2.109771989075923670e-01
2.440188735360091232e-01,4.611282733927547610e-03,0.000000000000000000e+00,8.904351181869370191e-02,3.566584621567357449e-01,5.592100702265346591e-03,0.000000000000000000e+00,9.334961086101652150e-02,0.000000000000000000e+00,0.000000000000000000e+00,0.000000000000000000e+00,2.109653514703892507e-01
2.391645079228137127e-01,9.613636026853316502e-03,0.000000000000000000e+00,8.904345505793800908e-02,3.566591617810003223e-01,5.588954388249674742e-03,0.000000000000000000e+00,9.334496504225275881e-02,0.000000000000000000e+00,0.000000000000000000e+00,0.000000000000000000e+00,2.109625532929519098e-01
2.247903940894476205e-01,2.399554575726809552e-02,0.000000000000000000e+00,8.899317869238013157e-02,3.566574720138540044e-01,5.593163060307963438e-03,0.000000000000000000e+00,9.333625255137126264e-02,0.000000000000000000e+00,0.000000000000000000e+00,0.000000000000000000e+00,2.109737312609338833e-01
2.018551505707697202e-01,4.724544293418653923e-02,0.000000000000000000e+00,8.892515352090454850e-02,3.566565559693190557e-01,5.580990365015524833e-03,0.000000000000000000e+00,9.331449656284283856e-02,0.000000000000000000e+00,0.000000000000000000e+00,0.000000000000000000e+00,2.109790243585082659e-01
1.689045138126157031e-01,7.589634152659588406e-02,0.000000000000000000e+00,8.891521371271456087e-02,3.566635528310057035e-01,5.589524181836101960e-03,2.343824804943963475e-03,9.483255588966099658e-02,0.000000000000000000e+00,0.000000000000000000e+00,0.000000000000000000e+00,2.110054325495014926e-01
1.253832972402252333e-01,1.056942471409218764e-01,0.000000000000000000e+00,8.849046886649369892e-02,3.566580789399849127e-01,5.616034849022139702e-03,1.515464700596289190e-02,1.006151353829493333e-01,0.000000000000000000e+00,0.000000000000000000e+00,0.000000000000000000e+00,2.067398098712822929e-01
7.956452585232536012e-02,1.383303416570278443e-01,0.000000000000000000e+00,8.695871532166636608e-02,3.566666232619311594e-01,5.624580409012086037e-03,2.605440670059610414e-02,1.157339056371262664e-01,0.000000000000000000e+00,0.000000000000000000e+00,0.000000000000000000e+00,1.954455096192713737e-01
3.826116904467916774e-02,1.705932332361127790e-01,0.000000000000000000e+00,8.589274454080920995e-02,3.566795422235664037e-01,5.629828139686415996e-03,2.608596485633049925e-02,1.407072957854566264e-01,0.000000000000000000e+00,0.000000000000000000e+00,0.000000000000000000e+00,1.804779633124391769e-01
7.615296374096928479e-03,1.935303259833697775e-01,0.000000000000000000e+00,8.420696170465942487e-02,3.566755964227236175e-01,5.621649873523489917e-03,2.610830883389470350e-02,1.704258146020214137e-01,0.000000000000000000e+00,0.000000000000000000e+00,0.000000000000000000e+00,1.600210768220297342e-01
0.000000000000000000e+00,2.000474160368073129e-01,0.000000000000000000e+00,8.225494075655077897e-02,3.566616202758287613e-01,5.555806416202290453e-03,2.610840291961456436e-02,2.004559688891697222e-01,0.000000000000000000e+00,0.000000000000000000e+00,0.000000000000000000e+00,1.333119037538151030e-01
0.000000000000000000e+00,2.000097240426937928e-01,0.000000000000000000e+00,8.115107602289774180e-02,3.566660743058587268e-01,1.471082887178538391e-02,2.610383107774365621e-02,2.229046763237388651e-01,0.000000000000000000e+00,0.000000000000000000e+00,0.000000000000000000e+00,1.024090631451282096e-01
0.000000000000000000e+00,1.999993024714256107e-01,0.000000000000000000e+00,8.080619300049508846e-02,3.566758990619068315e-01,4.532175068366382092e-02,2.609639401176125015e-02,2.261101463233682052e-01,0.000000000000000000e+00,0.000000000000000000e+00,0.000000000000000000e+00,6.866945506332075566e-02
0.000000000000000000e+00,1.999948759816800314e-01,0.000000000000000000e+00,7.749211849738316116e-02,3.567177705524305353e-01,8.610058163451034252e-02,2.610408959872371690e-02,2.260836337915893002e-01,0.000000000000000000e+00,0.000000000000000000e+00,0.000000000000000000e+00,3.104215910699705330e-02
0.000000000000000000e+00,2.000046768173918965e-01,0.000000000000000000e+00,7.300189548201442558e-02,3.501478743134270877e-01,1.289579647348570446e-01,2.608886722796794483e-02,2.260861379733516974e-01,0.000000000000000000e+00,0.000000000000000000e+00,0.000000000000000000e+00,0.000000000000000000e+00
0.000000000000000000e+00,2.000428301877668624e-01,0.000000000000000000e+00,7.300230760514180017e-02,3.168574989620751015e-01,1.825634401422618069e-01,5.695378204954183038e-03,2.260918672328465773e-01,0.000000000000000000e+00,0.000000000000000000e+00,0.000000000000000000e+00,0.000000000000000000e+00
0.000000000000000000e+00,2.000534307399049472e-01,0.000000000000000000e+00,7.300360055812780968e-02,2.685044671775952407e-01,2.367939428332044849e-01,0.000000000000000000e+00,2.260881667991772037e-01,0.000000000000000000e+00,0.000000000000000000e+00,0.000000000000000000e+00,0.000000000000000000e+00
0.000000000000000000e+00,2.000457900845558079e-01,0.000000000000000000e+00,7.300288450231201542e-02,2.326021984554550448e-01,2.725723600356433352e-01,1.686630094260638794e-06,2.260927145943803229e-01,0.000000000000000000e+00,0.000000000000000000e+00,0.000000000000000000e+00,0.000000000000000000e+00
0.000000000000000000e+00,2.000575318102217337e-01,0.000000000000000000e+00,7.299312150435365021e-02,2.325902796577868359e-01,2.725809331970958649e-01,0.000000000000000000e+00,2.260915108082964253e-01,0.000000000000000000e+00,0.000000000000000000e+00,0.000000000000000000e+00,0.000000000000000000e+00
0.000000000000000000e+00,2.000758380144946336e-01,0.000000000000000000e+00,7.298766371685218302e-02,2.325550042638959147e-01,2.726093196381980110e-01,0.000000000000000000e+00,2.260868787009762126e-01,0.000000000000000000e+00,0.000000000000000000e+00,0.000000000000000000e+00,2.773404826929289934e-06
