0.000000000000000000e+00,1.480704667898312954e-01,0.000000000000000000e+00,8.521338781431894160e-01,0.000000000000000000e+00,3.676071041095047877e-03,0.000000000000000000e+00,0.000000000000000000e+00,0.000000000000000000e+00,0.000000000000000000e+00,0.000000000000000000e+00,0.000000000000000000e+00
0.000000000000000000e+00,1.558714761838427276e-01,0.000000000000000000e+00,8.439517079559581969e-01,0.000000000000000000e+00,3.676071041095047877e-03,0.000000000000000000e+00,0.000000000000000000e+00,0.000000000000000000e+00,0.000000000000000000e+00,0.000000000000000000e+00,0.000000000000000000e+00
0.000000000000000000e+00,2.047047498401060595e-01,0.000000000000000000e+00,4.668654423047322380e-03,0.000000000000000000e+00,8.446000193805912673e-03,0.000000000000000000e+00,0.000000000000000000e+00,0.000000000000000000e+00,0.000000000000000000e+00,0.000000000000000000e+00,7.856873699213128281e-01
0.000000000000000000e+00,2.047047498401060595e-01,0.000000000000000000e+00,4.311923931796217066e-03,0.000000000000000000e+00,9.159342402500622246e-03,0.000000000000000000e+00,2.947771055579341589e-05,0.000000000000000000e+00,0.000000000000000000e+00,0.000000000000000000e+00,7.833927527113855316e-01
0.000000000000000000e+00,1.978717471539860606e-01,0.000000000000000000e+00,4.311923931796217066e-03,0.000000000000000000e+00,6.889355998683887108e-03,0.000000000000000000e+00,2.947771055579341589e-05,0.000000000000000000e+00,0.000000000000000000e+00,0.000000000000000000e+00,7.974551467548619543e-01
0.000000000000000000e+00,1.978717471539860606e-01,0.000000000000000000e+00,4.311923931796217066e-03,0.000000000000000000e+00,6.889355998683887108e-03,0.000000000000000000e+00,7.464474430698669460e-04,0.000000000000000000e+00,0.000000000000000000e+00,0.000000000000000000e+00,7.974551467548619543e-01
0.000000000000000000e+00,3.937652862919973074e-01,0.000000000000000000e+00,7.604418781527853659e-03,0.000000000000000000e+00,6.889355998683887108e-03,0.000000000000000000e+00,5.882462073149685722e-01,0.000000000000000000e+00,0.000000000000000000e+00,0.000000000000000000e+00,0.000000000000000000e+00
0.000000000000000000e+00,7.153540676348775496e-02,0.000000000000000000e+00,7.604418781527853659e-03,0.000000000000000000e+00,3.224848694540335178e-03,0.000000000000000000e+00,9.196695068391446126e-01,0.000000000000000000e+00,0.000000000000000000e+00,0.000000000000000000e+00,0.000000000000000000e+00
0.000000000000000000e+00,7.153540676348775496e-02,0.000000000000000000e+00,3.015895434080837975e-02,0.000000000000000000e+00,3.224848694540335178e-03,8.470602593544229730e-01,4.888816872244614725e-02,0.000000000000000000e+00,0.000000000000000000e+00,0.000000000000000000e+00,0.000000000000000000e+00
0.000000000000000000e+00,1.531925828473832893e-02,0.000000000000000000e+00,8.670349987389166027e-03,0.000000000000000000e+00,3.224848694540335178e-03,9.493048078067652940e-01,2.544103487719879750e-02,0.000000000000000000e+00,0.000000000000000000e+00,0.000000000000000000e+00,0.000000000000000000e+00
0.000000000000000000e+00,1.531925828473832893e-02,0.000000000000000000e+00,8.670349987389166027e-03,0.000000000000000000e+00,1.266784433514611544e-03,9.554031398007009068e-01,2.544103487719879750e-02,0.000000000000000000e+00,0.000000000000000000e+00,0.000000000000000000e+00,0.000000000000000000e+00
0.000000000000000000e+00,5.767531219276283289e-02,0.000000000000000000e+00,4.736534706792298877e-02,0.000000000000000000e+00,1.266784433514611544e-03,8.691941453034520704e-01,2.544103487719879750e-02,0.000000000000000000e+00,0.000000000000000000e+00,0.000000000000000000e+00,0.000000000000000000e+00
0.000000000000000000e+00,1.094780229601576976e-01,0.000000000000000000e+00,5.394708333806236267e-02,0.000000000000000000e+00,1.266784433514611544e-03,8.192118055034225410e-01,1.965203453092253388e-02,0.000000000000000000e+00,0.000000000000000000e+00,0.000000000000000000e+00,0.000000000000000000e+00
0.000000000000000000e+00,1.599514533866799038e-01,0.000000000000000000e+00,1.381539753848192997e-01,0.000000000000000000e+00,4.824307819417451328e-03,6.867150619747883766e-01,1.391064758210745420e-02,0.000000000000000000e+00,0.000000000000000000e+00,0.000000000000000000e+00,0.000000000000000000e+00
5.869313039112532791e-03,1.599514533866799038e-01,0.000000000000000000e+00,2.568868336912885075e-01,0.000000000000000000e+00,5.376082370971042856e-03,5.537360853435179253e-01,1.121321938834591962e-02,0.000000000000000000e+00,0.000000000000000000e+00,0.000000000000000000e+00,0.000000000000000000e+00
2.649226141949715396e-01,1.156908844736181767e-02,0.000000000000000000e+00,2.724175325856171836e-01,0.000000000000000000e+00,5.376082370971042856e-03,4.412768658132035782e-01,4.946832315856464213e-03,0.000000000000000000e+00,0.000000000000000000e+00,0.000000000000000000e+00,0.000000000000000000e+00
3.970693407746153647e-01,9.634053962751567765e-03,0.000000000000000000e+00,2.351810130918125796e-01,0.000000000000000000e+00,1.912114122988153430e-03,3.591683065147803222e-01,4.946832315856464213e-03,0.000000000000000000e+00,0.000000000000000000e+00,0.000000000000000000e+00,0.000000000000000000e+00
4.382286435837623451e-01,9.634053962751567765e-03,0.000000000000000000e+00,2.351810130918125796e-01,0.000000000000000000e+00,2.354799245773415268e-04,3.184441305272440181e-01,1.777011338976431341e-03,0.000000000000000000e+00,0.000000000000000000e+00,0.000000000000000000e+00,0.000000000000000000e+00
4.789400787896089251e-01,1.256889812957063569e-02,0.000000000000000000e+00,1.832869130104341215e-01,0.000000000000000000e+00,2.354799245773415268e-04,3.278212001053129043e-01,1.777011338976431341e-03,0.000000000000000000e+00,0.000000000000000000e+00,0.000000000000000000e+00,0.000000000000000000e+00
4.920543971810262263e-01,1.256889812957063569e-02,0.000000000000000000e+00,1.693280752183632942e-01,0.000000000000000000e+00,5.129457207276181055e-03,3.178440525304453423e-01,3.983493549055883501e-03,0.000000000000000000e+00,0.000000000000000000e+00,0.000000000000000000e+00,0.000000000000000000e+00
5.222351043545966354e-01,1.256889812957063569e-02,0.000000000000000000e+00,1.437289152599106334e-01,0.000000000000000000e+00,4.050171118846789160e-03,3.178440525304453423e-01,3.983493549055883501e-03,0.000000000000000000e+00,0.000000000000000000e+00,0.000000000000000000e+00,0.000000000000000000e+00
5.222351043545966354e-01,1.256889812957063569e-02,0.000000000000000000e+00,1.369795335045482232e-01,0.000000000000000000e+00,4.050171118846789160e-03,3.217841893012955978e-01,4.886803218831279813e-03,0.000000000000000000e+00,0.000000000000000000e+00,0.000000000000000000e+00,0.000000000000000000e+00
5.317609639721107007e-01,7.158375993289716778e-03,0.000000000000000000e+00,1.358935174377602917e-01,0.000000000000000000e+00,8.905159570275213501e-03,3.217841893012955978e-01,4.886803218831279813e-03,0.000000000000000000e+00,0.000000000000000000e+00,0.000000000000000000e+00,0.000000000000000000e+00
5.317609639721107007e-01,7.158375993289716778e-03,0.000000000000000000e+00,1.512646306849972921e-01,0.000000000000000000e+00,1.148730583722910002e-02,3.217841893012955978e-01,4.886803218831279813e-03,0.000000000000000000e+00,0.000000000000000000e+00,0.000000000000000000e+00,0.000000000000000000e+00
5.040471335231589967e-01,7.158375993289715911e-03,0.000000000000000000e+00,1.512646306849972921e-01,0.000000000000000000e+00,1.831716553010411669e-02,3.253679952174504675e-01,5.801973769951053418e-04,0.000000000000000000e+00,0.000000000000000000e+00,0.000000000000000000e+00,0.000000000000000000e+00
4.449709638781909060e-01,6.427544456256964814e-03,0.000000000000000000e+00,2.695736084731252813e-01,0.000000000000000000e+00,2.455657623956223473e-02,2.513333125932225021e-01,6.687408140457135226e-03,0.000000000000000000e+00,0.000000000000000000e+00,0.000000000000000000e+00,0.000000000000000000e+00
4.136266552171392052e-01,6.427544456256964814e-03,0.000000000000000000e+00,2.851986084731252813e-01,0.000000000000000000e+00,2.492493294288991301e-01,3.926353349678404769e-02,6.687408140457135226e-03,0.000000000000000000e+00,0.000000000000000000e+00,0.000000000000000000e+00,0.000000000000000000e+00
4.444329645147439001e-01,5.285461326776029825e-03,0.000000000000000000e+00,1.695444063550903546e-01,0.000000000000000000e+00,2.948392204012482143e-01,1.063648761862091494e-02,8.342734242097904485e-02,0.000000000000000000e+00,0.000000000000000000e+00,0.000000000000000000e+00,0.000000000000000000e+00
4.287230471612678007e-01,5.285461326776029825e-03,2.792024386647056974e-03,1.313758470498056774e-01,0.000000000000000000e+00,2.907600437787957737e-01,1.156566837589964114e-03,1.434083854617316522e-01,0.000000000000000000e+00,0.000000000000000000e+00,0.000000000000000000e+00,0.000000000000000000e+00
4.856848648585816997e-01,5.285461326776029825e-03,3.931848186645582610e-02,3.203218532814081088e-02,0.000000000000000000e+00,2.315806780134252174e-01,0.000000000000000000e+00,2.037375790890750549e-01,0.000000000000000000e+00,0.000000000000000000e+00,0.000000000000000000e+00,0.000000000000000000e+00
5.258757343661520922e-01,3.506833928755750691e-03,1.417480193012675971e-01,4.543623401157196977e-03,0.000000000000000000e+00,1.322666007400539745e-01,0.000000000000000000e+00,1.978464871919167201e-01,0.000000000000000000e+00,0.000000000000000000e+00,0.000000000000000000e+00,0.000000000000000000e+00
6.227740994368324845e-01,1.284655159483764041e-02,1.270217475170051236e-01,4.543623401157196977e-03,0.000000000000000000e+00,4.123777039994368926e-02,0.000000000000000000e+00,1.978464871919167201e-01,0.000000000000000000e+00,0.000000000000000000e+00,0.000000000000000000e+00,0.000000000000000000e+00
4.524663085455781220e-01,1.284655159483764041e-02,1.364435800106859054e-01,4.543623401157196977e-03,0.000000000000000000e+00,5.812655189972851591e-03,0.000000000000000000e+00,3.855374189136556162e-01,0.000000000000000000e+00,0.000000000000000000e+00,0.000000000000000000e+00,0.000000000000000000e+00
4.519272878771354307e-01,8.821871300654340192e-03,1.588745621996257018e-01,1.649228403981146908e-03,0.000000000000000000e+00,5.812655189972851591e-03,0.000000000000000000e+00,3.791933786021390307e-01,0.000000000000000000e+00,0.000000000000000000e+00,0.000000000000000000e+00,0.000000000000000000e+00
4.626084768634609046e-01,8.821871300654340192e-03,1.360475145801670893e-01,3.463105021310015994e-03,0.000000000000000000e+00,1.126117932529669373e-02,0.000000000000000000e+00,3.783954165264502567e-01,0.000000000000000000e+00,0.000000000000000000e+00,0.000000000000000000e+00,0.000000000000000000e+00
4.895540169761231630e-01,8.821871300654340192e-03,1.568745625230864860e-01,7.387427513794109050e-03,0.000000000000000000e+00,1.126117932529669373e-02,0.000000000000000000e+00,3.279868571120568843e-01,0.000000000000000000e+00,6.863612897290450330e-04,0.000000000000000000e+00,0.000000000000000000e+00
3.491292241118052475e-01,2.714320501998571718e-03,6.745686663795022464e-02,7.387427513794109050e-03,0.000000000000000000e+00,3.277919943214469695e-02,0.000000000000000000e+00,3.390731106079575286e-02,0.000000000000000000e+00,5.166352710878873156e-01,0.000000000000000000e+00,0.000000000000000000e+00
2.125838205257357394e-01,1.360090328837963150e-03,7.953065193375803699e-02,8.776334877228281553e-03,0.000000000000000000e+00,4.740690131584496259e-02,0.000000000000000000e+00,4.675744598709739158e-02,0.000000000000000000e+00,6.071658210457935301e-01,0.000000000000000000e+00,0.000000000000000000e+00
2.253223448535414120e-01,1.360090328837963150e-03,4.366246029532752822e-03,8.776334877228281553e-03,0.000000000000000000e+00,4.785217144454267241e-02,0.000000000000000000e+00,4.920406800184731061e-02,0.000000000000000000e+00,6.652432165099715355e-01,0.000000000000000000e+00,0.000000000000000000e+00
2.818199081293458197e-01,1.360090328837963150e-03,1.108570106779418855e-02,1.767694630489514279e-02,0.000000000000000000e+00,4.785217144454267241e-02,0.000000000000000000e+00,4.920406800184731061e-02,0.000000000000000000e+00,5.935440298523949609e-01,0.000000000000000000e+00,0.000000000000000000e+00
1.967264470825580702e-01,1.360090328837963150e-03,1.108570106779418855e-02,3.828977781312277451e-02,0.000000000000000000e+00,4.785217144454267241e-02,0.000000000000000000e+00,4.406005774175789091e-02,0.000000000000000000e+00,6.433550512671737387e-01,0.000000000000000000e+00,0.000000000000000000e+00
1.574035258048460673e-01,3.880198552598774857e-04,3.734258706173994562e-03,8.319191537008815973e-02,0.000000000000000000e+00,5.881488852234246362e-02,0.000000000000000000e+00,4.406005774175789091e-02,0.000000000000000000e+00,6.433550512671737387e-01,0.000000000000000000e+00,0.000000000000000000e+00
1.495295786062248722e-01,3.880198552598774857e-04,0.000000000000000000e+00,9.881691537008815973e-02,0.000000000000000000e+00,5.881488852234246362e-02,0.000000000000000000e+00,3.737164802926715157e-02,0.000000000000000000e+00,6.626775935359993097e-01,0.000000000000000000e+00,0.000000000000000000e+00
1.174824079195345289e-01,1.852548967745070579e-03,0.000000000000000000e+00,1.093892561283670989e-01,0.000000000000000000e+00,5.881488852234246362e-02,0.000000000000000000e+00,4.835501731409878184e-02,0.000000000000000000e+00,6.626775935359993097e-01,0.000000000000000000e+00,0.000000000000000000e+00
1.050199140165722633e-01,5.286479686509253269e-03,0.000000000000000000e+00,1.093892561283670989e-01,0.000000000000000000e+00,5.874808488614363666e-02,0.000000000000000000e+00,5.086962294041584565e-02,0.000000000000000000e+00,6.697332254826005027e-01,0.000000000000000000e+00,0.000000000000000000e+00
1.050199140165722633e-01,5.286479686509253269e-03,0.000000000000000000e+00,1.033026752593011188e-01,0.000000000000000000e+00,4.778419518750184891e-02,0.000000000000000000e+00,5.086962294041584565e-02,0.000000000000000000e+00,6.895697482113509746e-01,0.000000000000000000e+00,0.000000000000000000e+00
7.571172807826349882e-02,3.766640001224096090e-02,0.000000000000000000e+00,1.033026752593011188e-01,0.000000000000000000e+00,3.637309852817720290e-02,0.000000000000000000e+00,5.086962294041584565e-02,0.000000000000000000e+00,6.995613091689252272e-01,0.000000000000000000e+00,0.000000000000000000e+00
4.495405081831435142e-06,7.150810256417269861e-02,0.000000000000000000e+00,1.033026752593011188e-01,0.000000000000000000e+00,7.082163757147141858e-02,0.000000000000000000e+00,5.086962294041584565e-02,0.000000000000000000e+00,7.092418022138355926e-01,0.000000000000000000e+00,0.000000000000000000e+00
4.495405081831435142e-06,8.656891736796293313e-02,0.000000000000000000e+00,8.685301206654218176e-02,0.000000000000000000e+00,7.082163757147141858e-02,0.000000000000000000e+00,4.896832522329184340e-02,0.000000000000000000e+00,7.092418022138355926e-01,0.000000000000000000e+00,0.000000000000000000e+00
0.000000000000000000e+00,1.504277703697115276e-01,0.000000000000000000e+00,8.685301206654218176e-02,0.000000000000000000e+00,6.007637198417727781e-02,0.000000000000000000e+00,4.162559356372134978e-02,0.000000000000000000e+00,6.646284981758708854e-01,0.000000000000000000e+00,0.000000000000000000e+00
0.000000000000000000e+00,1.928041666202685578e-01,0.000000000000000000e+00,8.339843982934835864e-02,0.000000000000000000e+00,5.160391355084559262e-02,0.000000000000000000e+00,4.162559356372134978e-02,0.000000000000000000e+00,6.371185312014477908e-01,0.000000000000000000e+00,0.000000000000000000e+00
0.000000000000000000e+00,2.037766841161267883e-01,0.000000000000000000e+00,8.339843982934835864e-02,0.000000000000000000e+00,5.160391355084559262e-02,0.000000000000000000e+00,7.973184620383998167e-02,0.000000000000000000e+00,5.818371479058794815e-01,0.000000000000000000e+00,0.000000000000000000e+00
0.000000000000000000e+00,1.881516841161267883e-01,0.000000000000000000e+00,8.143274132147367006e-02,0.000000000000000000e+00,7.156952277753100833e-02,0.000000000000000000e+00,7.973184620383998167e-02,0.000000000000000000e+00,5.818371479058794815e-01,0.000000000000000000e+00,0.000000000000000000e+00
0.000000000000000000e+00,1.626572005185482617e-01,0.000000000000000000e+00,8.143274132147367006e-02,0.000000000000000000e+00,1.282692925091712122e-01,0.000000000000000000e+00,8.872201457801087709e-02,0.000000000000000000e+00,5.425155551048929103e-01,0.000000000000000000e+00,0.000000000000000000e+00
0.000000000000000000e+00,1.260948150059531259e-01,0.000000000000000000e+00,1.092398854501911432e-01,0.000000000000000000e+00,2.125138173686211829e-01,0.000000000000000000e+00,2.210964763332024796e-01,0.000000000000000000e+00,3.346494422879112696e-01,0.000000000000000000e+00,0.000000000000000000e+00
0.000000000000000000e+00,1.160475653923217221e-01,0.000000000000000000e+00,1.092398854501911432e-01,0.000000000000000000e+00,3.247102940099967361e-01,0.000000000000000000e+00,4.300877120819217025e-01,0.000000000000000000e+00,1.819823877266784837e-02,0.000000000000000000e+00,0.000000000000000000e+00
0.000000000000000000e+00,4.768261588794156514e-02,0.000000000000000000e+00,5.500275987306120495e-02,0.000000000000000000e+00,3.815644727324012386e-01,0.000000000000000000e+00,5.194071041036500969e-01,0.000000000000000000e+00,0.000000000000000000e+00,0.000000000000000000e+00,0.000000000000000000e+00
0.000000000000000000e+00,3.760753641560245913e-02,0.000000000000000000e+00,2.863519392774028019e-02,1.755123340431055884e-03,3.815644727324012386e-01,0.000000000000000000e+00,5.601741558544410804e-01,0.000000000000000000e+00,0.000000000000000000e+00,0.000000000000000000e+00,0.000000000000000000e+00
0.000000000000000000e+00,3.760753641560245913e-02,0.000000000000000000e+00,5.169621412352906273e-03,3.038742216967891263e-01,7.195157318276519665e-02,0.000000000000000000e+00,5.757991558544410804e-01,0.000000000000000000e+00,0.000000000000000000e+00,0.000000000000000000e+00,0.000000000000000000e+00
0.000000000000000000e+00,2.320518594422287472e-04,0.000000000000000000e+00,2.687701486030231668e-05,6.455681345160728668e-01,3.507377407470610962e-03,0.000000000000000000e+00,3.577040257798301814e-01,0.000000000000000000e+00,0.000000000000000000e+00,0.000000000000000000e+00,0.000000000000000000e+00
0.000000000000000000e+00,1.874365790464634465e-04,0.000000000000000000e+00,3.583462896311257243e-05,7.432428895071725439e-01,3.507377407470610962e-03,0.000000000000000000e+00,2.566897974006364658e-01,0.000000000000000000e+00,0.000000000000000000e+00,0.000000000000000000e+00,0.000000000000000000e+00
0.000000000000000000e+00,1.874365790464634465e-04,0.000000000000000000e+00,3.583462896311257243e-05,8.636381568553527233e-01,1.142554085757053854e-02,0.000000000000000000e+00,1.283881957785978634e-01,0.000000000000000000e+00,0.000000000000000000e+00,0.000000000000000000e+00,0.000000000000000000e+00
0.000000000000000000e+00,1.002000142250706109e-05,0.000000000000000000e+00,5.172213858087518286e-06,9.097989691142280844e-01,1.142554085757053854e-02,0.000000000000000000e+00,8.372109293075397085e-02,0.000000000000000000e+00,0.000000000000000000e+00,0.000000000000000000e+00,0.000000000000000000e+00
0.000000000000000000e+00,7.924840507595842364e-06,0.000000000000000000e+00,5.172213858087518286e-06,9.097989691142280844e-01,1.277904196294468546e-02,0.000000000000000000e+00,8.372109293075397085e-02,0.000000000000000000e+00,0.000000000000000000e+00,0.000000000000000000e+00,1.263253699564297066e-06
0.000000000000000000e+00,4.073037558013872584e-06,0.000000000000000000e+00,5.172213858087518286e-06,9.054223618367400750e-01,1.277904196294468546e-02,0.000000000000000000e+00,8.372109293075397085e-02,0.000000000000000000e+00,0.000000000000000000e+00,0.000000000000000000e+00,6.457758265493529579e-04
0.000000000000000000e+00,4.073037558013872584e-06,0.000000000000000000e+00,1.102053551707537383e-05,8.429223618367400750e-01,1.277904196294468546e-02,0.000000000000000000e+00,6.961018259377238504e-02,0.000000000000000000e+00,0.000000000000000000e+00,0.000000000000000000e+00,8.178548452729096641e-02
0.000000000000000000e+00,4.073037558013872584e-06,0.000000000000000000e+00,1.102053551707537383e-05,7.083114477901951700e-01,8.663192504552419057e-03,0.000000000000000000e+00,0.000000000000000000e+00,0.000000000000000000e+00,0.000000000000000000e+00,0.000000000000000000e+00,2.866748350924787081e-01
0.000000000000000000e+00,0.000000000000000000e+00,0.000000000000000000e+00,0.000000000000000000e+00,6.935285618098336879e-01,8.663192504552419057e-03,0.000000000000000000e+00,0.000000000000000000e+00,0.000000000000000000e+00,0.000000000000000000e+00,0.000000000000000000e+00,3.030960582794804958e-01
0.000000000000000000e+00,0.000000000000000000e+00,0.000000000000000000e+00,0.000000000000000000e+00,6.810962147027747049e-01,1.910496940430907176e-02,0.000000000000000000e+00,0.000000000000000000e+00,0.000000000000000000e+00,0.000000000000000000e+00,0.000000000000000000e+00,3.030960582794804958e-01
0.000000000000000000e+00,0.000000000000000000e+00,0.000000000000000000e+00,9.374689184273410320e-06,6.810962147027747049e-01,1.910496940430907176e-02,0.000000000000000000e+00,0.000000000000000000e+00,0.000000000000000000e+00,0.000000000000000000e+00,0.000000000000000000e+00,3.102868665585289398e-01
0.000000000000000000e+00,0.000000000000000000e+00,0.000000000000000000e+00,1.898650645833252102e-03,5.167623421330420630e-01,6.491997837146581962e-02,0.000000000000000000e+00,0.000000000000000000e+00,0.000000000000000000e+00,0.000000000000000000e+00,0.000000000000000000e+00,4.202279774520795708e-01
0.000000000000000000e+00,0.000000000000000000e+00,0.000000000000000000e+00,1.817846407754780333e-02,2.577920464760447071e-04,3.254244942122788142e-01,0.000000000000000000e+00,0.000000000000000000e+00,0.000000000000000000e+00,0.000000000000000000e+00,0.000000000000000000e+00,6.533008475372906743e-01
0.000000000000000000e+00,0.000000000000000000e+00,0.000000000000000000e+00,1.817846407754780333e-02,0.000000000000000000e+00,3.005908887612434022e-01,0.000000000000000000e+00,0.000000000000000000e+00,0.000000000000000000e+00,0.000000000000000000e+00,0.000000000000000000e+00,6.840348713508610512e-01
0.000000000000000000e+00,0.000000000000000000e+00,0.000000000000000000e+00,2.366009232668469034e-02,0.000000000000000000e+00,3.005908887612434022e-01,0.000000000000000000e+00,0.000000000000000000e+00,0.000000000000000000e+00,0.000000000000000000e+00,0.000000000000000000e+00,6.840348713508610512e-01
0.000000000000000000e+00,0.000000000000000000e+00,0.000000000000000000e+00,2.662366220239938963e-01,0.000000000000000000e+00,5.753023087549931081e-01,0.000000000000000000e+00,0.000000000000000000e+00,0.000000000000000000e+00,0.000000000000000000e+00,0.000000000000000000e+00,1.570284548827086124e-01
0.000000000000000000e+00,0.000000000000000000e+00,0.000000000000000000e+00,6.469826421377554704e-01,0.000000000000000000e+00,2.128217907021618116e-01,0.000000000000000000e+00,0.000000000000000000e+00,0.000000000000000000e+00,1.440728746970943164e-01,0.000000000000000000e+00,0.000000000000000000e+00
0.000000000000000000e+00,0.000000000000000000e+00,0.000000000000000000e+00,7.003696190074015782e-01,0.000000000000000000e+00,2.021527283465102479e-03,0.000000000000000000e+00,0.000000000000000000e+00,0.000000000000000000e+00,3.009423526244222047e-01,0.000000000000000000e+00,0.000000000000000000e+00
0.000000000000000000e+00,0.000000000000000000e+00,0.000000000000000000e+00,8.922953135470149816e-03,0.000000000000000000e+00,1.196088637421817115e-04,0.000000000000000000e+00,0.000000000000000000e+00,9.273930626574110603e-01,6.893185215641517427e-02,0.000000000000000000e+00,0.000000000000000000e+00
0.000000000000000000e+00,2.703202214867997433e-06,0.000000000000000000e+00,8.922953135470149816e-03,0.000000000000000000e+00,1.196088637421817115e-04,0.000000000000000000e+00,0.000000000000000000e+00,9.290073034039637578e-01,6.575728207020871408e-02,0.000000000000000000e+00,0.000000000000000000e+00
0.000000000000000000e+00,2.703202214867997433e-06,0.000000000000000000e+00,7.570852973996608504e-03,0.000000000000000000e+00,2.340180826079401634e-05,0.000000000000000000e+00,0.000000000000000000e+00,9.911097248117919367e-01,5.154292368999426055e-03,0.000000000000000000e+00,0.000000000000000000e+00
0.000000000000000000e+00,2.703202214867997433e-06,0.000000000000000000e+00,2.380560830777508734e-03,0.000000000000000000e+00,2.340180826079401634e-05,0.000000000000000000e+00,0.000000000000000000e+00,9.927370389929067729e-01,8.770957741266540569e-03,0.000000000000000000e+00,0.000000000000000000e+00
0.000000000000000000e+00,4.453599031953513708e-05,0.000000000000000000e+00,2.380560830777508734e-03,0.000000000000000000e+00,2.408934231117703642e-05,0.000000000000000000e+00,0.000000000000000000e+00,9.942400897220080580e-01,7.160544691641952501e-03,0.000000000000000000e+00,0.000000000000000000e+00
0.000000000000000000e+00,2.552932945287894563e-04,0.000000000000000000e+00,7.040537264328804862e-03,0.000000000000000000e+00,2.408934231117703642e-05,0.000000000000000000e+00,0.000000000000000000e+00,9.747842076564547931e-01,2.184127783657131144e-02,0.000000000000000000e+00,0.000000000000000000e+00
0.000000000000000000e+00,3.732273722160685345e-03,0.000000000000000000e+00,2.833519085449189012e-03,0.000000000000000000e+00,2.408934231117703642e-05,0.000000000000000000e+00,0.000000000000000000e+00,9.834335708461573455e-01,1.211001541114295824e-02,0.000000000000000000e+00,0.000000000000000000e+00
0.000000000000000000e+00,3.732273722160685345e-03,0.000000000000000000e+00,1.296675982856567398e-02,0.000000000000000000e+00,3.028723628458359406e-05,0.000000000000000000e+00,0.000000000000000000e+00,9.784049784261934501e-01,9.109329315897828072e-03,0.000000000000000000e+00,0.000000000000000000e+00
0.000000000000000000e+00,3.732273722160685345e-03,0.000000000000000000e+00,7.743784098941453205e-03,0.000000000000000000e+00,3.028723628458359406e-05,0.000000000000000000e+00,0.000000000000000000e+00,9.819662936451165614e-01,1.036978862903558882e-02,0.000000000000000000e+00,0.000000000000000000e+00
0.000000000000000000e+00,8.547787530529201566e-03,0.000000000000000000e+00,6.695138438413827595e-03,0.000000000000000000e+00,3.659186045112767588e-05,0.000000000000000000e+00,0.000000000000000000e+00,9.851675785671405450e-01,6.978488186314543359e-04,0.000000000000000000e+00,0.000000000000000000e+00
0.000000000000000000e+00,8.547787530529201566e-03,0.000000000000000000e+00,2.306779741734074022e-03,0.000000000000000000e+00,3.659186045112767588e-05,0.000000000000000000e+00,0.000000000000000000e+00,9.812036069899632285e-01,1.559190030804216698e-02,0.000000000000000000e+00,0.000000000000000000e+00
0.000000000000000000e+00,8.547787530529201566e-03,0.000000000000000000e+00,2.334622596373152423e-03,0.000000000000000000e+00,3.734587487101694253e-05,0.000000000000000000e+00,0.000000000000000000e+00,9.885268801920472637e-01,4.418218607390870904e-03,0.000000000000000000e+00,0.000000000000000000e+00
0.000000000000000000e+00,5.824062252059868279e-03,0.000000000000000000e+00,1.291911402532132163e-03,0.000000000000000000e+00,3.734587487101694253e-05,0.000000000000000000e+00,0.000000000000000000e+00,9.927493867773002911e-01,3.842194501120940048e-03,0.000000000000000000e+00,0.000000000000000000e+00
0.000000000000000000e+00,9.554400282390580106e-04,0.000000000000000000e+00,9.776828091662805378e-04,0.000000000000000000e+00,3.734587487101694253e-05,0.000000000000000000e+00,0.000000000000000000e+00,9.945544594717259379e-01,7.362429507448937233e-03,0.000000000000000000e+00,0.000000000000000000e+00
0.000000000000000000e+00,6.483152320927484946e-03,0.000000000000000000e+00,4.476611186933155068e-04,0.000000000000000000e+00,2.735020186911773610e-05,0.000000000000000000e+00,0.000000000000000000e+00,9.746311325215553101e-01,2.226714379316186918e-02,0.000000000000000000e+00,0.000000000000000000e+00
0.000000000000000000e+00,9.625688454250474774e-05,0.000000000000000000e+00,5.930228627160830275e-03,0.000000000000000000e+00,2.237505575692610971e-06,0.000000000000000000e+00,0.000000000000000000e+00,8.879712753181250307e-01,1.098724190314461918e-01,0.000000000000000000e+00,0.000000000000000000e+00
0.000000000000000000e+00,2.159069227254585435e-04,0.000000000000000000e+00,1.559485850170745647e-03,0.000000000000000000e+00,2.237505575692610971e-06,0.000000000000000000e+00,0.000000000000000000e+00,1.709099549942215135e-01,8.312090580706545939e-01,0.000000000000000000e+00,0.000000000000000000e+00
0.000000000000000000e+00,3.252068853415094555e-03,0.000000000000000000e+00,4.308297116232151502e-03,0.000000000000000000e+00,3.376128331236062961e-05,0.000000000000000000e+00,0.000000000000000000e+00,2.729239341221633558e-02,9.688104839172002603e-01,0.000000000000000000e+00,0.000000000000000000e+00
0.000000000000000000e+00,4.003986738367307448e-06,0.000000000000000000e+00,3.340968066869431236e-02,0.000000000000000000e+00,5.040893649687809504e-05,0.000000000000000000e+00,0.000000000000000000e+00,2.052876581295170338e-02,9.499135831058059809e-01,0.000000000000000000e+00,0.000000000000000000e+00
0.000000000000000000e+00,1.096849699432536455e-02,0.000000000000000000e+00,8.435487801178667699e-02,0.000000000000000000e+00,4.447074809137422833e-04,0.000000000000000000e+00,0.000000000000000000e+00,4.325314766333830836e-03,9.037898635031023087e-01,0.000000000000000000e+00,0.000000000000000000e+00
0.000000000000000000e+00,3.055612768040091853e-02,0.000000000000000000e+00,6.880064804127293543e-02,0.000000000000000000e+00,6.903050439546630414e-04,0.000000000000000000e+00,0.000000000000000000e+00,5.473307601679181476e-04,9.032233818520781776e-01,0.000000000000000000e+00,0.000000000000000000e+00
0.000000000000000000e+00,8.439584873106833335e-03,0.000000000000000000e+00,1.372415702490156209e-01,0.000000000000000000e+00,3.761374114182296485e-03,0.000000000000000000e+00,0.000000000000000000e+00,0.000000000000000000e+00,8.543916194991839630e-01,0.000000000000000000e+00,0.000000000000000000e+00
0.000000000000000000e+00,1.329459167809843778e-03,0.000000000000000000e+00,1.728455817963418240e-01,0.000000000000000000e+00,3.761374114182296485e-03,0.000000000000000000e+00,0.000000000000000000e+00,0.000000000000000000e+00,8.256811133733484853e-01,0.000000000000000000e+00,0.000000000000000000e+00
0.000000000000000000e+00,1.329459167809843778e-03,0.000000000000000000e+00,1.909876291182791286e-01,0.000000000000000000e+00,2.664149194197627368e-03,0.000000000000000000e+00,0.000000000000000000e+00,0.000000000000000000e+00,8.089793924394079738e-01,0.000000000000000000e+00,0.000000000000000000e+00
0.000000000000000000e+00,7.224475144623544211e-04,0.000000000000000000e+00,2.083535111389688277e-01,0.000000000000000000e+00,2.664149194197627368e-03,0.000000000000000000e+00,0.000000000000000000e+00,0.000000000000000000e+00,7.921200402075574409e-01,0.000000000000000000e+00,0.000000000000000000e+00
0.000000000000000000e+00,3.962548311054435446e-03,0.000000000000000000e+00,2.000154850928760608e-01,0.000000000000000000e+00,3.982885005540182273e-03,0.000000000000000000e+00,0.000000000000000000e+00,0.000000000000000000e+00,7.958800796461645843e-01,0.000000000000000000e+00,0.000000000000000000e+00
0.000000000000000000e+00,4.842835808301159707e-03,0.000000000000000000e+00,1.948723498793148157e-01,0.000000000000000000e+00,5.852720661172011729e-03,0.000000000000000000e+00,0.000000000000000000e+00,0.000000000000000000e+00,7.980466305425151230e-01,0.000000000000000000e+00,0.000000000000000000e+00
0.000000000000000000e+00,1.319751353647660719e-03,0.000000000000000000e+00,2.391133911522686228e-01,0.000000000000000000e+00,5.852720661172011729e-03,0.000000000000000000e+00,0.000000000000000000e+00,0.000000000000000000e+00,7.575541150806244239e-01,0.000000000000000000e+00,0.000000000000000000e+00
0.000000000000000000e+00,4.834305631359393264e-03,0.000000000000000000e+00,2.465856115295074757e-01,0.000000000000000000e+00,5.374933047430461609e-03,0.000000000000000000e+00,0.000000000000000000e+00,0.000000000000000000e+00,7.470441767652371556e-01,0.000000000000000000e+00,0.000000000000000000e+00
0.000000000000000000e+00,5.495312054502067382e-03,0.000000000000000000e+00,2.454558024175358955e-01,0.000000000000000000e+00,5.374933047430461609e-03,0.000000000000000000e+00,0.000000000000000000e+00,0.000000000000000000e+00,7.470459851456630052e-01,0.000000000000000000e+00,0.000000000000000000e+00
0.000000000000000000e+00,4.480573759170681028e-03,0.000000000000000000e+00,1.970538748792095285e-01,0.000000000000000000e+00,3.913550819097505983e-03,0.000000000000000000e+00,0.000000000000000000e+00,0.000000000000000000e+00,7.983935618795889866e-01,0.000000000000000000e+00,0.000000000000000000e+00
0.000000000000000000e+00,1.479380077696849927e-02,0.000000000000000000e+00,1.688695590702350424e-01,0.000000000000000000e+00,6.051468392388286745e-03,0.000000000000000000e+00,0.000000000000000000e+00,0.000000000000000000e+00,8.141291306238637171e-01,0.000000000000000000e+00,0.000000000000000000e+00
0.000000000000000000e+00,7.987553998677225653e-03,0.000000000000000000e+00,1.965814983587622355e-01,0.000000000000000000e+00,2.154821825218491781e-05,0.000000000000000000e+00,0.000000000000000000e+00,0.000000000000000000e+00,7.990538986947575140e-01,0.000000000000000000e+00,0.000000000000000000e+00
0.000000000000000000e+00,4.649580319896449120e-03,0.000000000000000000e+00,1.419105902150424869e-01,0.000000000000000000e+00,1.238210070501204272e-03,0.000000000000000000e+00,3.529833392154934680e-06,0.000000000000000000e+00,8.558431957287994107e-01,0.000000000000000000e+00,0.000000000000000000e+00
0.000000000000000000e+00,6.843083125708489430e-03,0.000000000000000000e+00,7.569096699330921107e-02,0.000000000000000000e+00,4.393771522112946068e-03,0.000000000000000000e+00,3.529833392154934680e-06,0.000000000000000000e+00,9.169626670009920488e-01,0.000000000000000000e+00,0.000000000000000000e+00
0.000000000000000000e+00,2.038426864992036111e-02,0.000000000000000000e+00,3.660443181706903026e-02,0.000000000000000000e+00,5.517527927160812036e-03,0.000000000000000000e+00,2.686829199372488090e-03,0.000000000000000000e+00,9.386099509523856410e-01,0.000000000000000000e+00,0.000000000000000000e+00
0.000000000000000000e+00,1.674209342026029834e-02,0.000000000000000000e+00,1.800410624564472983e-01,0.000000000000000000e+00,9.522106784112839561e-03,0.000000000000000000e+00,6.333067355967962955e-03,0.000000000000000000e+00,7.911860690913347094e-01,0.000000000000000000e+00,0.000000000000000000e+00
0.000000000000000000e+00,1.446605222608877972e-01,8.295385560946044994e-04,1.794737946606687062e-01,0.000000000000000000e+00,1.222847424313695461e-02,0.000000000000000000e+00,1.117417682510448221e-02,0.000000000000000000e+00,6.558107443350711385e-01,0.000000000000000000e+00,0.000000000000000000e+00
0.000000000000000000e+00,1.427640455570896305e-01,2.791450214654475626e-01,5.574654142797472699e-03,0.000000000000000000e+00,2.693981957710934183e-01,0.000000000000000000e+00,3.046696297380660501e-01,0.000000000000000000e+00,2.295977180442432958e-03,0.000000000000000000e+00,0.000000000000000000e+00
0.000000000000000000e+00,2.799136337824754128e-01,1.753091919830820911e-01,3.181804043457805379e-04,0.000000000000000000e+00,3.609692965079487892e-01,0.000000000000000000e+00,1.872884936737838346e-01,0.000000000000000000e+00,0.000000000000000000e+00,0.000000000000000000e+00,0.000000000000000000e+00
0.000000000000000000e+00,2.416780710499979445e-01,2.182145931822019325e-01,4.257481437360100852e-03,0.000000000000000000e+00,3.739573933693253749e-01,0.000000000000000000e+00,1.657512155877625959e-01,0.000000000000000000e+00,0.000000000000000000e+00,0.000000000000000000e+00,0.000000000000000000e+00
0.000000000000000000e+00,2.514855408191678521e-01,2.728839069270566076e-01,4.437357110088994624e-03,0.000000000000000000e+00,3.698664222564293502e-01,0.000000000000000000e+00,1.061763118229756553e-01,0.000000000000000000e+00,0.000000000000000000e+00,0.000000000000000000e+00,0.000000000000000000e+00
0.000000000000000000e+00,3.172111373227655684e-01,2.410374687577530317e-01,6.844837308440454918e-03,0.000000000000000000e+00,3.307725253154262246e-01,0.000000000000000000e+00,1.079984555607515495e-01,0.000000000000000000e+00,0.000000000000000000e+00,0.000000000000000000e+00,0.000000000000000000e+00
0.000000000000000000e+00,2.972582383791125826e-01,2.086431322107433206e-01,5.287976437743639735e-03,0.000000000000000000e+00,4.608844697817245928e-01,0.000000000000000000e+00,3.356016030393040028e-02,0.000000000000000000e+00,0.000000000000000000e+00,0.000000000000000000e+00,0.000000000000000000e+00
0.000000000000000000e+00,9.134631090709410817e-02,2.122143219712875895e-01,7.753705486198293056e-03,0.000000000000000000e+00,2.104179358942806777e-01,0.000000000000000000e+00,4.821380790863057930e-01,0.000000000000000000e+00,0.000000000000000000e+00,0.000000000000000000e+00,0.000000000000000000e+00
0.000000000000000000e+00,7.531561780018833363e-02,1.611590003578284302e-01,6.312585571234172709e-03,0.000000000000000000e+00,9.004944451145155404e-02,0.000000000000000000e+00,6.710368172843957923e-01,0.000000000000000000e+00,0.000000000000000000e+00,0.000000000000000000e+00,0.000000000000000000e+00
0.000000000000000000e+00,7.139530686663862757e-02,1.942442396848143293e-01,4.514654592578971892e-03,0.000000000000000000e+00,1.400023231638644616e-01,0.000000000000000000e+00,5.937203445057976925e-01,0.000000000000000000e+00,0.000000000000000000e+00,0.000000000000000000e+00,0.000000000000000000e+00
0.000000000000000000e+00,5.609608817997060320e-02,2.572864801783005251e-01,5.186674356196181550e-03,0.000000000000000000e+00,3.130084631305345977e-01,0.000000000000000000e+00,3.723037339167180604e-01,0.000000000000000000e+00,0.000000000000000000e+00,0.000000000000000000e+00,0.000000000000000000e+00
0.000000000000000000e+00,2.388493077816248866e-01,2.112330698578833710e-01,1.850358653647827568e-03,0.000000000000000000e+00,3.351439603705307912e-01,0.000000000000000000e+00,2.160096034893271566e-01,0.000000000000000000e+00,6.284098892032209498e-04,0.000000000000000000e+00,0.000000000000000000e+00
0.000000000000000000e+00,3.333171206951069387e-01,3.259009550074817851e-01,7.430419420946953249e-03,0.000000000000000000e+00,1.099285340030843050e-01,0.000000000000000000e+00,1.071445109154255393e-01,0.000000000000000000e+00,1.201735965452229715e-01,0.000000000000000000e+00,0.000000000000000000e+00
0.000000000000000000e+00,2.550453833236361323e-01,2.825617988717487594e-01,9.637129897889256573e-04,0.000000000000000000e+00,7.457757007885585168e-03,0.000000000000000000e+00,9.958530915002783770e-03,0.000000000000000000e+00,4.479135529703535679e-01,0.000000000000000000e+00,0.000000000000000000e+00
0.000000000000000000e+00,1.610824841275546038e-01,2.953378064866412078e-01,4.280784466293283651e-03,0.000000000000000000e+00,6.045671008014993041e-03,0.000000000000000000e+00,1.802444944049400033e-02,0.000000000000000000e+00,5.191308524565102500e-01,0.000000000000000000e+00,0.000000000000000000e+00
0.000000000000000000e+00,8.853692339395041744e-02,2.938362745718044455e-01,5.192623178757719941e-03,0.000000000000000000e+00,6.401621776471898631e-03,0.000000000000000000e+00,2.250721070127592593e-02,3.135017043546805843e-04,5.870854837017545069e-01,0.000000000000000000e+00,0.000000000000000000e+00
0.000000000000000000e+00,3.715476438243677654e-02,2.351450515742861958e-01,1.541288278547877505e-03,0.000000000000000000e+00,1.325365323094226944e-02,0.000000000000000000e+00,1.980891392912422291e-02,1.876622374401952723e-05,6.970152527466261239e-01,0.000000000000000000e+00,0.000000000000000000e+00
0.000000000000000000e+00,1.926219097853562948e-02,2.260196419003785429e-01,3.599955389389608833e-03,0.000000000000000000e+00,2.382416360335276595e-02,0.000000000000000000e+00,1.184347397856909748e-02,5.858448941363107731e-03,7.134925428779086420e-01,0.000000000000000000e+00,0.000000000000000000e+00
0.000000000000000000e+00,3.926618710663891225e-03,3.237094394464248293e-01,8.412510003060928027e-03,0.000000000000000000e+00,2.343979400775307240e-02,0.000000000000000000e+00,6.148608234339147764e-03,3.404313888098609367e-03,6.348609671484439776e-01,0.000000000000000000e+00,0.000000000000000000e+00
0.000000000000000000e+00,4.600345682867839139e-03,2.026527363087531342e-01,4.679495352145078384e-03,0.000000000000000000e+00,1.880415594544601957e-02,0.000000000000000000e+00,1.543722304583118599e-02,5.816290249652834865e-02,6.995747226528639118e-01,0.000000000000000000e+00,0.000000000000000000e+00
0.000000000000000000e+00,2.599283090044542111e-03,1.573386057796314630e-01,1.056928498642264362e-03,0.000000000000000000e+00,1.620762642365849646e-02,0.000000000000000000e+00,2.333272417999933054e-02,9.004546276100380831e-02,7.133272276843009019e-01,0.000000000000000000e+00,0.000000000000000000e+00
0.000000000000000000e+00,6.367574167788350031e-03,1.900640361884074203e-01,2.847511021026439756e-03,0.000000000000000000e+00,6.639242778983688378e-03,0.000000000000000000e+00,1.826506630353296953e-02,7.863736770711499124e-02,7.011139821187817311e-01,0.000000000000000000e+00,0.000000000000000000e+00
0.000000000000000000e+00,5.473375974294001321e-03,2.342461794214310833e-01,7.131050038448280039e-04,0.000000000000000000e+00,1.601284634522853398e-02,0.000000000000000000e+00,1.700576508901473910e-02,1.039543841497370530e-01,6.265058213557728184e-01,0.000000000000000000e+00,0.000000000000000000e+00
0.000000000000000000e+00,9.935284370566987641e-03,2.485035248679209885e-01,3.294090491871543122e-04,0.000000000000000000e+00,8.400781964921491193e-03,0.000000000000000000e+00,6.466878560903544654e-03,1.417515546214426769e-01,5.885119826681458610e-01,0.000000000000000000e+00,0.000000000000000000e+00
0.000000000000000000e+00,8.597780450894746199e-03,3.109818298655165347e-01,2.361496746696694951e-05,0.000000000000000000e+00,3.582679975982398595e-04,0.000000000000000000e+00,2.023921866578005241e-03,2.513803570719759795e-01,4.304829063135773848e-01,0.000000000000000000e+00,0.000000000000000000e+00
0.000000000000000000e+00,0.000000000000000000e+00,2.920975042959731427e-01,0.000000000000000000e+00,0.000000000000000000e+00,1.397398562076200557e-01,0.000000000000000000e+00,1.538772117986594301e-01,3.403238084774942163e-01,7.779887222109811706e-02,0.000000000000000000e+00,0.000000000000000000e+00
0.000000000000000000e+00,6.836484751660464217e-03,2.359215299631408358e-01,0.000000000000000000e+00,0.000000000000000000e+00,3.190128350743681174e-01,0.000000000000000000e+00,6.101159546945203460e-02,3.809973364922004668e-01,1.652285433248587749e-04,0.000000000000000000e+00,0.000000000000000000e+00
0.000000000000000000e+00,4.151487105211517162e-03,1.879464353333607785e-01,4.238306544763748821e-04,0.000000000000000000e+00,4.187927240816287089e-01,0.000000000000000000e+00,5.741070373896801915e-02,3.331632979955486129e-01,0.000000000000000000e+00,0.000000000000000000e+00,0.000000000000000000e+00
0.000000000000000000e+00,5.182732839481935064e-05,2.625257682414335880e-01,3.008835724154955158e-05,2.320432202438258741e-03,3.566585511667892394e-01,0.000000000000000000e+00,5.566413530290205414e-02,3.265791403657952729e-01,0.000000000000000000e+00,0.000000000000000000e+00,0.000000000000000000e+00
0.000000000000000000e+00,2.411679892400799431e-03,3.459707029817394308e-01,0.000000000000000000e+00,2.252364176273379814e-01,1.159783274037996077e-04,0.000000000000000000e+00,8.113318130857644084e-02,3.489786599875755457e-01,0.000000000000000000e+00,0.000000000000000000e+00,0.000000000000000000e+00
0.000000000000000000e+00,1.522991498289725468e-03,3.503924476693078272e-01,2.665128704726113965e-05,3.114709816253304342e-01,3.803365090205497760e-04,0.000000000000000000e+00,6.131850934603350067e-02,2.781297306413428871e-01,0.000000000000000000e+00,0.000000000000000000e+00,0.000000000000000000e+00
0.000000000000000000e+00,1.722793937667189740e-04,3.272102001169641672e-01,7.732272561566203784e-06,3.363539695996267676e-01,3.267641886677572025e-03,0.000000000000000000e+00,4.356756130426402140e-02,2.931892043185875818e-01,0.000000000000000000e+00,0.000000000000000000e+00,0.000000000000000000e+00
0.000000000000000000e+00,1.930594988646904518e-04,3.425111154501901956e-01,1.000144741609331953e-04,3.266321773957424068e-01,1.930740824998619513e-04,0.000000000000000000e+00,4.440318235097667071e-02,2.898684014110872176e-01,0.000000000000000000e+00,0.000000000000000000e+00,0.000000000000000000e+00
0.000000000000000000e+00,2.399360442316270429e-04,3.587516036606562819e-01,3.115335000683463649e-05,2.886925510808007744e-01,7.110509187936366222e-04,0.000000000000000000e+00,6.979475620779762579e-02,2.854453630408189668e-01,0.000000000000000000e+00,0.000000000000000000e+00,0.000000000000000000e+00
0.000000000000000000e+00,1.536278189728490376e-03,3.669159165567351666e-01,3.115335000683463649e-05,2.799595543648165652e-01,3.149639723438737819e-03,0.000000000000000000e+00,3.725965837289314797e-02,3.119892297533064518e-01,0.000000000000000000e+00,0.000000000000000000e+00,0.000000000000000000e+00
0.000000000000000000e+00,4.729906929473264281e-04,3.557837300165029304e-01,8.234140039504608767e-05,2.895487154621950721e-01,3.149639723438737819e-03,0.000000000000000000e+00,3.725965837289314797e-02,3.174110612979306745e-01,0.000000000000000000e+00,0.000000000000000000e+00,0.000000000000000000e+00
0.000000000000000000e+00,2.785344044178098282e-04,3.330232793350936249e-01,8.234140039504608767e-05,3.131246518254797162e-01,2.227968207359750340e-03,0.000000000000000000e+00,4.490587795684456568e-02,3.114000092836476385e-01,0.000000000000000000e+00,0.000000000000000000e+00,0.000000000000000000e+00
0.000000000000000000e+00,5.392420956392656025e-04,3.279959406652102061e-01,8.234140039504608767e-05,3.258659537881041790e-01,2.227968207359750340e-03,0.000000000000000000e+00,3.763880880779209293e-02,3.092760211096372003e-01,0.000000000000000000e+00,0.000000000000000000e+00,0.000000000000000000e+00
0.000000000000000000e+00,2.022509098757051444e-04,2.946325468629724109e-01,0.000000000000000000e+00,3.450098508033523914e-01,2.227968207359750340e-03,0.000000000000000000e+00,4.028425784648526770e-02,3.218695208920045459e-01,0.000000000000000000e+00,0.000000000000000000e+00,0.000000000000000000e+00
0.000000000000000000e+00,2.551441408126396606e-04,2.899107359345411417e-01,8.313681726741461672e-05,3.466317132862668515e-01,6.095306142785899411e-03,0.000000000000000000e+00,3.220474978343942224e-02,3.286022408554302165e-01,0.000000000000000000e+00,0.000000000000000000e+00,0.000000000000000000e+00
0.000000000000000000e+00,3.090803445149268832e-04,2.655034063893232932e-01,5.513891381577088000e-04,3.552278357065077885e-01,7.885589893513339846e-03,0.000000000000000000e+00,3.306737642227591117e-02,3.413433125082198649e-01,0.000000000000000000e+00,0.000000000000000000e+00,0.000000000000000000e+00
0.000000000000000000e+00,5.220294729679661417e-04,2.772750049709950537e-01,6.632042161729275256e-03,3.380204686776341338e-01,9.505039821743610506e-03,0.000000000000000000e+00,4.562949082917878985e-02,3.263436301561131736e-01,0.000000000000000000e+00,0.000000000000000000e+00,0.000000000000000000e+00
0.000000000000000000e+00,1.457274635595971844e-03,2.850413530341341928e-01,7.634132137964363962e-03,3.215188555660460912e-01,9.585904330005851764e-03,0.000000000000000000e+00,7.838700361898304214e-02,3.003388994889826802e-01,0.000000000000000000e+00,0.000000000000000000e+00,0.000000000000000000e+00
0.000000000000000000e+00,1.379836323220223239e-02,3.570958955274230462e-01,2.711698848144191570e-02,3.442399512532257622e-01,9.585904330005851764e-03,0.000000000000000000e+00,6.710938597969738628e-02,1.834924741890085198e-01,0.000000000000000000e+00,0.000000000000000000e+00,0.000000000000000000e+00
0.000000000000000000e+00,2.385321305594256536e-01,2.820700834188749617e-01,4.862348641875526012e-02,4.077477609232774136e-01,7.547808299190572091e-03,0.000000000000000000e+00,1.941475239107971068e-02,0.000000000000000000e+00,0.000000000000000000e+00,0.000000000000000000e+00,0.000000000000000000e+00
0.000000000000000000e+00,4.839904780088395975e-01,0.000000000000000000e+00,3.089092539044578367e-01,1.679361962730330227e-01,1.350042590186986746e-05,0.000000000000000000e+00,5.434034316656451841e-02,0.000000000000000000e+00,0.000000000000000000e+00,0.000000000000000000e+00,0.000000000000000000e+00
0.000000000000000000e+00,4.109251199197164195e-01,0.000000000000000000e+00,4.814097385150012398e-01,7.048778119054024960e-02,1.350042590186986746e-05,0.000000000000000000e+00,4.126889209587646101e-02,0.000000000000000000e+00,0.000000000000000000e+00,0.000000000000000000e+00,0.000000000000000000e+00
0.000000000000000000e+00,4.162338862129705275e-01,0.000000000000000000e+00,5.065409640807193581e-01,5.392231744808412275e-02,1.361840033411932955e-03,0.000000000000000000e+00,2.583232337420877586e-02,0.000000000000000000e+00,0.000000000000000000e+00,0.000000000000000000e+00,0.000000000000000000e+00
0.000000000000000000e+00,4.086155230452098164e-01,0.000000000000000000e+00,5.065409640807193581e-01,6.411200518418121164e-02,1.361840033411932955e-03,0.000000000000000000e+00,1.590950183531586459e-02,0.000000000000000000e+00,0.000000000000000000e+00,0.000000000000000000e+00,0.000000000000000000e+00
0.000000000000000000e+00,3.427886661845688798e-01,0.000000000000000000e+00,4.917966017413253343e-01,1.526219786764385633e-01,4.050172424661592670e-03,0.000000000000000000e+00,1.590950183531586459e-02,0.000000000000000000e+00,0.000000000000000000e+00,0.000000000000000000e+00,0.000000000000000000e+00
0.000000000000000000e+00,3.427886661845688798e-01,0.000000000000000000e+00,4.917966017413253343e-01,1.152026617152144966e-01,4.050172424661592670e-03,0.000000000000000000e+00,4.938848983176814811e-02,0.000000000000000000e+00,0.000000000000000000e+00,0.000000000000000000e+00,0.000000000000000000e+00
0.000000000000000000e+00,3.486063238837737166e-01,0.000000000000000000e+00,4.257734419773214207e-01,1.152026617152144966e-01,8.667530182879328547e-04,0.000000000000000000e+00,1.096196864055660886e-01,0.000000000000000000e+00,0.000000000000000000e+00,0.000000000000000000e+00,0.000000000000000000e+00
0.000000000000000000e+00,1.726588730430791141e-01,0.000000000000000000e+00,6.031430289038638461e-03,1.388705827925938163e-01,8.667530182879328547e-04,0.000000000000000000e+00,3.688122055264265661e-03,0.000000000000000000e+00,0.000000000000000000e+00,0.000000000000000000e+00,6.815796883016373986e-01
0.000000000000000000e+00,8.886605918100394519e-02,0.000000000000000000e+00,0.000000000000000000e+00,1.115781808267252428e-01,3.610193197326003016e-03,0.000000000000000000e+00,5.952998482040582073e-03,1.810217718067840789e-04,0.000000000000000000e+00,0.000000000000000000e+00,7.854933154099952297e-01
0.000000000000000000e+00,7.401728032810525604e-02,0.000000000000000000e+00,0.000000000000000000e+00,1.062050318168486635e-01,3.610193197326003016e-03,0.000000000000000000e+00,8.203503022426299760e-04,5.521327876039111397e-03,0.000000000000000000e+00,0.000000000000000000e+00,8.144490310665553068e-01
0.000000000000000000e+00,4.435434566754876268e-02,0.000000000000000000e+00,0.000000000000000000e+00,1.074574804654061660e-01,3.610193197326003016e-03,0.000000000000000000e+00,6.467982597332426302e-03,5.044821226298489697e-02,0.000000000000000000e+00,0.000000000000000000e+00,7.915278093708801865e-01
0.000000000000000000e+00,2.250375086450805053e-03,0.000000000000000000e+00,0.000000000000000000e+00,1.587915296849932711e-01,6.324044045388450830e-03,0.000000000000000000e+00,2.997349700398844671e-03,8.760448178225345439e-02,0.000000000000000000e+00,0.000000000000000000e+00,7.458891063617155703e-01
0.000000000000000000e+00,1.373735268722511534e-03,0.000000000000000000e+00,0.000000000000000000e+00,4.122041469901273625e-01,6.324044045388450830e-03,0.000000000000000000e+00,1.445017726698868792e-02,2.771947337324753846e-01,0.000000000000000000e+00,0.000000000000000000e+00,2.924532552907223582e-01
0.000000000000000000e+00,1.380379160220532309e-03,0.000000000000000000e+00,0.000000000000000000e+00,1.780606352868289999e-01,1.078443466735103801e-02,0.000000000000000000e+00,4.317297560951779967e-01,3.815345992759807126e-01,0.000000000000000000e+00,0.000000000000000000e+00,2.180466697200877425e-04
0.000000000000000000e+00,1.380379160220532309e-03,0.000000000000000000e+00,0.000000000000000000e+00,9.477498950782792990e-04,1.251664454867101595e-01,0.000000000000000000e+00,3.857676499370256140e-01,4.895937988839828559e-01,0.000000000000000000e+00,0.000000000000000000e+00,0.000000000000000000e+00
0.000000000000000000e+00,1.224705586649143954e-03,0.000000000000000000e+00,0.000000000000000000e+00,0.000000000000000000e+00,1.811891700429043295e-01,0.000000000000000000e+00,2.732751462404788279e-01,5.481000499862671571e-01,0.000000000000000000e+00,0.000000000000000000e+00,0.000000000000000000e+00
0.000000000000000000e+00,5.319043402170925763e-03,0.000000000000000000e+00,0.000000000000000000e+00,0.000000000000000000e+00,1.318968879262074068e-01,0.000000000000000000e+00,1.812513854628123311e-01,6.853389206652577004e-01,0.000000000000000000e+00,0.000000000000000000e+00,0.000000000000000000e+00
0.000000000000000000e+00,7.341493798019507397e-03,0.000000000000000000e+00,1.795481590044302713e-05,0.000000000000000000e+00,6.620078051995789692e-02,0.000000000000000000e+00,3.584088443516159628e-01,5.728238609427021011e-01,0.000000000000000000e+00,0.000000000000000000e+00,0.000000000000000000e+00
0.000000000000000000e+00,2.023459454992934947e-01,0.000000000000000000e+00,1.671311476606858124e-02,0.000000000000000000e+00,5.260988536956878042e-02,7.192223547468561407e-01,0.000000000000000000e+00,1.294324579356022874e-02,0.000000000000000000e+00,0.000000000000000000e+00,0.000000000000000000e+00
0.000000000000000000e+00,4.591441508290617368e-01,0.000000000000000000e+00,4.584199395891075390e-01,0.000000000000000000e+00,3.667863302801202541e-02,3.996411849698702085e-02,0.000000000000000000e+00,0.000000000000000000e+00,0.000000000000000000e+00,0.000000000000000000e+00,0.000000000000000000e+00
0.000000000000000000e+00,4.591441508290617368e-01,0.000000000000000000e+00,5.202120570247416032e-01,0.000000000000000000e+00,1.660804046240862281e-02,7.926725011711542243e-03,0.000000000000000000e+00,0.000000000000000000e+00,0.000000000000000000e+00,0.000000000000000000e+00,0.000000000000000000e+00
7.354096421548393658e-02,3.163035225296157438e-01,0.000000000000000000e+00,6.045502188096523177e-01,0.000000000000000000e+00,4.863243485522831741e-03,9.487454715850916070e-03,0.000000000000000000e+00,0.000000000000000000e+00,0.000000000000000000e+00,0.000000000000000000e+00,0.000000000000000000e+00
5.592944889586192181e-01,7.101262235361063433e-04,0.000000000000000000e+00,3.901256772726310978e-06,0.000000000000000000e+00,1.402313640227157397e-03,1.191710926362668330e-05,0.000000000000000000e+00,0.000000000000000000e+00,0.000000000000000000e+00,0.000000000000000000e+00,4.433898890356636757e-01
6.349598117360502059e-01,3.333625271743316434e-03,0.000000000000000000e+00,3.901256772726310978e-06,0.000000000000000000e+00,1.402313640227157397e-03,0.000000000000000000e+00,0.000000000000000000e+00,0.000000000000000000e+00,0.000000000000000000e+00,0.000000000000000000e+00,3.628028338455149826e-01
9.215108817110835293e-01,1.667360276758265286e-03,0.000000000000000000e+00,0.000000000000000000e+00,0.000000000000000000e+00,2.975273494006888415e-04,0.000000000000000000e+00,0.000000000000000000e+00,0.000000000000000000e+00,0.000000000000000000e+00,0.000000000000000000e+00,8.083242405625006011e-02
8.105352417088251826e-01,1.244180174118311374e-02,0.000000000000000000e+00,0.000000000000000000e+00,0.000000000000000000e+00,2.975273494006888415e-04,0.000000000000000000e+00,0.000000000000000000e+00,0.000000000000000000e+00,0.000000000000000000e+00,0.000000000000000000e+00,1.807957375329457550e-01
8.731410290042167510e-01,1.557686298592195207e-02,0.000000000000000000e+00,9.523872635930751498e-06,0.000000000000000000e+00,1.528411424011283739e-04,0.000000000000000000e+00,0.000000000000000000e+00,0.000000000000000000e+00,0.000000000000000000e+00,0.000000000000000000e+00,1.150834541748895490e-01
9.196178458849361137e-01,1.557686298592195207e-02,0.000000000000000000e+00,3.831637955429596375e-04,0.000000000000000000e+00,1.528411424011283739e-04,0.000000000000000000e+00,0.000000000000000000e+00,0.000000000000000000e+00,0.000000000000000000e+00,0.000000000000000000e+00,6.587282699006191677e-02
5.894125121419605540e-01,1.334379930057332311e-02,0.000000000000000000e+00,3.831637955429596375e-04,0.000000000000000000e+00,1.528411424011283739e-04,0.000000000000000000e+00,0.000000000000000000e+00,0.000000000000000000e+00,0.000000000000000000e+00,0.000000000000000000e+00,3.996529810354687018e-01
6.323834699226986711e-01,1.557605124439064015e-02,0.000000000000000000e+00,9.518978622163236716e-05,0.000000000000000000e+00,5.105618187332755590e-05,0.000000000000000000e+00,0.000000000000000000e+00,0.000000000000000000e+00,0.000000000000000000e+00,0.000000000000000000e+00,3.559109046549753796e-01
6.580577129281738324e-01,1.557605124439064015e-02,0.000000000000000000e+00,1.898175352951630697e-04,0.000000000000000000e+00,5.105618187332755590e-05,0.000000000000000000e+00,5.184548266648607476e-06,0.000000000000000000e+00,0.000000000000000000e+00,0.000000000000000000e+00,3.299115608716264858e-01
6.957855302438472611e-01,1.430016031371673241e-02,0.000000000000000000e+00,7.098502960118170972e-04,0.000000000000000000e+00,8.683699726929179847e-05,1.068026912039229298e-05,5.184548266648607476e-06,0.000000000000000000e+00,0.000000000000000000e+00,0.000000000000000000e+00,2.930443622409769078e-01
7.354668750082102857e-01,1.114084220609030083e-02,0.000000000000000000e+00,2.250150343474867712e-03,0.000000000000000000e+00,7.110812180059105422e-04,0.000000000000000000e+00,6.759201731982477798e-06,0.000000000000000000e+00,0.000000000000000000e+00,0.000000000000000000e+00,2.522603685611088387e-01
6.730731956787939785e-01,1.114084220609030083e-02,0.000000000000000000e+00,2.250150343474867712e-03,0.000000000000000000e+00,7.110812180059105422e-04,0.000000000000000000e+00,6.759201731982477798e-06,0.000000000000000000e+00,0.000000000000000000e+00,0.000000000000000000e+00,3.268200757702828252e-01
6.151110174907670203e-01,1.298844055501250511e-02,0.000000000000000000e+00,4.425707606696825669e-03,0.000000000000000000e+00,5.181634140193248786e-04,0.000000000000000000e+00,7.389693275115714844e-04,0.000000000000000000e+00,0.000000000000000000e+00,0.000000000000000000e+00,3.799317104408658219e-01
7.409809521000580990e-01,1.298844055501250511e-02,0.000000000000000000e+00,4.425707606696825669e-03,0.000000000000000000e+00,5.181634140193248786e-04,0.000000000000000000e+00,3.170845064147003074e-03,0.000000000000000000e+00,0.000000000000000000e+00,0.000000000000000000e+00,2.419752968403634519e-01
7.204329256012657057e-01,1.298844055501250511e-02,0.000000000000000000e+00,4.425707606696825669e-03,0.000000000000000000e+00,5.181634140193248786e-04,7.423815997811778790e-03,2.568827265263567972e-01,0.000000000000000000e+00,0.000000000000000000e+00,0.000000000000000000e+00,0.000000000000000000e+00
5.890618006437644549e-01,1.429024118702532618e-02,0.000000000000000000e+00,2.826804289745795968e-03,0.000000000000000000e+00,4.711148397858151227e-04,0.000000000000000000e+00,3.979399062253330954e-01,0.000000000000000000e+00,0.000000000000000000e+00,0.000000000000000000e+00,0.000000000000000000e+00
5.403433168262288255e-01,1.429024118702532618e-02,0.000000000000000000e+00,8.754931356874402076e-03,0.000000000000000000e+00,4.711148397858151227e-04,0.000000000000000000e+00,4.447227320672478834e-01,0.000000000000000000e+00,0.000000000000000000e+00,0.000000000000000000e+00,0.000000000000000000e+00
4.723460750514361650e-01,4.569049777777420274e-02,0.000000000000000000e+00,2.512527176623947575e-02,0.000000000000000000e+00,4.711148397858151227e-04,0.000000000000000000e+00,4.612899983086150568e-01,0.000000000000000000e+00,0.000000000000000000e+00,0.000000000000000000e+00,0.000000000000000000e+00
0.000000000000000000e+00,8.399813344394205794e-01,0.000000000000000000e+00,2.512527176623947575e-02,0.000000000000000000e+00,1.628986833335508474e-03,0.000000000000000000e+00,1.372832704183125085e-01,0.000000000000000000e+00,0.000000000000000000e+00,0.000000000000000000e+00,0.000000000000000000e+00
