 (1.378072701999999983e-01-1.135170100000000050e-02j), (-4.924741779999999847e-02+4.056694199999999646e-03j), (0.000000000000000000e+00+0.000000000000000000e+00j), (1.235614954999999932e-01-1.017822309999999973e-02j), (-3.601594670000000248e-02+2.966768399999999972e-03j), (1.287081860000000022e-02-1.060217499999999971e-03j), (0.000000000000000000e+00+0.000000000000000000e+00j), (-3.229281180000000140e-02+2.660079799999999928e-03j), (0.000000000000000000e+00+0.000000000000000000e+00j), (0.000000000000000000e+00+0.000000000000000000e+00j), (0.000000000000000000e+00+0.000000000000000000e+00j), (0.000000000000000000e+00+0.000000000000000000e+00j), (-7.027915777000000030e-01+5.789157429999999827e-02j), (2.511527181000000053e-01-2.068839000000000095e-02j), (0.000000000000000000e+00+0.000000000000000000e+00j), (-6.301407629999999926e-01+5.190705460000000215e-02j)
 (0.000000000000000000e+00+0.000000000000000000e+00j), (0.000000000000000000e+00+0.000000000000000000e+00j), (-1.915296192000000008e-01+1.577701199999999998e-02j), (0.000000000000000000e+00+0.000000000000000000e+00j), (0.000000000000000000e+00+0.000000000000000000e+00j), (0.000000000000000000e+00+0.000000000000000000e+00j), (5.005628909999999820e-02-4.123324000000000260e-03j), (0.000000000000000000e+00+0.000000000000000000e+00j), (0.000000000000000000e+00+0.000000000000000000e+00j), (0.000000000000000000e+00+0.000000000000000000e+00j), (0.000000000000000000e+00+0.000000000000000000e+00j), (0.000000000000000000e+00+0.000000000000000000e+00j), (0.000000000000000000e+00+0.000000000000000000e+00j), (0.000000000000000000e+00+0.000000000000000000e+00j), (9.767656170999999832e-01-8.045984200000000364e-02j), (0.000000000000000000e+00+0.000000000000000000e+00j)
 (-6.445382430000000384e-02+5.309302899999999992e-03j), (-1.803588079000000011e-01+1.485683049999999943e-02j), (0.000000000000000000e+00+0.000000000000000000e+00j), (0.000000000000000000e+00+0.000000000000000000e+00j), (1.684501470000000084e-02-1.387587000000000022e-03j), (4.713679619999999737e-02-3.882834400000000075e-03j), (0.000000000000000000e+00+0.000000000000000000e+00j), (0.000000000000000000e+00+0.000000000000000000e+00j), (0.000000000000000000e+00+0.000000000000000000e+00j), (0.000000000000000000e+00+0.000000000000000000e+00j), (0.000000000000000000e+00+0.000000000000000000e+00j), (0.000000000000000000e+00+0.000000000000000000e+00j), (3.287025771000000041e-01-2.707646229999999959e-02j), (9.197965462999999620e-01-7.576708629999999445e-02j), (0.000000000000000000e+00+0.000000000000000000e+00j), (0.000000000000000000e+00+0.000000000000000000e+00j)
 (-6.384948964000000116e-01+5.259521589999999885e-02j), (1.952839499000000034e-01-1.608627030000000027e-02j), (0.000000000000000000e+00+0.000000000000000000e+00j), (-5.777519445000000031e-01+4.759159150000000227e-02j), (-3.063861484000000024e-01+2.523817449999999837e-02j), (1.306226534000000106e-01-1.075987720000000022e-02j), (0.000000000000000000e+00+0.000000000000000000e+00j), (-2.769002010000000125e-01+2.280930659999999902e-02j), (0.000000000000000000e+00+0.000000000000000000e+00j), (0.000000000000000000e+00+0.000000000000000000e+00j), (0.000000000000000000e+00+0.000000000000000000e+00j), (0.000000000000000000e+00+0.000000000000000000e+00j), (-1.454960725999999982e-01+1.198505639999999928e-02j), (4.446268309999999724e-02-3.662557700000000117e-03j), (0.000000000000000000e+00+0.000000000000000000e+00j), (-5.382310330000000115e-02+4.433610600000000360e-03j)
 (-3.280175779999999763e-02+2.702003599999999901e-03j), (-4.597695586000000167e-01+3.787294050000000051e-02j), (0.000000000000000000e+00+0.000000000000000000e+00j), (-1.048293586999999999e-01+8.635186899999999430e-03j), (1.448924755999999869e-01-1.193533589999999991e-02j), (2.511311104999999766e-01-2.068661009999999897e-02j), (0.000000000000000000e+00+0.000000000000000000e+00j), (9.856973239999999858e-02-8.119558000000000678e-03j), (0.000000000000000000e+00+0.000000000000000000e+00j), (0.000000000000000000e+00+0.000000000000000000e+00j), (0.000000000000000000e+00+0.000000000000000000e+00j), (0.000000000000000000e+00+0.000000000000000000e+00j), (-5.298785489999999765e-01+4.364808059999999990e-02j), (8.138378520000000282e-02-6.703887199999999588e-03j), (0.000000000000000000e+00+0.000000000000000000e+00j), (6.234066471000000442e-01-5.135234030000000033e-02j)
 (0.000000000000000000e+00+0.000000000000000000e+00j), (0.000000000000000000e+00+0.000000000000000000e+00j), (2.520036547000000238e-01-2.075848480000000093e-02j), (0.000000000000000000e+00+0.000000000000000000e+00j), (0.000000000000000000e+00+0.000000000000000000e+00j), (0.000000000000000000e+00+0.000000000000000000e+00j), (9.642377589999999721e-01-7.942787540000000035e-02j), (0.000000000000000000e+00+0.000000000000000000e+00j), (0.000000000000000000e+00+0.000000000000000000e+00j), (0.000000000000000000e+00+0.000000000000000000e+00j), (0.000000000000000000e+00+0.000000000000000000e+00j), (0.000000000000000000e+00+0.000000000000000000e+00j), (0.000000000000000000e+00+0.000000000000000000e+00j), (0.000000000000000000e+00+0.000000000000000000e+00j), (0.000000000000000000e+00+0.000000000000000000e+00j), (0.000000000000000000e+00+0.000000000000000000e+00j)
 (-6.075995160000000062e-02+5.005024799999999684e-03j), (-2.408694903999999970e-01+1.984132200000000151e-02j), (0.000000000000000000e+00+0.000000000000000000e+00j), (-2.823725430000000036e-02+2.326008400000000205e-03j), (-3.242565044999999868e-01+2.671022270000000115e-02j), (-8.888393605000000086e-01+7.321702700000000397e-02j), (0.000000000000000000e+00+0.000000000000000000e+00j), (7.379809799999999601e-03-6.079025999999999961e-04j), (0.000000000000000000e+00+0.000000000000000000e+00j), (0.000000000000000000e+00+0.000000000000000000e+00j), (0.000000000000000000e+00+0.000000000000000000e+00j), (0.000000000000000000e+00+0.000000000000000000e+00j), (-1.144961099000000038e-01+9.431473399999999382e-03j), (4.091683809999999838e-02-3.370473200000000200e-03j), (0.000000000000000000e+00+0.000000000000000000e+00j), (1.440047717999999866e-01-1.186221240000000059e-02j)
 (-1.530930449000000027e-01+1.261084749999999942e-02j), (5.471001009999999776e-02-4.506668400000000269e-03j), (0.000000000000000000e+00+0.000000000000000000e+00j), (1.925491531999999895e-01-1.586099490000000140e-02j), (-5.857775938999999488e-01+4.825269420000000142e-02j), (2.093360814000000125e-01-1.724379700000000168e-02j), (0.000000000000000000e+00+0.000000000000000000e+00j), (7.367479021999999711e-01-6.068868399999999969e-02j), (0.000000000000000000e+00+0.000000000000000000e+00j), (0.000000000000000000e+00+0.000000000000000000e+00j), (0.000000000000000000e+00+0.000000000000000000e+00j), (0.000000000000000000e+00+0.000000000000000000e+00j), (0.000000000000000000e+00+0.000000000000000000e+00j), (0.000000000000000000e+00+0.000000000000000000e+00j), (0.000000000000000000e+00+0.000000000000000000e+00j), (0.000000000000000000e+00+0.000000000000000000e+00j)
 (0.000000000000000000e+00+0.000000000000000000e+00j), (0.000000000000000000e+00+0.000000000000000000e+00j), (0.000000000000000000e+00+0.000000000000000000e+00j), (0.000000000000000000e+00+0.000000000000000000e+00j), (0.000000000000000000e+00+0.000000000000000000e+00j), (0.000000000000000000e+00+0.000000000000000000e+00j), (0.000000000000000000e+00+0.000000000000000000e+00j), (0.000000000000000000e+00+0.000000000000000000e+00j), (-7.170801865000000497e-01+5.906858050000000221e-02j), (2.562589587999999918e-01-2.110901020000000017e-02j), (0.000000000000000000e+00+0.000000000000000000e+00j), (-6.429522922000000529e-01+5.296238830000000314e-02j), (0.000000000000000000e+00+0.000000000000000000e+00j), (0.000000000000000000e+00+0.000000000000000000e+00j), (0.000000000000000000e+00+0.000000000000000000e+00j), (0.000000000000000000e+00+0.000000000000000000e+00j)
 (0.000000000000000000e+00+0.000000000000000000e+00j), (0.000000000000000000e+00+0.000000000000000000e+00j), (0.000000000000000000e+00+0.000000000000000000e+00j), (0.000000000000000000e+00+0.000000000000000000e+00j), (0.000000000000000000e+00+0.000000000000000000e+00j), (0.000000000000000000e+00+0.000000000000000000e+00j), (0.000000000000000000e+00+0.000000000000000000e+00j), (0.000000000000000000e+00+0.000000000000000000e+00j), (0.000000000000000000e+00+0.000000000000000000e+00j), (0.000000000000000000e+00+0.000000000000000000e+00j), (9.966244518000000330e-01-8.209568859999999413e-02j), (0.000000000000000000e+00+0.000000000000000000e+00j), (0.000000000000000000e+00+0.000000000000000000e+00j), (0.000000000000000000e+00+0.000000000000000000e+00j), (0.000000000000000000e+00+0.000000000000000000e+00j), (0.000000000000000000e+00+0.000000000000000000e+00j)
 (0.000000000000000000e+00+0.000000000000000000e+00j), (0.000000000000000000e+00+0.000000000000000000e+00j), (0.000000000000000000e+00+0.000000000000000000e+00j), (0.000000000000000000e+00+0.000000000000000000e+00j), (0.000000000000000000e+00+0.000000000000000000e+00j), (0.000000000000000000e+00+0.000000000000000000e+00j), (0.000000000000000000e+00+0.000000000000000000e+00j), (0.000000000000000000e+00+0.000000000000000000e+00j), (3.353855008000000137e-01-2.762695979999999982e-02j), (9.384971304000000458e-01-7.730752350000000273e-02j), (0.000000000000000000e+00+0.000000000000000000e+00j), (0.000000000000000000e+00+0.000000000000000000e+00j), (0.000000000000000000e+00+0.000000000000000000e+00j), (0.000000000000000000e+00+0.000000000000000000e+00j), (0.000000000000000000e+00+0.000000000000000000e+00j), (0.000000000000000000e+00+0.000000000000000000e+00j)
 (0.000000000000000000e+00+0.000000000000000000e+00j), (0.000000000000000000e+00+0.000000000000000000e+00j), (0.000000000000000000e+00+0.000000000000000000e+00j), (0.000000000000000000e+00+0.000000000000000000e+00j), (0.000000000000000000e+00+0.000000000000000000e+00j), (0.000000000000000000e+00+0.000000000000000000e+00j), (0.000000000000000000e+00+0.000000000000000000e+00j), (0.000000000000000000e+00+0.000000000000000000e+00j), (-6.054526156999999742e-01+4.987339949999999855e-02j), (2.163672346000000135e-01-1.782297940000000108e-02j), (0.000000000000000000e+00+0.000000000000000000e+00j), (7.614936951999999870e-01-6.272708759999999495e-02j), (0.000000000000000000e+00+0.000000000000000000e+00j), (0.000000000000000000e+00+0.000000000000000000e+00j), (0.000000000000000000e+00+0.000000000000000000e+00j), (0.000000000000000000e+00+0.000000000000000000e+00j)
 (-2.986973794000000182e-01+2.460482179999999922e-02j), (1.454430439999999936e-01-1.198068820000000069e-02j), (0.000000000000000000e+00+0.000000000000000000e+00j), (-2.616294333999999999e-01+2.155139630000000098e-02j), (6.348867813999999887e-01-5.229800190000000182e-02j), (-2.517483283999999988e-01+2.073745260000000104e-02j), (0.000000000000000000e+00+0.000000000000000000e+00j), (5.718283047000000119e-01-4.710363900000000270e-02j), (0.000000000000000000e+00+0.000000000000000000e+00j), (0.000000000000000000e+00+0.000000000000000000e+00j), (0.000000000000000000e+00+0.000000000000000000e+00j), (0.000000000000000000e+00+0.000000000000000000e+00j), (-4.875213850000000015e-02+4.015896199999999770e-03j), (2.628476019999999996e-02-2.165174100000000212e-03j), (0.000000000000000000e+00+0.000000000000000000e+00j), (-1.338761303000000069e-01+1.102787820000000057e-02j)
 (0.000000000000000000e+00+0.000000000000000000e+00j), (0.000000000000000000e+00+0.000000000000000000e+00j), (-9.450242647000000051e-01+7.784518799999999572e-02j), (0.000000000000000000e+00+0.000000000000000000e+00j), (0.000000000000000000e+00+0.000000000000000000e+00j), (0.000000000000000000e+00+0.000000000000000000e+00j), (2.469822056000000043e-01-2.034484929999999872e-02j), (0.000000000000000000e+00+0.000000000000000000e+00j), (0.000000000000000000e+00+0.000000000000000000e+00j), (0.000000000000000000e+00+0.000000000000000000e+00j), (0.000000000000000000e+00+0.000000000000000000e+00j), (0.000000000000000000e+00+0.000000000000000000e+00j), (0.000000000000000000e+00+0.000000000000000000e+00j), (0.000000000000000000e+00+0.000000000000000000e+00j), (-1.979626912000000127e-01+1.630692829999999885e-02j), (0.000000000000000000e+00+0.000000000000000000e+00j)
 (3.397310118999999906e-01-2.798491579999999937e-02j), (7.645418488999999873e-01-6.297817540000000269e-02j), (0.000000000000000000e+00+0.000000000000000000e+00j), (-7.417918839999999847e-02+6.110417600000000136e-03j), (-5.423510770000000009e-02+4.467548899999999878e-03j), (-1.031229208999999980e-01+8.494621200000000011e-03j), (0.000000000000000000e+00+0.000000000000000000e+00j), (1.938673980000000033e-02-1.596958400000000021e-03j), (0.000000000000000000e+00+0.000000000000000000e+00j), (0.000000000000000000e+00+0.000000000000000000e+00j), (0.000000000000000000e+00+0.000000000000000000e+00j), (0.000000000000000000e+00+0.000000000000000000e+00j), (-2.437400520999999931e-01+2.007778090000000154e-02j), (2.671039360999999945e-01-2.200235160000000093e-02j), (0.000000000000000000e+00+0.000000000000000000e+00j), (3.783001343999999877e-01-3.116199890000000139e-02j)
 (5.741053332000000120e-01-4.729120640000000070e-02j), (-2.051648305000000061e-01+1.690019549999999954e-02j), (0.000000000000000000e+00+0.000000000000000000e+00j), (-7.220673926999999770e-01+5.947939540000000275e-02j), (-1.500424981000000046e-01+1.235956250000000076e-02j), (5.361985319999999777e-02-4.416868099999999610e-03j), (0.000000000000000000e+00+0.000000000000000000e+00j), (1.887124001999999912e-01-1.554494720000000087e-02j), (0.000000000000000000e+00+0.000000000000000000e+00j), (0.000000000000000000e+00+0.000000000000000000e+00j), (0.000000000000000000e+00+0.000000000000000000e+00j), (0.000000000000000000e+00+0.000000000000000000e+00j), (1.202629827000000068e-01-9.906512299999999799e-03j), (-4.297771339999999912e-02+3.540235200000000151e-03j), (0.000000000000000000e+00+0.000000000000000000e+00j), (-1.512579196999999931e-01+1.245968130000000076e-02j)
