 (4.869421100000000113e-03-1.518090000000000063e-05j), (-1.216870000000000023e-04+3.794000000000000224e-07j), (0.000000000000000000e+00+0.000000000000000000e+00j), (9.996595313999999677e-01-3.116529499999999998e-03j), (-1.216380000000000033e-04+3.792000000000000074e-07j), (3.039699999999999882e-06-9.500000000000000695e-09j), (0.000000000000000000e+00+0.000000000000000000e+00j), (-2.497146020000000008e-02+7.785079999999999670e-05j), (0.000000000000000000e+00+0.000000000000000000e+00j), (0.000000000000000000e+00+0.000000000000000000e+00j), (0.000000000000000000e+00+0.000000000000000000e+00j), (0.000000000000000000e+00+0.000000000000000000e+00j), (-2.375709999999999994e-05+7.409999999999999516e-08j), (5.937000000000000289e-07-1.900000000000000056e-09j), (0.000000000000000000e+00+0.000000000000000000e+00j), (-4.877167600000000165e-03+1.520499999999999926e-05j)
 (0.000000000000000000e+00+0.000000000000000000e+00j), (0.000000000000000000e+00+0.000000000000000000e+00j), (9.996713983999999664e-01-3.116566500000000038e-03j), (0.000000000000000000e+00+0.000000000000000000e+00j), (0.000000000000000000e+00+0.000000000000000000e+00j), (0.000000000000000000e+00+0.000000000000000000e+00j), (-2.497175670000000014e-02+7.785170000000000545e-05j), (0.000000000000000000e+00+0.000000000000000000e+00j), (0.000000000000000000e+00+0.000000000000000000e+00j), (0.000000000000000000e+00+0.000000000000000000e+00j), (0.000000000000000000e+00+0.000000000000000000e+00j), (0.000000000000000000e+00+0.000000000000000000e+00j), (0.000000000000000000e+00+0.000000000000000000e+00j), (0.000000000000000000e+00+0.000000000000000000e+00j), (-4.877225500000000394e-03+1.520519999999999970e-05j), (0.000000000000000000e+00+0.000000000000000000e+00j)
 (2.497402190000000063e-02-7.785880000000000069e-05j), (9.993593963000000358e-01-3.115593800000000108e-03j), (0.000000000000000000e+00+0.000000000000000000e+00j), (0.000000000000000000e+00+0.000000000000000000e+00j), (-6.238501999999999719e-04+1.944899999999999793e-06j), (-2.496396290000000087e-02+7.782739999999999960e-05j), (0.000000000000000000e+00+0.000000000000000000e+00j), (0.000000000000000000e+00+0.000000000000000000e+00j), (0.000000000000000000e+00+0.000000000000000000e+00j), (0.000000000000000000e+00+0.000000000000000000e+00j), (0.000000000000000000e+00+0.000000000000000000e+00j), (0.000000000000000000e+00+0.000000000000000000e+00j), (-1.218439999999999942e-04+3.799000000000000071e-07j), (-4.875703299999999997e-03+1.520039999999999934e-05j), (0.000000000000000000e+00+0.000000000000000000e+00j), (0.000000000000000000e+00+0.000000000000000000e+00j)
 (9.887358232999999830e-01-3.082473799999999910e-03j), (-2.413527130000000034e-02+7.524390000000000646e-05j), (0.000000000000000000e+00+0.000000000000000000e+00j), (-5.639221100000000285e-03+1.758079999999999946e-05j), (-2.412558579999999828e-02+7.521369999999999445e-05j), (3.441390710000000186e-02-1.072885000000000012e-04j), (0.000000000000000000e+00+0.000000000000000000e+00j), (-5.565125800000000206e-02+1.734979000000000046e-04j), (0.000000000000000000e+00+0.000000000000000000e+00j), (0.000000000000000000e+00+0.000000000000000000e+00j), (0.000000000000000000e+00+0.000000000000000000e+00j), (0.000000000000000000e+00+0.000000000000000000e+00j), (-5.640537000000000155e-03+1.758490000000000167e-05j), (-5.547292090000000009e-02+1.729419000000000052e-04j), (0.000000000000000000e+00+0.000000000000000000e+00j), (1.174944950999999987e-01-3.662997999999999992e-04j)
 (5.612916870000000252e-02-1.749878000000000121e-04j), (-1.370196599999999945e-03+4.271700000000000114e-06j), (0.000000000000000000e+00+0.000000000000000000e+00j), (2.465935550000000059e-02-7.687780000000000449e-05j), (3.510574099999999847e-03-1.094449999999999999e-05j), (1.827514099999999952e-03-5.697399999999999864e-06j), (0.000000000000000000e+00+0.000000000000000000e+00j), (9.981002851000000398e-01-3.111668399999999862e-03j), (0.000000000000000000e+00+0.000000000000000000e+00j), (0.000000000000000000e+00+0.000000000000000000e+00j), (0.000000000000000000e+00+0.000000000000000000e+00j), (0.000000000000000000e+00+0.000000000000000000e+00j), (-3.519245999999999746e-04+1.097200000000000057e-06j), (-3.141484700000000182e-03+9.793899999999999522e-06j), (0.000000000000000000e+00+0.000000000000000000e+00j), (1.331799999999999895e-06-4.200000000000000386e-09j)
 (0.000000000000000000e+00+0.000000000000000000e+00j), (0.000000000000000000e+00+0.000000000000000000e+00j), (2.497205369999999994e-02-7.785260000000000064e-05j), (0.000000000000000000e+00+0.000000000000000000e+00j), (0.000000000000000000e+00+0.000000000000000000e+00j), (0.000000000000000000e+00+0.000000000000000000e+00j), (9.996832884999999891e-01-3.116603600000000113e-03j), (0.000000000000000000e+00+0.000000000000000000e+00j), (0.000000000000000000e+00+0.000000000000000000e+00j), (0.000000000000000000e+00+0.000000000000000000e+00j), (0.000000000000000000e+00+0.000000000000000000e+00j), (0.000000000000000000e+00+0.000000000000000000e+00j), (0.000000000000000000e+00+0.000000000000000000e+00j), (0.000000000000000000e+00+0.000000000000000000e+00j), (0.000000000000000000e+00+0.000000000000000000e+00j), (0.000000000000000000e+00+0.000000000000000000e+00j)
 (-3.350185540000000239e-02+1.044451000000000006e-04j), (2.580249410000000007e-02-8.044159999999999906e-05j), (0.000000000000000000e+00+0.000000000000000000e+00j), (1.663311000000000108e-04-5.185999999999999983e-07j), (2.581220399999999832e-02-8.047190000000000452e-05j), (9.987671461999999556e-01-3.113747400000000179e-03j), (0.000000000000000000e+00+0.000000000000000000e+00j), (-4.154899999999999810e-06+1.300000000000000060e-08j), (0.000000000000000000e+00+0.000000000000000000e+00j), (0.000000000000000000e+00+0.000000000000000000e+00j), (0.000000000000000000e+00+0.000000000000000000e+00j), (0.000000000000000000e+00+0.000000000000000000e+00j), (1.664916999999999970e-04-5.191000000000000359e-07j), (-4.160599999999999603e-06+1.300000000000000060e-08j), (0.000000000000000000e+00+0.000000000000000000e+00j), (-8.114999999999999807e-07+2.500000000000000052e-09j)
 (2.496396340000000061e-02-7.782739999999999960e-05j), (-6.238501999999999719e-04+1.944899999999999793e-06j), (0.000000000000000000e+00+0.000000000000000000e+00j), (-1.216773999999999948e-04+3.793000000000000149e-07j), (9.993594192000000431e-01-3.115593900000000142e-03j), (-2.497402250000000171e-02+7.785880000000000069e-05j), (0.000000000000000000e+00+0.000000000000000000e+00j), (-4.870999299999999657e-03+1.518579999999999952e-05j), (0.000000000000000000e+00+0.000000000000000000e+00j), (0.000000000000000000e+00+0.000000000000000000e+00j), (0.000000000000000000e+00+0.000000000000000000e+00j), (0.000000000000000000e+00+0.000000000000000000e+00j), (0.000000000000000000e+00+0.000000000000000000e+00j), (0.000000000000000000e+00+0.000000000000000000e+00j), (0.000000000000000000e+00+0.000000000000000000e+00j), (0.000000000000000000e+00+0.000000000000000000e+00j)
 (0.000000000000000000e+00+0.000000000000000000e+00j), (0.000000000000000000e+00+0.000000000000000000e+00j), (0.000000000000000000e+00+0.000000000000000000e+00j), (0.000000000000000000e+00+0.000000000000000000e+00j), (0.000000000000000000e+00+0.000000000000000000e+00j), (0.000000000000000000e+00+0.000000000000000000e+00j), (0.000000000000000000e+00+0.000000000000000000e+00j), (0.000000000000000000e+00+0.000000000000000000e+00j), (4.870997999999999648e-03-1.518579999999999952e-05j), (-1.217263999999999938e-04+3.794999999999999770e-07j), (0.000000000000000000e+00+0.000000000000000000e+00j), (9.999832695000000493e-01-3.117538799999999832e-03j), (0.000000000000000000e+00+0.000000000000000000e+00j), (0.000000000000000000e+00+0.000000000000000000e+00j), (0.000000000000000000e+00+0.000000000000000000e+00j), (0.000000000000000000e+00+0.000000000000000000e+00j)
 (0.000000000000000000e+00+0.000000000000000000e+00j), (0.000000000000000000e+00+0.000000000000000000e+00j), (0.000000000000000000e+00+0.000000000000000000e+00j), (0.000000000000000000e+00+0.000000000000000000e+00j), (0.000000000000000000e+00+0.000000000000000000e+00j), (0.000000000000000000e+00+0.000000000000000000e+00j), (0.000000000000000000e+00+0.000000000000000000e+00j), (0.000000000000000000e+00+0.000000000000000000e+00j), (0.000000000000000000e+00+0.000000000000000000e+00j), (0.000000000000000000e+00+0.000000000000000000e+00j), (9.999951403000000294e-01-3.117575799999999873e-03j), (0.000000000000000000e+00+0.000000000000000000e+00j), (0.000000000000000000e+00+0.000000000000000000e+00j), (0.000000000000000000e+00+0.000000000000000000e+00j), (0.000000000000000000e+00+0.000000000000000000e+00j), (0.000000000000000000e+00+0.000000000000000000e+00j)
 (0.000000000000000000e+00+0.000000000000000000e+00j), (0.000000000000000000e+00+0.000000000000000000e+00j), (0.000000000000000000e+00+0.000000000000000000e+00j), (0.000000000000000000e+00+0.000000000000000000e+00j), (0.000000000000000000e+00+0.000000000000000000e+00j), (0.000000000000000000e+00+0.000000000000000000e+00j), (0.000000000000000000e+00+0.000000000000000000e+00j), (0.000000000000000000e+00+0.000000000000000000e+00j), (2.498210970000000128e-02-7.788400000000000173e-05j), (9.996830371999999576e-01-3.116602799999999840e-03j), (0.000000000000000000e+00+0.000000000000000000e+00j), (0.000000000000000000e+00+0.000000000000000000e+00j), (0.000000000000000000e+00+0.000000000000000000e+00j), (-0.000000000000000000e+00-0.000000000000000000e+00j), (0.000000000000000000e+00+0.000000000000000000e+00j), (0.000000000000000000e+00+0.000000000000000000e+00j)
 (0.000000000000000000e+00+0.000000000000000000e+00j), (0.000000000000000000e+00+0.000000000000000000e+00j), (0.000000000000000000e+00+0.000000000000000000e+00j), (0.000000000000000000e+00+0.000000000000000000e+00j), (0.000000000000000000e+00+0.000000000000000000e+00j), (0.000000000000000000e+00+0.000000000000000000e+00j), (0.000000000000000000e+00+0.000000000000000000e+00j), (0.000000000000000000e+00+0.000000000000000000e+00j), (9.996711700999999506e-01-3.116565799999999799e-03j), (-2.498181320000000122e-02+7.788310000000000653e-05j), (0.000000000000000000e+00+0.000000000000000000e+00j), (-4.872518799999999567e-03+1.519049999999999966e-05j), (0.000000000000000000e+00+0.000000000000000000e+00j), (0.000000000000000000e+00+0.000000000000000000e+00j), (0.000000000000000000e+00+0.000000000000000000e+00j), (0.000000000000000000e+00+0.000000000000000000e+00j)
 (-1.169370259999999995e-01+3.645618000000000101e-04j), (2.854446100000000101e-03-8.899000000000000687e-06j), (0.000000000000000000e+00+0.000000000000000000e+00j), (5.576724199999999985e-03-1.738589999999999900e-05j), (2.853300599999999791e-03-8.895399999999999569e-06j), (-4.070923800000000002e-03+1.269150000000000037e-05j), (0.000000000000000000e+00+0.000000000000000000e+00j), (6.460534900000000288e-03-2.014129999999999976e-05j), (0.000000000000000000e+00+0.000000000000000000e+00j), (0.000000000000000000e+00+0.000000000000000000e+00j), (0.000000000000000000e+00+0.000000000000000000e+00j), (0.000000000000000000e+00+0.000000000000000000e+00j), (5.572140500000000336e-03-1.737169999999999836e-05j), (6.439507799999999969e-03-2.007579999999999844e-05j), (0.000000000000000000e+00+0.000000000000000000e+00j), (9.930447102999999665e-01-3.095907199999999807e-03j)
 (0.000000000000000000e+00+0.000000000000000000e+00j), (0.000000000000000000e+00+0.000000000000000000e+00j), (4.875704500000000406e-03-1.520049999999999956e-05j), (0.000000000000000000e+00+0.000000000000000000e+00j), (0.000000000000000000e+00+0.000000000000000000e+00j), (0.000000000000000000e+00+0.000000000000000000e+00j), (-1.217949000000000017e-04+3.796999999999999920e-07j), (0.000000000000000000e+00+0.000000000000000000e+00j), (0.000000000000000000e+00+0.000000000000000000e+00j), (0.000000000000000000e+00+0.000000000000000000e+00j), (0.000000000000000000e+00+0.000000000000000000e+00j), (0.000000000000000000e+00+0.000000000000000000e+00j), (0.000000000000000000e+00+0.000000000000000000e+00j), (0.000000000000000000e+00+0.000000000000000000e+00j), (9.999832466000000419e-01-3.117538699999999798e-03j), (0.000000000000000000e+00+0.000000000000000000e+00j)
 (5.612715029999999772e-02-1.749815000000000051e-04j), (3.514764799999999922e-03-1.095759999999999992e-05j), (0.000000000000000000e+00+0.000000000000000000e+00j), (-2.729720000000000150e-04+8.509999999999999837e-07j), (-1.354204099999999945e-03+4.221900000000000185e-06j), (1.826972299999999943e-03-5.695799999999999744e-06j), (0.000000000000000000e+00+0.000000000000000000e+00j), (6.818799999999999834e-06-2.129999999999999882e-08j), (0.000000000000000000e+00+0.000000000000000000e+00j), (0.000000000000000000e+00+0.000000000000000000e+00j), (0.000000000000000000e+00+0.000000000000000000e+00j), (0.000000000000000000e+00+0.000000000000000000e+00j), (2.466927160000000063e-02-7.690869999999999770e-05j), (9.981051302000000236e-01-3.111683499999999807e-03j), (0.000000000000000000e+00+0.000000000000000000e+00j), (1.331799999999999895e-06-4.200000000000000386e-09j)
 (4.874124900000000385e-03-1.519550000000000046e-05j), (-1.218044999999999957e-04+3.796999999999999920e-07j), (0.000000000000000000e+00+0.000000000000000000e+00j), (-2.375709999999999994e-05+7.409999999999999516e-08j), (-1.217554999999999967e-04+3.795999999999999845e-07j), (3.042700000000000108e-06-9.500000000000000695e-09j), (0.000000000000000000e+00+0.000000000000000000e+00j), (5.935000000000000139e-07-1.900000000000000056e-09j), (0.000000000000000000e+00+0.000000000000000000e+00j), (0.000000000000000000e+00+0.000000000000000000e+00j), (0.000000000000000000e+00+0.000000000000000000e+00j), (0.000000000000000000e+00+0.000000000000000000e+00j), (9.996592801000000472e-01-3.116528700000000159e-03j), (-2.498151599999999875e-02+7.788210000000000434e-05j), (0.000000000000000000e+00+0.000000000000000000e+00j), (-4.872460799999999738e-03+1.519029999999999922e-05j)
