3.524659628010896081e-04,1.032509836187534141e-01,1.125283753600290386e-03,2.717606443194532304e-02,1.306915699552811949e-01,5.407222183987623904e-04,2.958337407642801754e-05,4.186056541125784958e-01,0.000000000000000000e+00,2.552856398360124346e-01,2.142831071059799961e-03,4.001448092430903540e-03,1.616030911911808181e-04,2.499156403242167729e-03,5.188982132661196234e-02,3.538838355279606612e-04,1.019775261269982754e-03,0.000000000000000000e+00,8.951435371962854388e-04
5.236587595703113721e-05,1.153545736155660167e-01,3.865738649014288241e-04,3.170319684320350995e-02,1.491679226293852745e-01,9.471350515980780959e-05,1.543654732695869081e-04,3.288943054594306581e-01,1.470484336488826370e-04,2.115545813924092355e-01,4.115708387346710085e-04,1.002824135345619094e-01,8.739501425722198376e-04,5.901540387522858679e-03,5.247556363653519546e-02,2.618213347530429658e-04,7.302827462405696215e-04,0.000000000000000000e+00,1.594391394258009610e-03
7.075259410844154462e-04,1.656093216863973872e-01,1.912791386659169475e-04,9.580907191797832789e-02,1.904626556285079764e-01,6.369305909503101323e-04,8.186562506469409906e-05,1.293881564450123367e-01,1.251686569165080419e-03,1.553053795373976476e-01,6.349080146710478836e-03,2.114980232207610555e-01,2.431273336967559179e-03,1.479650288358873289e-04,3.725200090191611857e-02,2.066202789359119628e-04,6.062814397858521493e-05,1.274761845982333368e-06,2.646615948138617263e-03
5.703271155728104665e-04,1.963657538590782570e-01,3.998551280906474767e-04,1.484536614420865208e-01,1.835326693081392735e-01,1.023984413219653508e-03,1.655912961550922650e-04,8.991925112711335322e-02,4.077023003145063162e-05,1.556014003790407718e-01,1.365498947517246146e-02,2.017470206226669727e-01,4.062320313280277061e-03,5.879485950536541671e-04,1.175189545549097474e-04,2.192588883131409074e-04,6.711555798853322376e-05,5.382953628781672888e-05,3.431884870850090887e-03
7.601073540169163596e-04,2.382654662483946473e-01,0.000000000000000000e+00,1.496130250649115867e-01,1.774611954441730755e-01,4.976470910363918997e-04,1.905245425440302715e-05,6.825791100414059509e-02,0.000000000000000000e+00,1.619477928820998447e-01,2.218135070603899014e-02,1.749005313760719771e-01,3.352528313727445083e-03,2.326941706903958235e-04,8.002525574133875774e-04,8.327407387268820197e-06,4.277912179292809013e-05,1.419551879349269848e-04,1.526726015613444733e-03
3.245759263248906151e-04,2.497243736476127685e-01,4.158903130115427691e-04,1.195856146166605349e-01,1.872381035737801791e-01,3.259542446733295468e-04,6.553666120384281845e-04,5.340678898666813279e-02,0.000000000000000000e+00,1.683017185947139616e-01,6.609238650511026214e-02,1.474253239409788196e-01,3.340854966538711352e-03,5.970192753460510380e-04,2.035863194826020937e-03,1.689827753328294630e-04,5.244345968989658018e-05,1.271605100353924863e-05,2.872665033055914283e-04
2.187831999581462956e-04,2.365193882693751304e-01,1.041484925994711558e-07,9.385110430455409491e-02,1.890362710557494386e-01,5.887596087863798200e-04,2.115138620468237412e-04,6.854224066016302574e-02,3.328290757237735594e-05,1.738565948322213506e-01,1.283442296452004805e-01,1.043908700635684111e-01,3.876157284580876525e-03,2.698923599113017000e-04,8.799205420492110363e-05,2.618722902138681782e-05,2.049883852042861488e-05,1.601765402089279945e-06,7.430678060356411786e-05
9.814189829542183187e-08,2.314914810617817176e-01,9.459751286037374634e-05,8.558716065507632198e-02,2.395941307220700867e-01,4.819200956483661743e-04,1.236603202250767191e-06,9.809020233585845350e-02,5.016085382981942263e-06,1.691082113137545306e-01,1.558497416005424629e-01,1.455971323664201518e-02,4.936138060791828673e-03,1.915773058452753335e-04,0.000000000000000000e+00,5.084070389312644842e-08,6.377724934597361484e-06,3.640978407851616863e-09,0.000000000000000000e+00
2.469841058718358603e-05,2.159556933772398546e-01,0.000000000000000000e+00,5.713665482472952278e-02,2.440903832781990968e-01,5.620131393907128539e-05,7.766273809694891264e-06,8.536073693921605865e-02,1.907906921713645035e-04,1.467673427229355121e-01,2.386665440108363123e-01,5.193229488322102967e-03,4.091718451059102660e-03,7.756500361668895943e-05,8.110768180148768486e-04,3.049348896169434638e-06,1.229433178681463401e-05,1.932669050163132902e-04,1.360429975472291723e-03
8.479876573260048589e-07,2.306615933788973283e-01,4.584319677589354094e-04,3.802199153998291059e-02,2.456119740943418228e-01,4.567210568470768438e-04,2.267209913195551200e-08,7.424467346562262093e-02,4.200433110592386051e-05,1.248113759502832432e-01,2.712361793699079038e-01,5.711889202772165754e-03,3.793999745553438153e-03,1.703247633362560930e-04,1.541275870905981383e-04,1.644034531397344913e-06,3.988787649491010168e-03,7.603085183096123873e-07,5.545366102813160470e-04
2.887545323893605221e-07,2.288093343969801463e-01,1.354173900630686043e-04,1.790299930900187894e-02,2.178841659371251183e-01,5.908817548692810051e-06,0.000000000000000000e+00,5.603129823590162484e-02,1.237940928766167363e-03,1.995859010798414490e-01,2.566408693598253299e-01,4.202207046135956504e-03,9.399311415328244924e-04,5.081636020116051543e-06,4.726583814740241765e-03,1.932689982989713141e-04,1.155032824771869311e-02,3.680126927511602822e-05,1.073525682893573292e-04
1.193168001144300888e-06,1.676145382525253968e-01,1.022031877223869757e-04,2.522172197893457479e-02,1.399671570089278116e-01,2.640075535727658823e-04,4.307909200935786115e-06,2.402977219163852148e-03,9.385151326528818114e-07,4.140161913700460827e-01,2.067681448161445001e-01,2.083833346160184063e-03,2.256601515283206572e-04,2.834741641107339847e-04,1.528105703613328627e-02,2.007743230803946171e-05,2.570026335327102104e-02,2.098791447165775912e-06,0.000000000000000000e+00
0.000000000000000000e+00,9.000208990488203775e-02,0.000000000000000000e+00,1.428909202784457835e-05,1.667946378119398998e-01,4.836999189363825865e-04,9.391680443261306811e-06,6.606181223251114893e-04,1.336865281510979627e-06,5.006667881974613543e-01,1.778183052850726420e-01,1.066676797000056139e-03,1.140053574821244046e-04,3.600801959601517604e-07,2.288835674686117219e-02,1.006233632343546042e-05,3.944969340019927745e-02,2.368030561893960935e-06,0.000000000000000000e+00
0.000000000000000000e+00,8.915827023832333109e-02,0.000000000000000000e+00,1.287776628173313087e-03,1.673386756784340790e-01,4.517638528207877721e-06,2.440698157216707360e-04,5.512968759243373068e-03,5.710696726525218024e-07,4.258904271005536368e-01,2.266234784661181334e-01,3.036987803004953437e-03,3.651528193892852967e-03,9.357630986545242933e-05,2.897784036828899776e-02,1.053069256079870860e-03,4.657809910762150674e-02,2.732876348377757058e-04,3.211091436578806537e-04
0.000000000000000000e+00,1.668532586791591499e-01,4.399088255763466287e-04,1.242818445431915228e-03,1.647571827906616493e-01,1.136956160318315211e-03,7.777024874509523664e-05,4.828638523799426430e-02,2.719868663620439705e-06,2.158513075617385091e-01,3.175878618076928839e-01,1.158602931292873226e-03,2.295083155171331575e-04,1.479138485023480593e-04,3.270510029363285498e-02,3.474888770347904484e-07,4.951580119624891113e-02,6.209201681906892180e-06,0.000000000000000000e+00
0.000000000000000000e+00,1.930593890915961730e-01,2.934139653858604762e-05,9.863126181239008448e-04,1.963065524547606688e-01,1.283991640831470089e-03,0.000000000000000000e+00,6.609665497062852668e-02,6.384569252641342525e-06,9.231761100305727052e-02,3.281125600712807566e-01,1.610304968753150734e-03,2.055398090635492209e-05,2.519596612471265813e-06,7.176333957532354813e-02,0.000000000000000000e+00,4.831381851202906641e-02,0.000000000000000000e+00,9.976165819959306399e-05
6.798497585740728353e-05,1.928037533743864884e-01,1.813110170093896914e-04,6.817440703677643543e-02,2.045426887227078383e-01,1.280259919520771762e-03,1.710610075907342961e-05,6.294394172468503745e-02,5.014550340728256316e-05,7.179129914116293143e-02,3.184556290956243041e-01,1.158940165135568861e-03,4.931974556436542134e-06,2.383161336365685129e-05,3.303510440154613925e-02,1.809715522537517747e-04,4.510746471457257462e-02,1.566818934696966785e-04,0.000000000000000000e+00
0.000000000000000000e+00,1.209943058925991993e-01,0.000000000000000000e+00,9.235603590038612976e-02,2.532941700602667767e-01,1.850747321794321467e-03,4.971383192891300299e-05,6.487452554337691524e-02,4.736781374156972570e-04,8.477617063743268788e-02,3.049596359634902942e-01,1.532762985627286832e-03,3.614652986265939351e-06,0.000000000000000000e+00,2.946790555899991143e-02,7.095021035551091334e-05,4.504833965708900795e-02,1.006703811241685514e-07,2.473970760046579741e-04
0.000000000000000000e+00,4.386758755129527287e-02,0.000000000000000000e+00,2.327737719540153710e-02,2.744305880269838349e-01,1.581993036889735044e-03,2.482022084300628274e-05,3.563837413928439696e-02,3.672431899799712151e-06,2.284803639222875438e-01,3.218672893145601566e-01,1.339762344155003525e-03,1.105113985439549652e-05,0.000000000000000000e+00,2.764982159623754002e-02,2.418395976128565668e-04,4.158986299046162072e-02,4.142563522976827587e-06,0.000000000000000000e+00
0.000000000000000000e+00,7.337416193763438010e-02,1.503647413874774422e-07,4.813045923669586300e-03,2.743452935779527313e-01,6.440446362189240770e-02,9.862626743851359389e-09,7.703316664495281699e-03,2.859861317602133382e-06,2.410065925812878429e-01,2.674482800816017636e-01,1.135035528666619329e-03,3.259299445582645027e-06,4.034282121034170906e-07,2.627840948516294364e-02,4.229024301059847472e-04,3.900708473344321331e-02,9.334284021633199576e-07,1.153094614110903366e-07
0.000000000000000000e+00,5.963888091978187395e-02,0.000000000000000000e+00,7.039527876508240578e-02,3.001707630732314835e-01,2.079553974839305677e-03,1.874362473554088597e-04,4.015322700445512344e-02,1.746951654312859460e-05,1.076235751240112032e-01,3.432395783723109495e-01,2.901771591871541225e-02,1.631433871387654014e-05,4.599827465169211842e-05,1.967165271931430037e-02,1.870500877923900228e-04,2.345879473806828167e-02,4.112230317890015231e-03,0.000000000000000000e+00
0.000000000000000000e+00,1.954164323103087936e-02,0.000000000000000000e+00,1.560494617241591116e-02,3.344879781615559544e-01,2.833128013505789231e-03,7.071766882414954041e-05,7.750269426470057788e-02,1.551909699543698641e-05,5.847595795338618452e-02,3.221312743707340776e-01,3.381389007206747838e-04,3.236892696494790122e-04,4.334827408958449678e-05,1.480054100768150860e-01,8.302189586039156188e-04,1.974572246437251988e-02,0.000000000000000000e+00,9.534450447290279663e-05
1.102323762071926475e-04,2.932192425173337988e-02,1.856795323843360879e-05,3.387583329316663089e-02,3.411263369222882202e-01,9.796060116989045718e-03,2.860896455894924059e-05,5.461311384933417029e-02,3.184008229402511959e-04,4.022351812193934034e-02,2.842051327394912730e-01,2.586795717287766749e-03,1.977146498751508293e-05,1.312194088917898686e-03,1.775831912040229943e-01,0.000000000000000000e+00,2.391839561521492269e-02,5.436117004853918558e-04,3.801446220609614010e-04
2.695054668123026756e-05,8.922916259443549464e-03,1.448805312921934930e-05,1.785076480044878872e-02,3.963174221696582067e-01,2.671058625391801306e-03,5.396876260661177967e-05,1.501936290501299232e-01,5.502748365634723820e-05,4.150687977397032186e-02,3.017857769995532236e-01,4.278094914459465968e-05,4.687569538303002208e-05,1.166893981474434721e-03,3.340846923218031284e-02,2.789056349363696016e-05,4.583084553472730610e-02,4.489505753823069340e-05,3.098842440858187529e-05
3.858214781916312522e-06,5.791882596298067199e-05,0.000000000000000000e+00,3.568680848012875461e-05,3.135345349000696613e-01,2.255697021416577363e-03,3.592413679311361129e-06,2.486212491553263793e-01,3.365543672512798191e-04,1.638044860559167426e-01,2.521920130192323861e-01,8.939454380643355050e-04,2.415430189645114607e-05,1.519191996145191484e-04,6.710361395411757780e-03,2.374192930941277150e-04,9.267695385848827988e-03,1.874985048013227962e-03,8.828682188616539226e-06
0.000000000000000000e+00,3.417824891591821068e-02,0.000000000000000000e+00,1.287806686612265100e-04,2.040778038930760041e-01,8.516141965572171936e-05,3.194402638157315516e-06,2.594459059887367358e-01,1.446443566024265051e-05,2.190000368111768014e-01,2.657577339375402081e-01,8.212690129999079131e-04,3.407038067628603343e-06,3.709175764402261317e-04,8.675514875543405627e-03,0.000000000000000000e+00,5.597320601016395752e-03,1.616113873473119756e-04,1.845407623311314319e-03
0.000000000000000000e+00,8.175500701818173496e-03,0.000000000000000000e+00,1.605498301366628522e-02,2.208215775660641589e-01,3.615109868232834617e-03,1.897122670335633208e-05,3.777304882869355618e-01,6.389711634063279772e-06,9.634570394228604562e-02,2.650112552403740551e-01,8.132936573296630986e-03,3.142100928843358449e-06,6.461673201336367309e-04,2.131396973132093815e-03,2.149921163762605748e-04,1.077502854253078795e-03,1.388227597280359512e-05,4.659129447071436095e-07
0.000000000000000000e+00,2.877174233485365468e-02,5.624364868922672743e-05,6.731671260120255032e-03,1.509608660448997219e-01,5.796900589549469802e-03,1.202812487270265533e-07,4.982421007069132712e-01,8.627949939493140556e-05,7.484591457853782825e-02,2.266890800205244305e-01,3.894127226437148784e-05,8.658548304771986417e-05,9.910015155248741263e-04,1.655126824150368213e-03,0.000000000000000000e+00,3.449994656185416397e-03,1.101429485489848181e-04,1.477407350115084086e-03
0.000000000000000000e+00,1.669010967657369449e-02,1.971710404382283907e-09,1.374747085629067153e-02,1.203846028290836145e-01,5.792986547224168725e-03,1.352086486392095881e-04,4.421691427079983971e-01,1.864989058854621862e-05,8.053993390065529445e-02,2.238016536608406215e-01,8.524639313782340043e-04,2.587591412546004580e-05,1.660115302970151339e-03,8.576617835218795782e-02,0.000000000000000000e+00,3.302648081450660494e-03,4.558324161210343568e-03,5.459350163076260361e-04
0.000000000000000000e+00,4.942167105592017856e-02,1.063051387174320183e-07,1.446368292381303156e-02,1.125190753040496705e-01,5.845791940251226365e-02,4.430592524067247947e-05,4.147368950054278747e-01,1.665646619567079942e-04,7.555032029922641168e-02,2.311454861312792486e-01,4.087334601850011427e-03,1.719259957228714764e-05,7.937684478058255498e-04,2.951683273782660169e-02,2.303061193279107696e-06,3.269687921712454912e-03,5.673302330228969896e-03,1.443364255930309049e-04
0.000000000000000000e+00,2.569262683052684487e-02,1.199498346052880104e-04,1.155575070591819270e-01,1.344358570264363728e-01,2.843089812941652396e-03,2.114711770270619499e-04,3.239226153755126458e-01,1.583518128698641276e-05,1.263849889591236175e-01,2.613740236302974362e-01,2.196661365245751538e-03,3.207850120663856706e-06,4.314146301684258777e-04,4.344202294850902507e-04,1.958045641862486273e-07,3.234328261742208058e-03,3.014199875052349983e-03,9.524745042550020679e-05
0.000000000000000000e+00,2.867593202991516529e-02,2.649736799916386251e-04,2.216475311749958182e-02,1.141981292058224656e-01,1.512262732274905375e-04,3.520405525913532338e-04,1.992308482415747761e-01,1.212152573251154910e-04,3.651534756686680705e-01,2.515037206432527706e-01,1.011520807801213721e-02,2.338623340694080296e-06,7.037810852247811198e-04,1.425999924282210995e-04,9.439146767361815946e-05,4.154744161370948867e-03,2.714614247152233317e-03,2.322964606969734355e-04
0.000000000000000000e+00,1.037423771258124371e-02,2.001340537353028066e-04,3.117250844597614298e-02,9.249369771215927571e-02,1.498493751079309471e-03,1.183057460206825257e-04,3.135341136081097879e-01,9.574441851369018520e-05,3.375980102857126242e-01,1.973610078735265894e-01,7.698255818758528192e-03,3.323222788142973951e-06,1.013617389828816020e-06,2.998744338178926830e-04,2.615142461027010118e-06,4.765962470796681477e-03,2.721480845050775962e-03,9.499040248870817119e-06
0.000000000000000000e+00,9.841350477285679740e-04,4.301850997289068695e-07,3.340375698973978585e-06,1.125621468248606538e-01,2.674153656558766849e-03,1.258113753093076446e-04,5.205706604490407674e-01,5.454146674379218044e-07,2.814246959041583063e-02,3.004927068708449500e-01,2.505704682945870954e-02,6.123322679675221052e-05,1.784028745816299755e-07,1.475580336836595738e-06,5.890220873082953855e-04,4.499789133246852486e-03,3.304413553900223833e-03,8.832509898653970355e-04
3.298337241472400270e-04,1.230355591265141005e-02,2.170218725299690767e-03,2.394879388784736801e-02,1.290786545605673297e-01,2.859999596501261107e-02,7.761766149070397323e-04,4.397040687410638804e-01,4.731009483630873951e-04,1.399147578833624672e-01,1.924235731662561899e-01,6.823328354204371594e-03,1.611332875546133371e-05,9.388395074572101107e-05,5.838731324074618485e-03,4.387580037789105369e-04,6.291266920710101261e-03,4.719269071303095267e-03,6.002626609965954103e-03
0.000000000000000000e+00,1.379046356233533735e-02,1.670888208965494144e-03,7.526817945910346461e-03,1.324154463096305079e-01,3.125852849217582163e-02,1.892078392270875016e-04,3.428289693076223554e-01,3.137928918797493010e-05,1.420282568249972288e-01,1.941057091048826455e-01,4.203572680918222365e-02,1.904403233161273696e-04,1.662787055374662147e-04,7.648791313432566630e-02,1.067632946704655634e-06,6.774045652621303593e-03,2.215402167299366631e-03,6.282912105616225706e-03
3.250039485841068172e-05,3.450803486245434398e-02,1.037376409358557261e-03,7.338056764619920250e-03,5.561393592693237437e-02,1.222435560614623107e-01,9.565816464094222134e-05,2.596039017594501397e-01,3.271004818086644533e-05,1.949797851343778310e-01,2.341162951741936893e-01,7.983224436842124849e-02,1.419340723647183572e-04,3.454272243921278424e-05,4.325833138478939102e-04,1.682730827510805713e-05,6.459326843317319232e-03,6.065876986390799763e-04,2.845309171144639552e-03
8.116939701380184715e-05,4.367720742226423834e-03,2.510339984359822815e-04,1.085398191987154695e-03,1.204888463242201422e-03,2.403326326712075522e-01,1.848243776887433356e-04,2.229264506317026412e-05,5.907895267808020148e-05,4.357689693811027110e-01,1.208540264884848253e-01,1.851163587954852974e-01,8.142906758893238501e-05,0.000000000000000000e+00,1.745246806327978352e-06,1.121383666263285422e-04,8.470973220361980097e-03,9.248196889126040566e-05,1.886427933308880249e-03
1.613297466391322074e-04,6.904929684599925982e-03,2.562328359030620014e-04,3.547370914625228196e-04,3.340385157792094247e-04,2.747442460703887201e-01,2.066086767959513044e-05,1.459365353672075101e-02,2.191515924181882389e-04,3.646932719248074384e-01,2.712234649801755285e-02,2.972707104526093325e-01,1.995617851817656436e-04,0.000000000000000000e+00,5.126821219482054215e-04,1.582982343565624982e-04,1.230359915489556352e-02,5.008526348253524775e-05,3.869560194649583043e-05
5.091002558849763628e-04,9.688353133931999414e-03,8.461694736475789715e-04,1.012735887303412019e-02,2.371734891059269572e-04,2.097735365818386155e-01,4.284313246627126262e-04,1.142212653348510520e-01,5.756903819430079410e-04,2.623499204872613011e-01,4.333663736043739706e-04,3.640050017237621560e-01,2.732836451510076820e-04,1.231763252069103219e-02,4.519742643836378187e-04,7.849266129034698726e-07,1.036324906254725356e-02,5.459504980611946251e-04,2.779553638648213885e-03
2.824200226115671018e-04,7.345863352207024355e-02,2.405361131458793027e-03,3.980697674339808007e-02,5.040560864035047856e-03,1.312278171473383881e-01,1.227379012933760413e-03,2.226127682779535655e-01,1.423355539823423221e-03,1.848199785514150761e-01,5.954672001766510812e-03,2.459504976897767536e-01,2.273825232496758054e-04,0.000000000000000000e+00,7.988110659059177721e-02,4.498309996326167013e-06,1.457443235309437135e-04,2.297429876068025485e-05,5.441742171653734909e-03
1.698990125059655709e-07,5.548998290841788278e-02,2.380854906518440131e-03,8.620775309475589565e-02,3.847670778049100491e-03,1.170026082417634505e-01,1.211572503439911457e-03,1.412590006051981928e-01,8.502409085752550078e-04,1.786174844542112727e-01,5.166528770470693414e-03,2.072808413935361693e-01,1.173554359204942313e-04,0.000000000000000000e+00,1.675275661160670893e-01,2.218836872769390271e-06,2.707469267635919871e-02,7.317780311258309566e-04,5.157165586790386259e-03
4.217648634674117029e-04,1.126973440506164326e-01,7.646831822296062389e-05,2.039423637226950858e-01,1.184941968228253985e-03,1.115127051140821918e-01,1.671617366764559557e-04,1.781174089377281500e-01,6.761196359121924063e-05,1.244324254159217408e-01,1.336648556207618890e-07,2.601328345135680564e-01,1.740250060586099278e-04,0.000000000000000000e+00,5.480901366808558616e-04,1.110753615452803274e-06,4.423559187150216850e-03,3.714021122691752179e-05,1.983998568448884590e-03
1.662221042079172200e-04,6.323851131335543607e-02,3.692991967204652375e-05,3.320353083428232571e-02,1.099955176604235692e-03,1.736115059134723249e-01,1.786516553305651442e-04,1.501816497108035380e-02,5.895102710524764635e-07,4.028639320627927511e-01,6.736026379263082128e-06,3.068510170773599555e-01,2.721117352788461749e-04,7.400022851605492977e-09,2.444702414275084601e-04,2.819012324833459256e-04,6.801589103973837164e-04,4.923539316488269535e-05,2.075875164808030967e-03
5.357615728358757211e-05,6.585295420027567626e-02,1.101015469211163008e-04,1.008473399298117842e-02,3.487910345294621770e-04,2.738646390336624270e-01,6.199703611943503505e-05,3.028198076631776620e-03,8.369096859617164074e-07,3.618933682805446361e-01,3.351862292815387004e-04,2.773776382889062697e-01,4.304016756943903309e-03,0.000000000000000000e+00,1.041809698294691417e-07,3.342493561272742134e-04,1.473655601727968164e-03,0.000000000000000000e+00,8.502205546542014212e-04
9.397351178608714809e-04,7.169279594793140364e-02,1.456119406271018856e-03,6.006261024916040997e-02,1.618197742983178708e-03,3.270423040457031694e-01,1.119463278346687725e-03,1.165344701147289497e-01,2.439422506362396575e-03,1.661540439408289438e-01,6.465795276540952394e-05,2.469998329243004997e-01,5.356564608928046298e-04,6.034737014999292179e-05,5.663531298207678816e-05,9.196636874586192533e-04,3.534789555207330049e-05,2.666339143288837303e-05,2.280166130795569825e-03
1.934425415923610473e-03,3.254197536603486984e-02,2.753263621239909493e-03,1.142764352412416196e-01,9.983809813707044192e-04,1.542604793932814133e-01,2.276639636789628413e-03,8.589169182883031606e-02,4.108593026702232233e-03,1.196610297045202220e-01,5.353348581128312749e-04,1.125023078380363029e-01,8.944816139940032942e-05,1.999067704127779793e-06,2.467818659214261190e-01,8.695102123457075743e-05,1.169208184029767034e-01,1.056162373362824194e-03,3.263787462879100699e-03
1.725711236793175344e-03,3.223525280181954028e-02,2.360324298329590214e-03,1.174320290100992342e-01,4.375246272238604225e-04,6.315662488232146043e-02,2.039508438635278913e-03,5.441778557257741927e-02,3.867199370253971129e-03,7.764393911609894505e-02,7.201493624739587320e-05,1.079803049103765511e-01,1.162924740361241804e-05,4.844117313777463103e-06,3.338928528376791105e-01,1.991249664516196196e-04,1.985156701424773962e-01,1.136464816224306250e-03,2.832577009868055776e-03
1.528860412529866111e-03,3.296723125122974496e-02,2.067434721581641165e-03,1.772862190784074421e-01,3.186749813528595487e-05,2.806503199854404329e-01,1.933134791124191312e-03,7.305624297848625770e-02,3.755254236251578167e-03,5.241160098442897847e-02,6.405394574522653862e-04,3.040993530787366450e-01,5.680122483822527086e-04,2.358727811986187744e-05,3.172349805363926245e-02,8.404643056015007789e-04,3.283454182657771780e-02,1.541986943772044420e-03,2.025704171529865965e-03
5.854349724923014423e-04,4.085860500796677924e-02,6.063980283856238790e-05,7.102495467537661700e-02,1.012202631428364154e-04,3.139185562035572974e-01,1.303026884023615028e-06,5.620751334505844771e-02,9.322596723885976603e-04,1.299276790511768587e-01,1.501507490506828224e-05,3.777384086574172573e-01,2.103010027748297684e-04,1.184204795512141357e-05,6.780044992348081790e-04,4.377595178061618748e-05,7.521318243256537237e-03,6.609173179265043110e-05,0.000000000000000000e+00
8.510164272551966748e-06,5.385308221204476720e-02,3.794830362079286488e-04,3.327240651447788827e-02,4.316601864945302110e-05,3.033035525200315496e-01,6.481506317860650327e-06,6.197962331861917723e-02,3.546771509102639598e-06,1.624257644467241579e-01,1.680340709164822110e-05,3.825917111687081595e-01,7.433934959685753598e-07,3.889755335073560454e-06,2.179088600134133501e-04,3.964121181054592490e-06,1.787885558551932045e-03,2.339539936379049603e-06,1.212937762003376019e-05
0.000000000000000000e+00,2.909707312164313067e-02,1.434675167281492154e-04,1.593712897975992360e-01,9.160137295752146676e-05,3.691944669515748179e-01,5.828523499927665215e-05,5.763260279323392798e-02,1.721510360722397647e-05,5.484121925452759699e-02,6.428776787316787481e-04,3.223296820683131392e-01,3.522790756989477540e-04,1.650033753825857390e-04,4.377388577446089169e-04,1.199532388522999668e-04,5.313208985232568092e-03,8.351448553568130873e-05,7.754618270056807281e-05
3.270466938139425603e-03,7.853323563768135895e-02,3.244190683248131778e-03,1.754703251177117396e-01,2.329522667650648195e-04,1.399958971778542671e-01,3.685724011080946088e-03,9.301474691404466866e-02,5.908735253266904873e-03,7.282683094115677269e-02,3.701065558996762634e-04,1.071262045930787415e-01,7.601761720570992479e-04,2.529615681846409010e-03,1.971825995723112124e-01,1.256176382578568992e-03,1.109547462675744833e-01,3.457829221239035276e-03,1.081062769848382482e-04
3.448599036960221017e-03,6.570344657693170942e-02,3.217526763674401127e-03,1.266305220831828726e-01,1.215307023188675949e-06,1.841966734496979508e-01,3.818800504899932859e-03,3.524412845904140168e-02,5.990179801037179286e-03,7.855942175589539223e-02,3.447803685882339791e-04,1.079099876719820938e-01,1.750960866567297059e-03,7.563376645472836765e-04,2.193004712284714053e-01,4.942524507758913155e-05,1.587948953908233096e-01,3.761483257286372256e-03,5.192940357873099700e-04
1.874086407364099931e-04,6.571600667135919782e-02,2.587983269242495241e-04,1.249928346183250827e-01,3.251002319715477523e-04,2.866076319826658114e-01,1.672948960636910624e-04,1.075625243367313300e-01,4.888038407451412602e-04,2.010382735502191653e-01,2.048155119997506306e-04,1.963527284630173508e-01,4.855371646514225654e-04,2.512100096899610210e-05,1.364790585053954992e-03,1.393581852031733435e-04,1.385449699261104457e-02,2.592998702132844058e-04,7.313433033476268513e-05
1.480397550756816505e-04,1.135750414089092266e-03,1.570006939765861793e-04,4.186489474285555110e-04,2.605288279490974144e-05,4.206228529929467719e-01,9.287423786562666941e-05,9.562218752872240395e-04,1.985874670032172738e-05,3.444356328332897621e-01,8.819784444094816585e-05,2.115430694763061614e-01,3.264483877543751197e-04,1.024422445117870444e-07,3.769007284295629247e-04,3.088112873684768691e-04,1.907374275743376618e-02,2.781252558366887253e-05,1.159126530481012295e-04
2.850137297755494289e-04,8.595052120655291908e-03,1.611815235444130775e-04,4.202461611466216419e-04,1.856460404625339896e-04,4.566482083418344495e-01,3.032186843758943439e-04,7.497710621235200747e-05,1.561487195230551201e-04,3.053966752151126562e-01,2.096893234894425806e-04,2.035606761759584382e-01,4.959223679708546191e-04,8.802402009372164526e-05,7.220159462565507681e-04,3.295466869477344603e-05,2.233564162285387941e-02,1.745510553778011704e-04,1.132059843214964741e-04
5.876761920964205870e-05,9.000919418565121331e-06,2.536336167261365386e-04,3.209821605757119233e-03,2.112147000122952954e-04,4.336894128427694617e-01,2.245840599518768267e-04,1.311899315768510488e-01,2.663266582743128779e-04,2.051808772067441888e-01,2.966217316671689139e-04,2.084880244877489741e-01,4.363935129659064402e-04,0.000000000000000000e+00,1.212565610555067525e-03,7.252092550838504029e-06,1.496595179857117784e-02,1.754339586119927762e-04,2.958443439597930770e-05
1.554392455237540950e-03,7.226664964612092290e-02,9.674565426220399673e-04,5.018452344066591519e-02,1.346365918669268080e-01,1.892754905355617523e-01,2.092703643639392663e-03,2.297693468245293469e-01,4.104491242414402830e-03,8.249320486732082680e-02,7.329063139856415972e-04,9.669887020562341340e-02,1.046859267598879498e-03,0.000000000000000000e+00,7.710366727174382262e-02,2.451695621454253037e-06,5.501579766879599598e-02,6.841675173215555584e-04,1.314920469497782253e-03
1.687112642279484315e-03,8.523090374931403812e-02,1.055259238962207458e-03,8.024003726929224145e-02,1.556555301671500025e-01,1.629947993345967905e-01,2.303287979521805463e-03,1.826295401584205058e-01,3.937115901624834401e-03,7.667015923604654504e-02,9.586103686461626807e-04,1.086221579052624592e-01,1.247797736006099525e-03,0.000000000000000000e+00,5.449459397553226697e-02,3.389492142593370622e-05,7.988845276435652121e-02,1.495556747327685999e-04,2.172155117653949783e-03
2.173269552964221258e-04,6.341620485451386624e-02,2.379701183271955083e-04,1.157315868178637047e-02,1.359331601813824897e-01,8.070407423299152949e-02,1.957215296381247991e-04,1.847279146744689182e-01,1.927525258846377845e-04,1.217737721647077359e-01,6.014911953854411211e-04,3.978753206271046783e-01,3.264385754919152654e-04,0.000000000000000000e+00,1.275831274877662789e-03,1.776690803354995384e-06,4.145850998004213745e-04,2.186665775123884799e-05,4.561793092201520583e-04
2.345637733833444774e-05,3.103702857813118651e-02,2.112090851970017057e-04,6.739087117091260674e-03,1.349713429016052568e-01,2.741146152989804366e-02,2.948904359360965920e-04,8.118124666772497458e-03,4.435188690311786476e-05,3.566348698711905851e-01,3.897855329961993475e-03,4.280396675097003500e-01,1.953846708184615004e-05,0.000000000000000000e+00,6.237475153618368814e-04,1.020831640321303011e-05,0.000000000000000000e+00,1.872133093993239218e-05,1.891717417593688803e-03
8.685420699346273503e-04,5.751318062763781207e-03,9.972722857845074231e-06,1.026685813577337498e-03,1.704138930159370680e-01,4.306511005889630123e-02,2.431342465585251768e-05,3.832424830436733775e-03,1.587076736513260572e-04,2.998285993767035307e-01,1.696034803147015158e-01,3.039997370767648088e-01,1.419787695392513746e-04,0.000000000000000000e+00,6.854126660675660275e-05,0.000000000000000000e+00,0.000000000000000000e+00,4.179214265281907766e-05,1.167277903290713046e-03
8.427825692220685420e-08,1.963638436961452627e-01,2.055677386994582162e-04,1.121896059800111221e-02,1.793481186035671138e-01,7.909647967979737499e-04,6.896883836342198649e-05,2.037728802804897668e-02,2.513772224436764164e-05,2.220847643791351855e-01,2.210170268319798514e-01,1.463633011174166054e-01,1.362221448831619163e-04,0.000000000000000000e+00,3.610025980325632462e-05,2.443061046021794366e-07,7.588599979917240576e-04,1.179695335032771097e-06,1.158018223554187123e-03
2.304397836909249063e-03,1.707843148079864204e-01,1.084495941834745167e-03,4.914203949678701971e-02,1.724325888887481839e-01,2.197667292709826192e-02,2.263942579018738029e-03,6.893532303704806574e-02,1.647095062411419895e-03,5.460485376582353834e-02,1.958289848984141324e-01,2.140593296259783035e-02,1.082037460841794082e-03,0.000000000000000000e+00,1.207851678700224279e-01,2.858692146915340582e-06,1.156826766247208982e-01,8.695153913649995497e-06,1.062570345982586953e-05
2.589491241134768591e-03,1.201594666398640571e-01,1.926893029629163758e-03,4.816285637616323639e-02,1.826944130103812791e-01,1.921645651814494343e-02,2.615248615281319088e-03,2.335727521200946233e-02,1.729877421431624297e-03,6.001018417510872033e-02,1.963747572231911986e-01,2.575989934675488799e-02,3.944736585311150036e-04,0.000000000000000000e+00,1.374437906648660890e-01,2.993741360322328676e-07,1.775135917125175711e-01,3.595628365794678068e-06,3.226213865908007127e-05
2.749762458501299207e-03,3.246425857783836189e-01,4.525238720222644873e-04,4.553176710988147274e-02,2.165038048478697685e-01,2.189164253466248031e-02,2.268496136696123659e-03,3.264578663907027889e-02,1.012317605959440819e-03,4.528851712599955837e-02,2.339349278901024232e-01,1.810892029643617479e-02,4.991406829441482501e-05,0.000000000000000000e+00,6.934160303705899165e-04,7.858467854843948194e-08,5.393215301605903955e-02,4.161246081687339628e-05,1.727686561953912744e-04
1.079552246403539398e-03,1.283433370840168508e-01,1.670598410885420156e-05,4.165715397607181597e-02,2.269509136613430400e-01,1.256503810112754305e-01,4.493015668825880852e-05,2.236665116832649985e-02,2.200523359639257467e-04,8.035418992671121419e-02,2.881598128111966250e-01,8.329360584001127554e-02,3.899028995600989042e-04,0.000000000000000000e+00,7.905925635639550605e-04,0.000000000000000000e+00,7.416488755744803487e-04,0.000000000000000000e+00,1.637088475649753827e-05
4.034387234811106821e-05,1.673165975973448655e-02,7.732600743874575716e-05,7.667805068754726672e-02,2.915084988934249499e-01,8.905729112667208625e-02,1.385477996846047524e-03,3.638229370876635421e-02,4.470716092554549676e-05,1.007447809895481300e-01,3.295820975840852984e-01,5.500940364162153901e-02,2.470839180456713222e-04,0.000000000000000000e+00,1.506251491053631902e-03,1.358844442789711617e-08,6.374031449483056732e-04,7.263179537692838190e-06,3.369295968031899556e-04
2.167522842753264107e-04,9.799756484377741828e-02,2.828748801532951788e-05,5.882558067072006514e-02,3.015864708832827201e-01,4.007892948499233721e-02,1.122966290466493721e-03,3.530060704237693997e-02,2.942557323540238677e-05,9.997154692083831673e-02,3.066441404523692627e-01,5.501246311549798373e-02,8.279283066011140909e-04,0.000000000000000000e+00,1.052500980971494190e-03,1.565376925104634996e-05,1.017462876523618021e-03,1.304319846998465361e-04,1.425814134635116606e-04
3.988501675023184249e-03,2.359636297587612563e-01,1.434249484579975826e-03,3.676620310674782316e-02,2.793912291672672743e-01,4.255927865428019673e-03,3.377542410652731742e-03,3.210977893472717615e-02,1.453115020010871915e-03,3.025270988900241945e-02,2.623718907805790979e-01,9.952735629635906661e-03,2.746998815974818455e-05,0.000000000000000000e+00,2.675546290943776884e-03,0.000000000000000000e+00,9.603131940326291305e-02,0.000000000000000000e+00,5.996461688776871552e-06
4.450035425272389975e-03,5.826256613860707201e-02,1.780222524849282666e-03,4.358003215090183041e-02,2.221497728192836363e-01,3.871707130915430246e-03,3.725047153250564142e-03,7.955472340742876514e-02,1.695989523126434926e-03,3.369318572858199384e-02,2.088814090904737852e-01,1.313603969815849495e-02,1.446288524516179324e-05,3.360588252432798479e-03,7.081147594598341533e-02,6.059746195609736611e-07,2.479224585160024752e-01,3.050168242888027636e-03,1.048841772694256170e-05
6.005307088796880098e-03,6.321498913939485598e-02,3.585522232316830111e-03,5.136288342004367152e-02,2.215011292447662261e-01,1.010586104276547069e-02,3.366330476329093199e-03,4.966697766024585209e-02,3.317446799988145543e-03,2.540600295901657493e-02,2.202654897779376952e-01,2.384577406440582803e-02,1.385382188526910118e-03,0.000000000000000000e+00,3.838600800462914353e-02,0.000000000000000000e+00,2.773543609523814735e-01,0.000000000000000000e+00,1.245867510606700913e-03
5.432093394383477949e-03,1.578479545248419880e-01,2.829771675899731172e-03,9.227479886142589405e-02,3.198081182631861696e-01,4.702549656331133851e-03,4.878347032934517852e-03,8.233103056866668268e-02,2.963398430747108889e-03,1.165834677137003207e-02,2.602836955786411166e-01,5.159205184294380206e-06,8.944459782286103174e-04,0.000000000000000000e+00,1.225561653207146587e-03,2.725458977393833127e-08,5.201590874915202473e-02,1.057901274014794945e-06,8.223432533092100982e-04
6.152999362086960383e-03,4.391826708695206055e-02,2.130139954466559685e-03,4.713974559103208117e-02,3.511826093024599249e-01,3.699407376408098136e-02,3.665514399803908654e-03,9.793559112465917427e-02,1.619738422764240840e-03,2.420114244628622513e-02,3.139947229827947939e-01,6.790470098412532129e-02,7.256544166059885671e-07,1.833238101233667798e-05,9.360763475921223356e-05,2.762678207274566616e-04,2.295278592533250318e-03,2.735456041601046326e-04,1.630636958580619210e-04
1.634753870438215937e-03,1.257442083411481060e-01,5.937014398497816300e-07,3.645597643376166652e-02,3.118329296493295710e-01,9.185980688484524093e-02,1.240574059658093933e-03,4.706830214765053005e-02,1.771042674136687474e-05,9.173288157897635520e-02,2.877482942414802958e-01,1.086918999564136347e-06,2.699640553281986528e-04,0.000000000000000000e+00,3.230784327115834419e-03,0.000000000000000000e+00,1.126390632292664958e-03,2.132503492931598674e-09,2.509160607761995988e-05
0.000000000000000000e+00,3.428215312535634607e-01,3.955749136195723476e-04,2.879598487876959458e-03,2.171673262597702547e-01,6.488810052047676302e-02,3.941939386890229262e-04,1.110344076929818818e-01,1.242703974585892353e-04,3.150225726522223625e-06,2.496658705574957282e-01,1.776001149605575466e-03,4.117541026227308039e-04,8.161382492911752116e-05,7.992226455228696597e-03,0.000000000000000000e+00,4.674159123374882680e-04,0.000000000000000000e+00,0.000000000000000000e+00
1.785663048350966510e-03,3.400266697378887537e-01,2.931028603822997277e-05,3.704704963223084263e-02,2.006071310626338644e-01,1.093832514627383033e-02,1.565933869134272837e-03,8.522269436293399003e-02,4.246057446870083656e-05,4.019049342251964632e-04,2.670259295550579948e-01,0.000000000000000000e+00,2.871179866990516559e-04,2.659898695371825196e-06,5.346226574638354712e-02,1.437671161389295189e-05,1.400355558798148208e-03,1.362903662471864528e-04,4.271947120304884468e-05
5.759630991846623888e-03,1.903215277384265880e-01,3.339516444904680210e-03,2.135022262552316655e-02,1.879223988631693598e-01,3.639297716903550084e-02,5.410563009325295054e-03,6.409006022776160549e-02,2.269012586687321493e-03,2.287902147511519490e-07,2.512572663565368902e-01,1.593305920578133735e-04,1.696120023880767105e-05,0.000000000000000000e+00,9.670384616911351094e-02,6.344734759737264242e-06,1.350217128671726274e-01,2.068597357722545814e-07,7.392860041234136019e-05
4.934362207960307257e-03,2.183763220292635754e-01,3.200848120700111425e-03,2.057773577835439460e-02,1.586580960083918967e-01,4.508124328193646724e-02,5.280286750540151217e-03,2.392374120279026906e-02,2.001827377760297295e-03,1.373335884926271400e-01,2.156881671184879834e-01,2.474315038108042156e-04,5.252493248082974308e-04,0.000000000000000000e+00,1.002975989907012137e-02,2.364919056691229912e-07,1.540962867687692139e-01,1.005535396131425967e-07,1.817312744815845207e-05
2.879930290792182598e-03,2.230081894766121064e-01,1.866225939109742230e-03,1.363750748000332538e-02,1.355305400484258793e-01,2.796530951401527895e-02,4.046032867631244381e-03,9.150196146772916761e-02,3.480300886982743113e-05,2.660980858216403788e-02,1.477051206448423970e-01,3.017455622757362899e-01,1.044732833615008767e-05,1.309101758784047111e-03,1.768454686474612778e-02,6.537833381256038081e-04,3.156806665218401912e-03,7.553593911301992044e-07,5.905907450040577891e-04
3.240934860114842633e-03,1.289215848163492717e-01,1.570761118730555498e-03,6.784556779959975692e-02,1.881510906996041455e-01,1.475397678751802152e-02,3.252628230268699971e-03,7.905753139236880445e-02,0.000000000000000000e+00,4.819245705520362744e-02,9.026623870929986748e-02,3.517334011649667080e-01,4.155714572775002038e-04,2.360623985547191119e-04,1.995885423334187517e-02,2.273111734964677750e-05,2.325891110865309190e-03,2.805215342247836729e-05,2.227800855095302120e-07
1.129749078541571251e-05,1.402041433255884761e-01,5.277785856262698231e-04,9.274375659481350065e-02,1.839152530587794265e-01,8.050775446144911585e-02,1.614101732497510945e-04,2.094826170124607090e-01,4.306547949461917595e-05,5.913419662344568304e-06,3.591104102289247035e-02,2.330025767404859116e-01,4.524894106145373810e-06,5.234558829377625438e-04,1.676581007465997863e-02,1.243604994787323196e-03,4.997858048124293601e-03,0.000000000000000000e+00,9.046774866554281870e-06
1.737143194572153115e-03,2.676121064065083988e-01,1.114582703244853873e-03,3.571451207639112641e-02,8.484999274528474966e-02,4.729943322181464488e-02,3.185535476344258932e-03,4.630660346851496745e-01,1.948919312614360295e-05,5.856097628919765132e-06,1.297863137586242541e-02,5.882191592285625215e-02,5.757455888544997860e-04,1.045161581562029183e-03,1.841229918854613359e-02,2.830827293336843270e-06,3.318480829571104906e-03,2.626681976487945645e-06,2.841724069755618824e-06
2.372797685168869926e-05,1.342172644948483040e-01,1.671208513237793541e-05,6.845364978227974628e-02,1.188982786218726051e-01,1.023892924113523062e-01,6.468118665577259237e-04,3.899625533184200576e-01,8.837914765078193634e-06,2.374818676834152641e-06,1.017690100079859418e-02,1.310716736538881932e-01,1.840645850462521715e-03,1.181030474581792281e-03,3.884956991524129988e-02,1.166410814073699776e-04,1.496432615834095321e-03,2.462268150396155274e-05,5.785300004865804539e-04
8.691525597345774699e-04,7.470279929688046494e-02,7.440506983841648500e-04,9.092051575492078597e-02,9.144083809228981119e-02,1.117534446562928052e-01,1.840093757264503601e-03,2.158123187061731785e-01,1.208593928413330203e-04,2.976075999115936837e-06,1.019447826619969237e-02,1.099711942484651733e-01,1.150961140111894567e-03,0.000000000000000000e+00,1.030534180060575927e-01,3.164296579203673720e-05,1.862297056803990380e-01,4.586356546793445791e-04,6.702992428015085678e-04
4.926047699811634661e-04,1.166383023818887699e-01,4.178060211035853548e-04,1.363015957369652364e-01,7.184170512763082828e-02,1.346672661046728614e-01,1.353815863279581250e-03,1.845979466646623102e-01,4.197022146640754024e-04,3.325214204539829144e-06,9.410364096059012362e-03,9.745639312585858971e-02,1.683410781515851801e-03,5.072172621151154956e-09,2.365237408521584511e-02,1.165831687132951121e-06,2.189503285532854171e-01,5.163140868448884077e-04,1.528485531821047487e-03
1.720760179723803329e-03,1.076708219781282172e-01,2.809785232330627800e-03,3.127446429824569107e-01,4.255351767980942307e-02,1.512459330581044370e-01,3.239830104624069791e-03,2.452837815915180075e-01,3.378461898053630811e-05,1.243901432985320044e-07,9.430719300497032373e-03,1.163947785207652547e-01,0.000000000000000000e+00,0.000000000000000000e+00,3.266177084202611346e-03,0.000000000000000000e+00,2.043934480611324465e-03,1.466906140377880136e-03,1.887804587295694044e-04
5.889267001524263467e-03,1.498215142410298795e-01,7.291462337648418196e-03,1.686239513144358049e-01,8.233119532861838535e-03,2.836300386919710648e-01,7.599807858682745658e-03,1.090425234612437955e-01,3.351111168181139955e-03,7.970381504252653515e-02,1.450484117091557258e-02,1.560803044691848607e-01,2.648405813660611595e-04,0.000000000000000000e+00,1.668568820330065859e-03,1.319304406613590147e-05,2.727922958563037351e-03,1.452725361222810541e-03,6.720468252185710849e-05
5.392676363560162771e-03,1.534934868640503991e-01,7.266510961385050892e-03,1.213820166902851577e-01,1.056480810806485586e-02,4.402547952081342642e-01,7.258716535785142941e-03,1.264542432984175346e-01,2.915506559042083459e-03,2.165043190794916500e-03,1.526656412224796852e-02,1.004892544933700255e-01,1.005109898148653414e-07,0.000000000000000000e+00,5.443892011753486727e-04,5.791281018852152733e-06,5.402960983111449941e-03,1.093027896239361909e-03,1.176620703406488187e-05
2.177439496815182941e-03,7.594627452854561811e-02,3.198388931395720891e-03,2.311875654212408870e-01,3.919994097781926215e-03,3.518389371454885839e-01,2.958378060664868317e-03,2.326857103772695945e-01,2.896416064951199955e-05,1.000049785670550245e-04,8.101303492713986601e-03,8.585705673924756698e-02,1.327450836819937384e-04,0.000000000000000000e+00,5.179023604892389263e-04,2.553199439457088356e-05,8.100621853142303888e-04,3.210808377679197703e-04,1.814129694676609522e-04
5.428900292993975828e-03,7.662344432018484974e-02,7.975786525168655425e-03,2.652624250581317455e-01,8.349062538497277128e-03,1.275435685278272224e-01,7.385435796193398628e-03,1.338125292471817607e-01,3.047169523190216590e-03,1.238830233083559537e-02,1.510622767213097226e-02,6.845975311372883010e-02,4.763511911844767448e-04,0.000000000000000000e+00,1.402580215060483804e-01,3.121872875958361547e-05,1.277707129050986712e-01,2.941551511135413697e-05,5.608175912398483744e-05
2.485648447975282328e-03,6.396747272254192651e-02,5.447254881686818505e-03,1.348764799741626330e-01,4.423862193401104786e-03,1.434514940232175795e-01,4.654254874014487550e-03,8.992955633727929554e-02,1.925938370782601729e-05,1.481378535236635820e-03,1.037337592106092783e-02,4.164546676093207334e-02,6.738160138138712041e-04,0.000000000000000000e+00,1.900651807577834473e-01,2.747383654876502470e-04,3.043094702369651405e-01,8.721205786546199802e-04,1.117228677922103060e-03
2.845910150657997469e-03,6.663018608841120294e-02,6.046179534107486153e-03,1.802862384744665647e-01,4.092780467520866494e-03,1.328070537719181210e-01,5.060166301103456027e-03,8.998273300553685794e-02,2.648502568892998309e-04,0.000000000000000000e+00,1.129651942191672691e-02,5.870517317740460428e-02,6.978145133234217980e-04,0.000000000000000000e+00,1.079292786896009354e-01,1.456366382450881465e-03,3.320494340957534929e-01,8.289052291927195105e-06,9.031104647616704109e-05
0.000000000000000000e+00,7.210784107205685245e-02,1.487201152250328942e-03,3.289422851044682683e-01,0.000000000000000000e+00,1.408397384819056186e-01,2.289630589456010821e-04,1.105288287228440858e-01,8.588214678206518553e-04,6.425531854991378320e-05,7.445753297604751873e-03,2.076881115805644107e-01,0.000000000000000000e+00,0.000000000000000000e+00,1.256058441466214931e-03,0.000000000000000000e+00,1.289936666781446306e-01,0.000000000000000000e+00,0.000000000000000000e+00
2.624090394753707950e-03,1.175402631248272656e-01,5.039428004875950648e-03,1.584221395120925246e-01,2.237664297654038889e-03,1.878196875962175605e-01,3.562414050941779733e-03,1.608178078319228710e-01,4.788875173181097338e-04,3.370902629152032481e-02,9.761351924468563909e-03,2.891998095115299594e-01,4.899290100629918399e-04,0.000000000000000000e+00,1.892930649953338332e-02,9.038586714341351774e-06,9.228912801808214147e-03,1.567173052669140526e-05,1.250215002967243038e-04
3.165421168696409566e-03,1.188643311009873749e-01,5.682241592000042071e-03,5.355722277938845810e-02,2.491511911308594198e-03,1.962936887858218182e-01,3.997707851854477232e-03,6.295128395032667523e-02,2.940930384035592409e-04,2.318874998151271016e-01,1.063195843833505440e-02,2.142552726990175072e-01,1.165460315691374191e-03,0.000000000000000000e+00,4.404518845512771230e-02,6.367764944248914668e-05,5.061784050225651838e-02,3.296900400690576549e-06,4.321886038864087908e-05
3.686278205637960083e-03,1.171097888105880336e-01,7.654928807019432263e-03,1.138567339421211744e-01,3.071157721786262843e-03,2.961221456814314701e-01,6.047677054892008040e-03,1.556983700898483813e-01,6.817398960217970144e-04,3.229589083207668604e-02,1.141101363405637621e-02,1.201960972483915174e-01,1.303137077641825046e-03,0.000000000000000000e+00,5.290919056513505858e-02,4.421254331781745094e-04,7.708595829947544054e-02,3.087482582770572856e-05,4.392694396175330761e-04
3.711490643857027170e-03,3.830397954491773782e-02,7.124795428872628122e-03,1.609666228280717259e-01,2.546501893373055280e-03,9.825908470415842255e-02,5.437090340945046826e-03,2.514816776028945822e-01,3.232646900284258103e-04,5.353319656775230168e-02,1.105998670789550865e-02,7.158286599552181328e-02,1.113158971700972883e-03,0.000000000000000000e+00,8.216065007107298257e-02,1.799088766110183455e-05,2.120808247756014453e-01,1.307957448996411258e-05,2.899317611254760671e-04
2.767420784585296507e-03,2.953616293979891352e-02,6.113088761732389867e-03,5.480084011523304183e-02,9.396804684407857565e-04,1.138589016678943355e-01,4.412158919479259450e-03,8.151825682094866743e-02,3.088344530236865619e-04,5.190096249716380505e-02,9.483970993189656806e-03,9.397265338647906030e-02,4.775629174647440592e-03,5.348195772380875870e-04,1.942089931458876317e-01,1.107214213866942413e-04,3.499688384743093184e-01,2.276894832262364450e-04,5.766958897766348655e-04
3.065844017989356827e-03,3.064031391357003101e-02,6.679874308120010117e-03,5.498253900019416107e-02,1.368264349981582672e-03,1.133467960109416500e-01,4.972411157193852918e-03,8.359746448702451427e-02,2.220570167580206830e-05,5.391292770454103600e-02,9.989466609847733741e-03,8.843035838510883428e-02,4.763335076311344014e-04,2.761061750895355102e-04,1.961485688791269055e-01,1.145098127499888759e-04,3.519126779086568235e-01,1.179296008777109661e-05,5.478271742951831835e-05
3.198432756002613994e-03,3.824785289790601922e-02,7.136054191550269751e-03,1.612871431376475817e-01,2.269291055799142320e-03,9.551623171309929494e-02,5.414907471747839630e-03,2.521243318064981809e-01,2.613781268462700771e-04,5.419146996009522460e-02,1.101024468954662529e-02,7.179419529738162442e-02,1.203095995327864995e-03,1.264608936890682621e-03,8.250251272746658704e-02,2.278085506953109380e-04,2.117040371463760340e-01,9.466711833548117786e-05,5.813858305683023038e-04
3.602552353104626886e-03,1.173050642121431786e-01,7.661816455453726929e-03,1.138484768453819213e-01,2.424290141926302260e-03,2.946556812446517459e-01,5.990703244807597805e-03,1.560894288041692335e-01,5.505993621413144724e-04,3.394083138389546866e-02,1.127832396261115727e-02,1.184558445403408322e-01,1.460179724079545055e-03,1.445399949837866335e-03,5.259504987741061427e-02,4.577697080275580383e-04,7.724915054325724728e-02,4.680521765162728819e-05,9.728912978677765932e-04
2.651833694931891253e-03,1.153701400627788892e-01,5.352258849407530786e-03,4.606016530590918007e-02,1.127393237039571753e-03,1.911235772257630916e-01,3.690324305350142341e-03,5.882935274483844235e-02,7.055883858686026896e-05,2.621311085070765490e-01,1.030373821104147575e-02,2.094506883094148231e-01,1.217081193364254145e-03,3.322341106067320648e-03,4.110096208969049592e-02,1.452793916032773867e-06,4.795014329390056423e-02,1.620595327226937579e-06,2.579408528629162085e-04
2.738110112941696556e-03,1.166432846423271913e-01,5.186724133155435658e-03,1.575312165003318332e-01,1.169582481801695719e-03,1.848822617763299370e-01,3.592448092006227112e-03,1.598566932635411553e-01,7.551444319672554416e-05,3.805920895745670135e-02,9.625171668955686058e-03,2.869705887000681965e-01,4.824492972841981013e-04,3.150662029586982424e-03,1.987884376895996882e-02,0.000000000000000000e+00,9.768936256237256005e-03,4.412578140306836639e-06,3.978607683733635680e-04
3.625394287120434379e-05,7.019455364829513266e-02,0.000000000000000000e+00,3.263649889737915144e-01,5.823594886282918229e-03,1.372004108802575006e-01,7.457692965443367969e-04,1.084120411850777732e-01,7.698576067798979048e-04,4.277956289221159576e-04,5.588935004489795424e-03,2.037143910712723716e-01,7.577259318890738286e-04,8.428740595054177857e-05,1.043601572181598013e-02,5.485152929537473498e-05,1.291145153733255779e-01,6.123338982505423678e-05,3.799671424152291214e-04
2.439918581465956669e-03,6.827322759100813709e-02,5.898813080924373252e-03,1.811495789994331806e-01,2.281361790202334535e-03,1.332131111812633328e-01,4.643168640435547077e-03,9.141316112812850059e-02,0.000000000000000000e+00,2.930937576034900005e-04,1.137827393321738136e-02,5.103760945676149435e-02,1.784148441217434545e-04,9.018501581191526928e-04,1.107462373482124285e-01,9.689312016518144112e-04,3.350338946171881327e-01,2.591615939476522992e-05,2.900710946653632031e-04
2.285322958642361027e-03,6.626111685543270569e-02,5.538202134886579218e-03,1.339811768642455159e-01,2.472130182585522990e-03,1.407296526355294730e-01,4.448019285897299863e-03,8.907988772353817031e-02,6.723996616545960595e-05,2.729431717812604106e-03,1.016244354689201275e-02,3.979941394881251343e-02,3.185306689325699114e-03,0.000000000000000000e+00,1.906832551197156500e-01,1.179966497028742841e-05,3.043070592100683425e-01,2.523988712405940242e-03,1.782601782177356932e-03
5.557187684383976464e-03,7.393619175640131491e-02,8.481780917062147970e-03,2.623525119505219494e-01,6.630000904058745009e-03,1.206715342742610692e-01,7.518546338001867897e-03,1.312971628585861417e-01,3.104072330730172670e-03,3.269213700968982839e-02,1.509780268046760979e-02,6.349619308410033025e-02,1.349955879105536102e-03,5.174754979429087905e-04,1.394429786079573186e-01,0.000000000000000000e+00,1.264528214430142850e-01,5.991027335017215039e-04,7.728210477185310911e-04
9.718948484134947883e-04,7.888118367885445237e-02,2.563730012116418721e-03,2.316622400297962958e-01,1.336411541773066970e-03,3.465940433063559034e-01,1.698435793066485188e-03,2.332831697772172197e-01,2.255789327061591203e-04,4.463948721388841240e-06,7.070048446560815020e-03,9.006950594260994258e-02,1.358326938864009084e-03,5.574939374298807472e-05,9.473903949165096445e-04,9.230299678266820390e-05,2.258295789792210372e-03,5.255677963898973924e-04,5.703395275673500513e-04
2.816131755589150205e-03,1.510614537882346287e-01,5.039116140969878734e-03,1.288351608066103382e-01,5.886042613282006959e-03,4.419305039683448788e-01,4.673505264739169496e-03,1.337912580438605503e-01,2.423104430797932084e-04,1.210275782925158551e-05,1.260271516250194117e-02,1.062001270930716529e-01,7.799383264981566213e-04,0.000000000000000000e+00,3.117418236939343851e-04,1.779202219842197945e-05,4.682631085887557082e-03,1.113136273318010995e-04,9.890605542592129009e-04
5.804661014765823135e-03,1.500824839019331558e-01,7.594916894258774837e-03,1.678263902982004285e-01,1.035782606753491396e-02,2.776628682453296526e-01,7.487968606189996865e-03,1.078551559725424019e-01,3.248675354330520567e-03,8.649571655726320807e-02,1.535131179270699323e-02,1.535751044633669737e-01,1.149168578294475673e-04,0.000000000000000000e+00,1.973893129802926737e-05,1.119867905237558442e-06,4.720572131377583427e-03,1.724268932688793540e-03,4.817704084099481947e-06
3.143531123594555353e-03,1.100403038302794345e-01,3.765104764815572873e-03,3.152320298037753488e-01,2.715834554328038636e-02,1.531352002739500839e-01,3.787297135263541052e-03,2.471694919423450820e-01,5.359835050135458145e-04,1.058206181347310363e-05,1.110039783880969848e-02,1.187405596106282241e-01,2.562243536944468778e-04,0.000000000000000000e+00,2.873048671271693187e-03,2.572128952183866946e-05,2.912016412538248698e-03,0.000000000000000000e+00,1.167389458294148087e-04
1.219574049086797306e-03,1.186124893919727058e-01,1.303591360398007222e-03,1.381921920908580070e-01,5.445218817660728988e-02,1.352742408546113995e-01,1.652722405555451333e-03,1.858334748353247801e-01,4.502179445759190443e-05,7.416001367884320399e-06,9.831152822700261334e-03,1.072092447052300779e-01,6.773662677700846351e-04,0.000000000000000000e+00,2.529129817217767862e-02,0.000000000000000000e+00,2.201896837122110373e-01,2.199156399978362459e-04,1.863933086946221196e-05
1.526461036888598737e-03,7.594730584605900725e-02,1.528221325839054703e-03,9.206165381022694827e-02,7.515875539444183406e-02,1.137346215233528829e-01,2.110799752276377051e-03,2.169999534478859737e-01,1.250772782865024527e-04,1.639743785154699162e-04,1.116279887994734918e-02,1.122907177935126150e-01,5.959819737464002289e-04,1.728888985026978253e-06,1.044491979426527550e-01,3.576974932884022378e-06,1.872657013267240156e-01,7.211560805195141571e-04,4.040100843683103876e-03
1.727495854464409554e-04,1.361108319431530989e-01,1.706791127441129179e-05,7.036419935444859775e-02,1.047869972239390407e-01,1.056951108402096190e-01,8.310193220443644899e-04,3.919476849282959030e-01,1.035590072404461628e-03,7.730995480225131579e-05,1.137799719475456744e-02,1.348713154113532209e-01,7.485880102997398032e-04,0.000000000000000000e+00,4.062141179244402323e-02,0.000000000000000000e+00,1.123513674252386157e-03,3.887162369563133455e-04,6.537004485023865485e-05
2.312939892225632753e-03,2.687897626017692332e-01,2.002977204492428168e-03,3.714858432092799784e-02,7.179552414440415475e-02,4.834319838726646584e-02,3.291020082616025969e-03,4.645699169421825814e-01,9.585442620935500724e-05,0.000000000000000000e+00,1.359669908543080508e-02,6.208446339500391792e-02,3.733695491188648765e-03,0.000000000000000000e+00,1.714348811016470908e-02,0.000000000000000000e+00,4.529792542366770786e-03,6.471008282306543150e-05,7.205714497764963578e-04
6.388483342469841687e-04,1.439884535894456197e-01,5.746586453310009029e-04,9.358740315733121706e-02,1.722594057957064495e-01,8.311251211158658669e-02,6.130960597133064969e-04,2.136331326466149039e-01,1.287893918017162231e-05,4.080132973998947650e-06,3.323738934941969370e-02,2.392165087073955809e-01,1.342817481188382957e-05,3.175467858893621441e-04,1.521076613308005969e-02,0.000000000000000000e+00,3.457484761924296910e-03,2.455150242076690553e-05,1.179053769397497077e-04
3.664558986475116922e-03,1.313720964150925097e-01,2.012084406304323007e-03,6.861639729668489451e-02,1.784977013620999697e-01,1.473118637015941729e-02,3.409562515964754958e-03,8.162080351682059198e-02,0.000000000000000000e+00,5.013690455269153440e-02,8.500683690663025927e-02,3.568637907339686777e-01,1.740989939505467208e-03,9.778643428706809396e-08,1.806526142143436917e-02,3.536553440593223791e-07,3.359024845970862757e-03,1.579309282394520867e-05,8.663574192717597797e-04
2.532264373372329364e-03,2.307958779981209296e-01,9.094491805774184692e-04,2.009784348282716779e-02,1.345765426664105868e-01,2.373631797876238000e-02,2.197971275144157410e-03,9.915220829570589589e-02,1.408705334651803398e-04,6.042018445755749199e-05,1.515265294087430881e-01,3.122503782280505180e-01,2.643174524896318270e-06,1.086320814400267189e-04,1.556421525766165520e-02,3.202879608346470477e-03,2.724735931055652545e-03,1.535296191433632739e-04,6.745815231452041835e-04
4.835327386835878809e-03,2.287689042236126236e-01,3.064251012293263670e-03,2.622686067218537101e-02,1.613056720277144807e-01,2.615330515715327125e-02,4.920570588501287611e-03,3.414693360184864468e-02,1.341525638805963951e-03,1.068096843601957502e-01,2.238027068598457126e-01,3.110601781929256317e-03,5.174624880636279241e-04,0.000000000000000000e+00,1.020552131710250089e-02,0.000000000000000000e+00,1.647332617842767466e-01,2.658016502415216971e-05,3.330539381299337870e-05
5.246202874269879739e-03,1.945108571394746078e-01,2.863811120727050279e-03,1.217150219620702530e-02,1.841642274525360223e-01,3.366018297984219726e-02,4.702680719024660005e-03,6.396406676908848732e-02,1.409520405736169749e-03,2.435758495639336168e-06,2.524270650650182191e-01,2.725832324634133025e-03,7.669241987175060915e-04,5.364562470553223346e-07,1.009828137892433003e-01,7.390810515773859630e-07,1.403525549206567358e-01,1.898030322518465227e-06,1.668441952776089063e-05
1.634702360938059852e-03,3.445724364819672814e-01,8.187136517359369127e-06,2.409824520000013182e-02,1.968664055309062855e-01,1.378358222247539656e-02,1.065965613509666562e-03,8.990076868995183768e-02,1.236811513274386312e-05,2.174777048102836240e-06,2.678828100431835391e-01,1.844571452475709755e-05,3.545734916791807223e-04,7.746228398865626530e-06,5.831811834342787160e-02,1.963745037300192520e-05,1.387245721388928035e-03,1.558546531696809690e-05,3.567599441255104144e-05
1.330186373937699727e-03,3.470743821750892355e-01,1.223276855570026710e-06,4.677862594018956932e-03,2.157491773632676524e-01,5.738284989888783882e-02,5.234390696575950139e-04,1.155234522857730289e-01,2.304118519582662504e-04,1.349096519249703515e-06,2.517511604452200569e-01,6.332583960331574814e-04,4.249792326437531911e-04,5.637803308767433319e-08,4.433966423892948643e-03,0.000000000000000000e+00,4.412664122170265176e-05,1.038400947472335051e-04,6.097527974738697627e-05
2.172031902050516796e-03,1.181967206148456934e-01,1.020688668991021715e-03,3.117367979729497585e-02,3.021350436440757847e-01,6.883810595245502817e-02,1.066177318991434498e-04,4.078127584364524272e-02,5.049239456170952645e-04,1.507280955958351376e-01,2.788585112353699214e-01,7.147953908788100622e-04,5.158469525748233088e-04,6.171796792344464628e-08,3.968926100070471231e-03,1.630896152201059513e-07,2.972543211865935403e-05,8.349794964676047515e-07,2.149668913247185697e-04
5.964924789383841200e-03,5.095613099873660956e-02,2.199975250320603936e-03,4.360774225963277156e-02,3.464312592026984050e-01,1.312312213445151858e-02,3.542241328542179799e-03,9.447383744709444975e-02,1.918321309654066019e-03,6.047552526623869995e-02,3.079333799457422138e-01,6.603035775977565691e-02,2.056944996514520753e-05,1.331549893909344149e-08,1.659856238785436004e-03,1.017661005626302592e-03,4.182683380476498371e-04,1.204426738117229262e-04,8.498056881732545193e-05
7.275830363181783750e-03,1.232888763901354851e-01,4.414699376697316796e-03,5.740907146914479842e-02,2.847648558707668309e-01,2.148093585704441977e-01,6.171785247355642857e-03,4.805250548274078021e-02,4.028739775488175343e-03,1.943476606462904172e-03,2.235707802576457348e-01,8.119579652374555884e-04,1.514860817744903511e-03,0.000000000000000000e+00,3.230936300215660282e-03,2.743399052666076366e-08,1.649898398295942051e-02,7.758478726882519854e-06,2.181935806520178198e-03
6.072472082010308032e-03,6.533939343482102202e-02,3.242768819894217662e-03,5.221756595101448295e-02,2.207540414097404480e-01,7.436413299693202771e-03,3.677778115806309457e-03,4.972098326435898247e-02,3.636927501071585567e-03,2.027090940879083814e-02,2.194338723185336737e-01,2.689337228876857028e-02,1.424861685665901150e-03,1.811520541086526553e-03,3.605689040622443026e-02,1.048566418946399496e-07,2.800153060123646287e-01,5.204752496739161783e-06,1.974624783752582276e-03
4.784330168619159267e-03,6.018094877644775131e-02,2.359999786525822114e-03,4.454552681474141518e-02,2.218518602091590075e-01,5.577460858524664784e-03,4.144696868676023271e-03,8.071312545235587166e-02,2.323948284555719425e-03,2.298545022192666210e-02,2.089625280974206356e-01,1.638664635480426360e-02,1.059687578665897419e-04,0.000000000000000000e+00,6.848031180921819450e-02,2.187266736010480593e-06,2.520788477267599248e-01,3.802598388213498590e-03,6.995669913576512333e-04
2.833494203427421813e-03,2.322608040734965573e-01,4.766729586133634723e-04,3.527364010496388674e-02,2.736052532216176614e-01,7.474913722491120446e-03,2.233943967555125816e-03,5.404336219083157727e-02,4.779270744514932086e-04,2.639273845611522437e-02,2.559414069496919741e-01,1.177470628019337134e-02,1.005617556475262454e-03,0.000000000000000000e+00,2.344185356363667240e-03,7.518270279161241141e-06,9.376512207501486174e-02,1.569979908920982064e-05,3.700530354480326139e-05
2.249744697634959161e-04,1.028241277304337703e-01,2.114774654663198472e-03,6.299024099988213832e-02,3.046164762539824711e-01,2.165164973619780608e-02,7.897873879344483917e-05,3.978226623228758169e-02,2.861529780204986797e-03,1.039203892780494187e-01,3.093734032138114043e-01,4.527885151862538066e-02,1.908157176973287810e-04,4.209184511395038441e-04,2.365358722010040427e-03,5.067757868991551221e-06,9.883116493953234493e-05,3.309909941516211334e-04,8.700684256688263505e-04
1.540625056203509568e-04,1.516101552757390288e-02,1.533568772678848766e-03,7.722073905763905677e-02,2.915053208844313737e-01,8.292218589691088826e-02,5.586591359149156938e-04,3.713758085382051072e-02,1.038494874100866173e-04,1.028836486908346476e-01,3.293999948653698606e-01,5.869588621013341334e-02,3.743241580754966919e-04,5.775779988352859484e-09,1.667801183185942983e-03,1.298673231852943141e-05,1.406502822472746280e-04,2.901068709618155697e-06,4.544548263976261890e-04
5.324157940562329345e-04,1.295517158402354208e-01,3.240288087175515527e-04,4.275099522033432714e-02,2.274489883815471181e-01,1.182072196291382021e-01,9.437405350450218109e-05,2.343718326275234798e-02,9.589513027318566059e-05,8.312344856895446943e-02,2.889646746007229483e-01,8.372142505254531741e-02,3.690515516903515114e-04,0.000000000000000000e+00,1.001012553934166023e-03,0.000000000000000000e+00,1.545778410861532064e-04,1.055653178254192485e-05,1.822707029785372264e-04
2.750811301916861878e-03,3.241160863953661542e-01,9.305710206506878027e-04,4.447087745788146085e-02,2.154687426524005411e-01,1.527739251345355126e-02,2.630107764099713641e-03,3.222430331025780831e-02,1.687320806553423190e-03,4.761573985411055726e-02,2.341180016279489629e-01,2.125602940061052659e-02,5.307099565051289949e-06,0.000000000000000000e+00,1.461865954028571330e-03,0.000000000000000000e+00,5.537542186173394915e-02,2.384413332639853894e-08,6.088092466027125119e-04
2.778618897347557432e-03,1.190556982341085951e-01,1.245620948416049706e-03,4.873388947982848496e-02,1.809829374773640476e-01,1.377819155668623223e-02,3.020620458672997489e-03,2.728206339468455463e-02,2.242938204921959486e-03,6.119033599306933358e-02,1.958087931762803602e-01,2.733508422243086447e-02,9.955278576169238319e-04,0.000000000000000000e+00,1.363039750664229999e-01,1.146994144733318483e-06,1.783285255038026818e-01,3.206711424961522408e-05,8.519724093018929368e-04
2.226593522392710054e-03,1.693415918030777567e-01,1.254998314084537683e-03,6.088638224761264844e-02,1.711629680765960060e-01,1.315298633982305877e-02,2.623029242489431558e-03,5.524092762704228832e-02,2.081483156091158086e-03,5.679746125945491636e-02,1.960259407668965836e-01,3.135132669743133371e-02,9.625469954756239125e-04,0.000000000000000000e+00,1.192206053752233041e-01,5.789597812802120590e-05,1.164827933432436985e-01,6.784219785450431878e-04,4.260595511778212199e-04
0.000000000000000000e+00,1.964384305550461174e-01,9.945473832943662479e-05,1.193893671103199265e-02,1.800608525966800044e-01,4.071833928022592871e-05,7.420400080492755070e-06,2.077635416568822044e-02,5.556959621042696462e-07,2.220887758852344851e-01,2.228643494234286149e-01,1.455309858332136108e-01,1.121460439549419133e-05,0.000000000000000000e+00,6.035887331690768229e-05,2.133081140401368492e-05,5.487980178526558902e-05,1.798023491611329262e-05,3.814153586835471612e-06
4.903364004973478668e-05,4.694029617300344800e-06,1.584439554331584798e-04,7.038353587727727882e-05,1.745954049239998862e-01,3.181724927190451857e-02,1.916723506101942763e-05,5.729255258689447405e-03,7.232987575693820489e-05,3.057627656089815793e-01,1.747898941328907552e-01,3.060482551779389326e-01,6.555247676107647131e-05,0.000000000000000000e+00,2.984378008643505265e-05,6.954605820875150014e-05,2.063232401882273358e-05,2.016231580375037622e-05,7.109716687901551126e-04
4.774721242432901065e-05,3.163976025727417013e-02,1.289748312942077483e-04,7.558779831638216470e-03,1.370896192195165120e-01,1.450973771813545733e-02,3.125204279466798794e-05,1.708782260595145125e-02,1.285019650148808868e-07,3.553745327431406253e-01,6.747388069056378668e-03,4.281132782732937070e-01,8.385721672807684409e-05,0.000000000000000000e+00,6.110818911360839508e-04,3.700796538093443973e-05,6.062886440590324948e-07,8.896158755619745173e-09,9.331197031273822133e-04
1.351006832460789403e-04,6.732428499666424926e-02,3.222335367558078537e-05,1.279576503998850270e-02,1.387907431237398737e-01,6.984428142907059267e-02,2.442572719852658891e-05,1.874760842624773050e-01,1.704117458006125161e-04,1.223051833466119037e-01,3.071690742722740807e-04,3.987244581539688415e-01,1.711943514661515937e-04,0.000000000000000000e+00,1.226234098862414006e-03,5.300279294869056687e-05,6.520974416344237006e-06,3.664113508870504393e-05,5.690635546353388190e-04
1.838232409021488311e-03,8.612633511553878518e-02,1.335531936298807844e-03,8.192043378408243870e-02,1.598694179872396370e-01,1.534262901940890156e-01,2.588418481573260318e-03,1.847784657117785556e-01,4.506218643768675723e-03,7.712610549501618118e-02,6.218738571387857298e-04,1.089086692829537850e-01,1.589262414681752618e-03,0.000000000000000000e+00,5.332492475890510120e-02,1.521296322666230701e-04,8.010731763701460506e-02,1.018700698554695149e-05,1.723020792154585437e-03
1.699510042744753480e-03,7.294307842646699513e-02,1.218530564450755237e-03,5.103823639344073210e-02,1.382385653255315261e-01,1.810154906708738853e-01,2.284804242017695036e-03,2.312832157524051802e-01,4.805960076501139371e-03,8.578764761171610298e-02,7.223416216389058663e-04,9.684106014413210173e-02,1.379229745278314585e-03,1.213006013647362159e-07,7.557790577950136701e-02,1.492662392124709887e-04,5.418419295693988752e-02,5.635345242175410007e-06,7.795002447110925634e-04
3.446459619539320694e-04,9.782764026693370387e-04,6.387127065987578504e-04,6.199561764262007113e-03,4.119795954759148142e-04,4.258898513454189572e-01,3.402237982201160478e-04,1.342558292804426900e-01,3.030416922531637964e-04,2.062408802221727400e-01,5.166075330592802923e-04,2.106940571076330870e-01,2.070445599845706006e-04,4.115807755006666059e-06,1.624289044399170436e-03,1.916711493865120056e-04,7.147555919880003647e-03,2.719450741076208638e-04,3.714190816925780521e-03
2.627840583753127319e-04,8.160682347395781244e-03,4.846960094844643299e-04,9.436839013664797410e-03,2.921072865807023658e-04,4.614440124752447470e-01,3.601812548054246976e-04,5.369023563230052552e-03,3.858817912003488092e-04,3.008037747197069844e-01,4.337371660565738306e-04,1.943185850907548917e-01,2.889563751451803717e-04,8.675712200237355913e-05,1.477809025305426441e-03,3.050487012889458978e-04,1.546898322057763293e-02,2.072692925981264704e-04,4.373821786430021866e-04
6.399051682090297060e-05,2.435641019141415388e-06,2.718513677021243738e-04,5.041110734568341741e-05,2.000223758703188683e-04,4.095027406714929485e-01,1.717080929296185799e-04,7.048271806855163461e-05,2.078831382539965639e-04,3.611979431797878726e-01,2.759400568139058112e-04,2.099978191063471833e-01,1.317038779454967885e-04,4.948626597151863015e-06,1.398383898212866936e-03,1.073775807066418563e-04,1.602117103953260707e-02,1.743970370319195340e-05,2.597760223878488187e-04
3.103585481461563393e-04,6.724602495651156586e-02,5.361364387232254102e-05,1.269533983845394787e-01,2.419319035447145506e-04,2.789201040951929111e-01,2.453355807074632982e-04,1.098171703676748823e-01,5.972314801094654097e-05,2.024824292376730950e-01,6.551177668700700323e-04,1.980292165088246292e-01,2.300949090421327160e-04,6.359181873576629862e-05,1.630503647238041752e-03,1.898297641826733324e-04,1.237518500445772100e-02,2.516214724049785204e-04,3.576817573063220831e-04
3.531438408569850720e-03,6.684953108767079100e-02,3.341080145475691567e-03,1.277644457993807603e-01,7.138589808990902358e-06,1.781689107961020035e-01,3.979025963171848451e-03,3.557105802536138228e-02,5.963456910101216403e-03,8.065370957817886988e-02,5.401909520033584865e-04,1.077200677643967569e-01,1.783972199666012228e-03,4.422583572613469469e-06,2.181090330692300461e-01,1.055410420718594830e-05,1.623446547254633887e-01,3.501751304878376447e-03,8.236845489894610247e-05
3.462564853388390342e-03,7.987206679778847962e-02,3.402856291239806253e-03,1.770875650329827855e-01,1.168861209814389125e-05,1.354397962044108783e-01,3.946562558593873227e-03,9.443647830439722002e-02,5.925541715331116704e-03,7.159186515755452951e-02,6.632535121105228660e-04,1.065547666353972855e-01,8.071599414792777864e-04,1.076749143032220508e-03,1.963667182849062887e-01,1.304971046273753531e-03,1.146208627157839499e-01,3.253034743377872847e-03,1.507147205850318096e-04
5.129105571090946357e-04,3.102145636837935413e-02,2.968368107933356029e-04,1.615330802210839245e-01,2.357523748110321887e-04,3.655654463167382628e-01,3.569941798998526824e-04,5.977515014050334419e-02,4.033727057046680828e-04,4.675213087610961826e-02,2.627787204701968185e-04,3.246523220787200792e-01,5.392562371645880224e-06,6.126044786531578993e-04,2.630795943004839805e-04,3.071486025823085807e-06,7.283389057262929130e-03,2.331945546510114163e-04,1.514737996323542327e-04
2.474977308795582424e-05,5.853428543068470852e-02,6.997864629964707910e-04,1.724936154439529051e-02,1.289105486041929525e-07,3.063404264082429385e-01,1.398218628066357740e-05,6.655508737413037834e-02,1.333970074769878843e-04,1.643348776055718885e-01,4.652841504755906459e-05,3.853383841677024413e-01,2.591111817084694718e-04,6.381222987443613651e-06,0.000000000000000000e+00,4.605468690088030867e-05,3.648556852215263592e-04,3.050368496618133170e-05,2.585631119332342380e-05
0.000000000000000000e+00,4.139193643729742467e-02,1.709844929670420531e-04,7.316391742934326425e-02,5.485580273960126115e-05,3.098807469896399658e-01,1.808931863091230763e-07,5.673806876792127085e-02,1.433244584264155254e-03,1.287603781966157879e-01,7.062336038459257484e-04,3.778900906311500885e-01,5.983474662646933546e-04,1.116661698472114477e-03,1.109569603221016026e-03,0.000000000000000000e+00,6.911767146400605265e-03,7.765892397786757298e-05,6.527781338735032594e-06
1.748276193259629650e-03,3.429606402598910087e-02,2.120217586244727004e-03,1.783803279687916632e-01,7.161571810827634566e-05,2.780283155138938422e-01,2.235578447468438389e-03,7.416505770741052550e-02,4.014372295131737184e-03,4.839363730255543533e-02,3.287502340298929532e-04,3.050289482267160568e-01,6.432812442812471361e-04,2.767710746711102721e-03,3.183452498648842166e-02,1.654543604900902661e-03,3.074908963352475377e-02,1.299894927563835208e-03,2.341942070038454705e-03
1.912097644032022129e-03,3.392708307743651924e-02,2.277430164767068037e-03,1.186702921161352231e-01,8.658424369349278227e-04,6.155581626185317734e-02,2.316202158206154185e-03,5.572486492036816258e-02,4.029516296678199716e-03,7.402626614352403323e-02,1.096249959628789884e-04,1.076856372516232369e-01,4.714289386663322976e-04,1.540309817174534326e-03,3.341561398446697417e-01,1.039083465807112390e-03,1.953764288413558925e-01,7.911940575066636573e-04,3.504021631533678176e-03
1.939031034480004703e-03,3.400656605940142324e-02,2.535044159025664785e-03,1.152212387081681527e-01,1.058111732120814745e-03,1.535842048697182438e-01,2.367677412381069286e-03,8.634694389558925098e-02,4.118167803586315380e-03,1.175559363799731499e-01,6.743572345325597088e-04,1.109174046838323213e-01,5.445990920096397889e-03,0.000000000000000000e+00,2.466235296664315846e-01,3.505275306756641110e-04,1.128629524866619632e-01,4.677896808642051612e-04,3.934305645816237214e-03
9.463775482311679102e-04,7.106542262642481789e-02,1.415391495134111664e-03,6.004025856793625271e-02,1.704169814010920254e-03,3.263025003771208854e-01,1.315946034796679556e-03,1.162005925831845615e-01,2.819858586538020150e-03,1.628127267758622543e-01,2.817172838450068926e-05,2.446989425985272582e-01,4.606278598704627216e-04,0.000000000000000000e+00,1.044738473443058329e-05,9.051686702340197913e-05,6.718079511429519458e-03,3.187417433939747856e-05,3.334793167219067545e-03
3.341147454672055273e-09,6.855014361201938744e-02,4.573423509352772705e-04,2.989528889716642351e-03,6.176411583241987399e-04,2.788692455510167756e-01,1.204038719118692489e-07,4.457405516827797794e-03,3.750090804011365275e-04,3.569258264767306010e-01,5.719523734347206380e-06,2.800502320455217076e-01,1.781160282435810364e-03,0.000000000000000000e+00,1.712305138494697156e-07,5.676600460964978173e-04,7.179192665896433952e-04,1.243558411623269400e-03,2.347075674898050756e-03
3.585289787722179881e-07,6.527955625184227173e-02,1.724933316404294095e-05,3.377431719667483428e-02,9.371167668604556611e-04,1.743012340203682065e-01,5.772699759069240032e-04,1.526304651478601129e-02,2.205593493790386397e-04,3.998582503075475136e-01,2.724252819924253091e-04,3.046692721489780431e-01,5.856555897049847855e-07,1.227812428180721865e-08,2.192856959488815032e-04,4.082377684311536028e-04,4.212800866310675591e-04,2.259425368795258619e-04,3.402547581563083838e-03
1.624170388786694221e-04,1.130916735007318069e-01,1.879128631824488165e-04,2.046878288452330108e-01,7.476567206841431938e-04,1.144454205049192652e-01,1.653888884877334009e-04,1.781675499249471273e-01,2.513826924736327155e-04,1.217708446941130479e-01,3.197643147612446937e-05,2.580162650183572826e-01,2.972490005172172636e-04,0.000000000000000000e+00,5.633006772204775898e-04,1.540233363985996085e-04,4.024410759793393966e-03,1.716733407342282752e-04,3.061682103098234842e-03
1.948191131828464495e-05,5.611437831973095647e-02,1.194293425834442928e-03,8.715441884397669148e-02,3.489270605692103289e-03,1.201768732206741769e-01,1.175509102814628051e-03,1.413474729889384329e-01,3.278196412756467174e-03,1.757917287301135334e-01,5.653804828886648676e-03,2.051198319453481356e-01,3.166554360114954051e-04,0.000000000000000000e+00,1.695998619363460191e-01,2.139277004025419405e-04,2.276024566014020478e-02,4.667302529697257862e-04,6.082776195331738439e-03
1.137624383208163148e-04,7.289872019674004111e-02,7.287354818310389296e-04,3.973256158701067575e-02,4.075347003972082209e-03,1.337925319504086885e-01,6.853577536612035461e-07,2.217706876735492660e-01,2.975341302283701216e-05,1.805433552966389243e-01,5.555008603681186805e-03,2.433307278734807011e-01,1.992315534542838577e-04,0.000000000000000000e+00,8.134381011602101474e-02,4.857815043358133626e-04,9.848717414149107258e-03,3.525780358533280490e-04,5.137106370541958018e-03
4.837719473480860729e-04,1.406727113029446891e-02,3.075297537049510063e-04,8.325279791976085073e-03,7.929172678968615662e-05,2.157678147288652759e-01,1.976762994706175302e-04,1.169312615372423564e-01,6.681417031518912305e-04,2.651383713878764925e-01,1.677126493038540687e-03,3.652803948278662838e-01,3.756699267977795507e-04,0.000000000000000000e+00,2.487219176795131960e-04,4.168445950492386518e-04,8.840475046859310251e-03,4.742356537713111647e-04,6.311316576496937619e-04
4.543629068428741606e-04,8.717774757946691378e-05,4.214354384506847277e-05,6.820060513675338994e-04,2.840531635211457741e-04,2.781913794632742132e-01,2.763673574249834552e-04,2.800369184238356290e-02,2.246819637325365765e-04,3.597272550818980674e-01,2.324716710886648788e-02,2.963048912858296524e-01,3.254677861191628409e-04,0.000000000000000000e+00,3.049997597380554241e-04,8.407121763251265766e-07,1.133015044024394957e-02,9.026964806358895731e-05,3.901763432945911042e-04
1.347008056349855714e-06,5.349910897528687911e-03,2.165192042367189429e-03,3.542857101392044667e-05,4.787551109106086386e-04,2.439636810101136755e-01,9.326703396348178009e-06,1.276439630805824114e-03,8.433756858319023050e-05,4.330287195498405128e-01,1.176676773816118793e-01,1.846161025949402401e-01,1.519066346986891599e-04,1.777350383168977216e-05,7.022041771734756528e-04,1.578685304212285598e-04,8.425657010643908956e-03,3.146400613147450119e-05,1.766389184891327879e-03
2.287659166490335020e-04,3.501804069107988804e-02,1.401325526501074432e-03,7.759490190591799251e-03,5.449205330127022268e-02,1.257322030239769184e-01,9.397753372686079261e-08,2.586438449690791064e-01,2.021028613421043687e-04,1.948856743066098018e-01,2.317241392265743383e-01,7.923782558431265166e-02,1.357543046062907675e-04,1.919186710807659096e-06,6.397962551631359662e-05,3.665064534184015160e-04,7.011523594480183370e-03,1.851546183390662928e-04,2.809651011655899151e-03
4.414082237033105409e-05,1.490864794424853236e-02,1.402714094995714421e-03,4.830403777350072807e-03,1.320247597884074975e-01,3.611891294201825114e-02,4.534957595228433216e-04,3.433471380849326682e-01,3.483725843969691350e-04,1.401647632655271813e-01,1.935179662699461345e-01,4.170386436230973104e-02,1.689589609141603391e-04,6.189515382273530573e-04,7.423763906082621322e-02,1.330844859275988334e-03,7.307719496561914697e-03,1.269142871132690736e-03,6.143444737847048726e-03
4.056079196979670834e-04,1.010015232155754387e-02,1.845057936519742823e-03,2.501362713752663600e-02,1.287207481481140170e-01,3.322680037306218609e-02,1.051259802482579220e-03,4.417478897488407719e-01,7.662769216486481133e-04,1.389340011740934355e-01,1.916538555557723844e-01,7.024038483861996286e-03,2.998445382650206199e-04,8.313707591615895258e-05,2.880781838509355926e-03,4.665852201849852272e-05,6.832189584051208235e-03,3.890920600250210182e-03,5.401289970194114373e-03
3.853151905030320027e-05,2.820714308671304436e-04,1.341015348633161932e-05,2.272235338061475568e-03,1.118949847059697994e-01,7.748663887157549281e-04,2.099438037026051841e-03,5.207466527580987270e-01,2.853683801881207436e-07,1.995594452430615034e-02,2.997016558312041168e-01,3.292933244487462191e-02,2.930906513975526048e-05,0.000000000000000000e+00,1.102903638362745471e-04,1.753171090418938704e-04,5.771290654663223038e-03,3.002879266586326763e-03,1.398644251655794884e-04
1.140813545802812820e-04,1.599233395476736680e-02,1.144625266030270023e-04,4.393926283826257891e-03,9.709291633031298663e-02,3.122156399947847934e-05,2.768252410277636318e-04,3.189212483415111987e-01,9.195460514304230524e-05,3.420553156834881259e-01,2.018297835752901337e-01,1.110202039925482602e-02,2.037404459486241899e-04,1.426198207532663611e-06,7.760512261170912380e-04,5.683913247789832346e-05,4.980961273088801468e-03,1.751880824188962451e-03,1.421015224213279589e-04
3.026038837708991576e-04,2.496505625210013526e-02,3.194270034490333178e-07,1.890265741073598668e-02,1.115851570214048127e-01,1.117766640803317816e-03,1.563977102430603961e-03,1.955860160207797127e-01,1.639192094860197858e-05,3.707223069154310102e-01,2.492599302296913399e-01,1.921397864892056967e-02,1.075986137029323385e-06,2.031308431194058493e-04,9.080046629917607913e-04,1.776635653748404801e-08,3.636223944443575055e-03,1.948668068675500371e-03,1.815189978899401125e-05
8.658802381862952997e-07,2.595714294456737126e-02,1.674837327568158386e-05,1.162890814068476691e-01,1.335728761857088165e-01,2.296765223213405316e-03,2.061074109119475655e-05,3.242763988421343835e-01,1.868432948205307406e-04,1.259503559824325658e-01,2.606470448755457414e-01,4.218107424488849039e-03,7.526395693602702902e-06,3.319379247513250795e-04,6.290315795456156555e-04,2.972579391180050850e-04,2.422441872938915167e-03,2.836821372414115392e-03,4.739292055905671522e-06
0.000000000000000000e+00,5.154997509218187807e-02,6.961238404212814828e-06,1.613324463022108857e-02,1.140190669520956823e-01,5.480358977622092065e-02,4.283361835462968814e-05,4.167338907287665428e-01,1.180565648153886828e-05,7.611908084241689187e-02,2.329383134600362948e-01,6.324428277966453451e-04,1.259967072226340960e-06,6.469421797045603226e-07,2.748265341382767624e-02,0.000000000000000000e+00,2.656597368120738878e-03,3.674440479224152720e-03,3.165567295528947007e-03
5.765347307270468575e-05,2.236524599854750397e-02,2.096588713971598780e-03,1.085123755599912664e-02,1.173252626735923898e-01,7.778727948331343178e-03,2.389014681344248626e-05,4.393625163236344333e-01,1.311481692865480351e-04,7.699772333309062855e-02,2.212660697744748550e-01,1.084059377505593343e-02,1.593736720923713470e-04,1.175884328463081907e-03,7.940351537901672863e-02,7.486889762192449390e-04,2.393506917661914011e-03,4.685975642713544054e-03,2.358222972247539517e-03
0.000000000000000000e+00,4.128814501411564794e-03,8.774941887125991546e-06,1.013709170199395340e-02,1.574742820200562832e-01,0.000000000000000000e+00,9.384073416113619627e-04,5.046703375285986892e-01,2.631525411409254222e-04,8.024351630607078067e-02,2.335259647563779350e-01,1.572453947626266217e-03,3.708400025641130883e-08,3.755067538168258608e-04,4.001906886134987823e-03,8.462636012349973201e-05,8.897299932693562147e-04,0.000000000000000000e+00,1.704575429498424296e-03
9.053010773026111554e-05,8.228639566588726723e-03,5.185360437462703157e-05,1.609920969942902486e-02,2.250334518373941217e-01,7.038366052686646605e-03,3.540381528023330026e-04,3.876365166038518995e-01,4.959378152483671242e-05,7.688447833957567923e-02,2.646100258425127527e-01,2.589323979346202370e-03,5.390778381728758506e-07,7.224433477268580716e-04,1.492859707169281276e-03,3.154753238257038388e-04,8.568776808953745090e-04,0.000000000000000000e+00,8.082261129833175767e-03
0.000000000000000000e+00,2.323259047156318174e-02,4.044439471174218607e-04,1.898116828803990267e-04,2.033672451971908768e-01,2.120585682861624716e-02,9.884495521606982086e-05,2.585341907617924040e-01,9.141507941912353124e-05,2.199999323251826122e-01,2.651254647853261703e-01,7.342565107664335679e-04,5.311750491641178307e-06,6.773293606601965382e-05,1.027135216809613215e-03,6.878125563085211612e-04,4.575847476199013456e-03,1.587717227811567445e-06,6.253069637452046865e-04
1.607381948760714074e-05,1.674332376835594739e-04,6.822839996923790180e-07,2.425272431681398545e-03,3.123088646636463794e-01,7.759079659993746989e-05,4.197884343499356341e-07,2.478611213068566965e-01,2.265572283526964587e-04,1.645251496647032186e-01,2.513501286869269657e-01,5.899497362052842208e-04,8.078911052040568179e-05,1.226799865253850328e-04,6.667110015857461575e-03,3.851806346831563135e-05,1.067183712701256539e-02,2.817714548539832289e-03,2.008647471400036534e-05
0.000000000000000000e+00,1.162055602174081985e-02,1.626423558650430870e-04,2.099920141785800720e-02,3.990289750159011217e-01,3.937034780317794601e-03,2.126122534687380265e-05,1.534303361860222259e-01,7.261727745793378732e-07,4.364863247090951248e-02,3.047027445987853245e-01,3.955462083367320862e-05,4.255150478760177841e-06,1.164892607836304103e-04,3.247666267655620331e-02,1.161893205957813023e-09,2.977428141485734953e-02,1.754815140214427223e-06,1.117907747451746393e-05
4.116235675197373499e-06,3.020860410952352915e-02,4.927215132733228252e-04,3.369509315262074478e-02,3.416933306299648199e-01,8.723723530981478472e-03,4.081682875526229441e-06,5.573843917465006598e-02,1.384191687557884103e-06,4.084130177640416665e-02,2.848605012810280224e-01,9.157827326502703891e-04,1.504251019078342701e-05,2.676066538966582887e-05,1.744277338858892523e-01,6.391058943727645969e-04,2.767363566000534403e-02,1.371204827118004071e-05,2.600997947138570976e-05
0.000000000000000000e+00,2.055905881526532905e-02,0.000000000000000000e+00,1.551248387157764565e-02,3.355864736392136782e-01,0.000000000000000000e+00,9.288310126546297885e-08,7.909343641709232209e-02,5.855606486134429575e-09,5.997159605073396071e-02,3.232765880655736890e-01,2.174275593600993699e-03,4.615995221054078147e-08,0.000000000000000000e+00,1.453305359652858897e-01,0.000000000000000000e+00,1.852086984017819668e-02,0.000000000000000000e+00,0.000000000000000000e+00
0.000000000000000000e+00,6.296138415774249486e-02,0.000000000000000000e+00,7.371978143744056799e-02,3.031731560503106437e-01,6.164200293252187178e-03,3.026269366231964944e-04,4.334736018545982256e-02,1.212196960516918849e-07,1.108140923546267753e-01,3.460757886417018536e-01,1.421272890530662393e-02,2.559352631246234509e-07,4.711301621759636331e-09,1.683616377492468813e-02,0.000000000000000000e+00,2.239887950468387803e-02,0.000000000000000000e+00,3.113483069377746883e-08
0.000000000000000000e+00,7.430930516699835175e-02,1.334533854194882739e-04,5.780430187731882587e-03,2.754191438535465997e-01,6.099490699661603427e-02,1.766632174087435157e-08,8.618477089021915963e-03,2.724404466010162536e-10,2.418660663282278522e-01,2.676608670323139538e-01,3.212316423911195425e-03,3.504366265272487041e-08,0.000000000000000000e+00,2.500364058729958455e-02,0.000000000000000000e+00,3.704037603009608520e-02,0.000000000000000000e+00,0.000000000000000000e+00
0.000000000000000000e+00,4.558070790370354064e-02,3.756196940509699583e-06,2.341237410078090414e-02,2.739336532854674822e-01,2.921279899606049092e-03,3.626369218920736141e-05,3.631506276204120309e-02,7.570928637145988905e-06,2.284547180104178066e-01,3.207500522377056407e-01,7.849524654178927042e-04,4.308569154663523520e-06,1.026949077789343044e-05,2.708229290359574423e-02,3.033436814033180738e-04,4.037844410640634152e-02,1.249478145774177234e-05,4.303580490494942452e-06
7.459210883067785130e-09,1.209659483737067637e-01,1.467755431310740341e-06,9.214420008255623518e-02,2.544441175307721181e-01,3.365354052295918986e-03,1.424861952869485410e-06,6.473642620874739406e-02,1.843593004782315446e-06,8.444263917813503439e-02,3.044495910936986793e-01,1.899471647883188845e-04,3.340182963771516933e-06,1.181813812289047641e-06,3.012987442926458315e-02,6.129186966681428748e-06,4.503791255848662439e-02,1.074054870760593231e-06,2.214168382925687355e-06
0.000000000000000000e+00,1.925760720047803853e-01,6.193604011832140968e-06,6.786941300884635764e-02,2.060981140739939210e-01,2.329691587486913771e-03,4.014569496917660837e-07,6.284087649403401199e-02,1.404500825453436060e-04,7.152391919017385413e-02,3.182222020134973794e-01,1.547704097356771306e-03,5.650079278497823236e-04,9.901841081822766863e-05,3.115656636729200596e-02,7.888582254989988428e-04,4.360121435506257581e-02,5.228590047985991023e-04,9.402382969463434425e-05
0.000000000000000000e+00,1.927292155847823985e-01,7.408446626919089642e-06,2.525534644785723364e-04,1.976911796870505778e-01,2.135270029191418256e-03,7.162496365793322628e-05,6.619282000910124697e-02,3.258459007610053743e-06,9.245308977145283436e-02,3.279748303184601421e-01,4.124159365531328042e-04,1.372129392968826243e-03,3.530525634347359676e-06,7.069621620011135033e-02,2.336720556863845484e-04,4.745001799638531859e-02,1.837443077683701233e-04,1.165832191996619938e-04
0.000000000000000000e+00,1.661003897550887565e-01,1.732731217977028363e-05,8.341760509347386898e-04,1.662826150211318688e-01,9.355290770482069468e-04,3.972544234809353985e-07,4.841755469598645750e-02,2.852415645210107687e-06,2.156706170806532152e-01,3.171493003741419625e-01,1.501738503544695598e-03,5.416137967305149431e-05,1.258526118408995091e-05,3.281340301275354615e-02,3.355299819474598594e-04,4.938198893620303342e-02,1.127582580539132669e-05,4.979498593642018960e-04
3.965364362644830381e-06,8.845859508838188612e-02,1.814172182809355507e-05,1.030509383778403570e-03,1.688331433184584451e-01,3.990191540037963378e-04,6.934537306454685239e-07,5.895931307279076404e-03,5.702357286567712065e-06,4.255630889124835115e-01,2.262024695079913050e-01,3.682673031778081058e-03,3.529540628080613408e-03,3.208009284847802221e-05,2.953854321775521014e-02,6.572748058838906080e-05,4.673157623621927020e-02,1.248451526358852321e-05,5.764474837121119489e-06
6.616955891946556464e-06,8.838788115135640111e-02,5.834781637685576745e-05,1.191642694647948890e-03,1.673653130965490621e-01,8.321744632308522007e-04,0.000000000000000000e+00,7.268192864365335308e-04,4.462247490190108796e-04,4.993534028745749143e-01,1.764401851880859629e-01,1.322524687302853138e-03,1.390437911854616523e-05,2.200390847062921634e-04,2.335368942488724037e-02,0.000000000000000000e+00,4.012746020469656894e-02,4.644030515714005335e-06,2.253834936331265693e-04
0.000000000000000000e+00,1.672303451110192796e-01,1.634022560069049317e-06,2.562115080252027818e-02,1.414483710315160847e-01,4.156083704450594298e-04,1.840956646850367185e-06,4.778439137219643953e-04,5.812736475385383600e-06,4.140093392217724655e-01,2.068191480675208027e-01,2.272979336444726900e-04,2.687105053630990588e-05,2.529225362645259108e-05,1.626419552028150403e-02,1.174409750738653464e-04,2.733194814212373813e-02,1.483720220693793627e-06,1.632678811119685371e-05
2.434623972024693215e-05,2.276253015077283615e-01,1.630555141587018939e-06,1.917036810951537260e-02,2.186106912335748220e-01,5.329164803690963122e-04,2.228732666389073635e-05,5.511971430579568065e-02,1.905634839134551358e-04,1.989894680130891158e-01,2.562363030165880073e-01,4.066367371440784799e-03,3.051292405517806554e-04,3.704540915004366771e-05,5.662160454658785730e-03,2.516082138524615721e-09,1.336897310788791142e-02,1.000359547119829254e-05,9.952368405778481140e-06
0.000000000000000000e+00,2.300945314295620991e-01,8.481214379660807133e-09,3.708507655250683349e-02,2.470848174698901389e-01,4.220926902090012234e-04,0.000000000000000000e+00,7.406317307899137892e-02,4.107621261286723412e-06,1.247330231299144804e-01,2.716963942459829084e-01,4.959538863200958943e-03,3.489306780683885337e-03,4.315451267145569789e-09,4.670665766461787002e-04,0.000000000000000000e+00,5.878900947296245190e-03,1.902869387663272132e-08,2.070411813921069135e-05
2.693426274924757678e-06,2.198182119227834463e-01,3.264228378450794759e-09,6.070000044361442693e-02,2.499840826836865482e-01,5.817540702213030296e-04,4.385990004370894988e-05,6.313316227743973053e-02,4.012563231161150358e-04,1.491909147628514842e-01,2.434987361927335170e-01,4.906605792142436362e-03,3.869698965629675153e-03,6.004377712203131816e-05,2.686898786287730519e-04,0.000000000000000000e+00,1.707133561828448132e-03,1.655994386574322075e-03,1.698079551414322368e-04
8.720167149595250489e-05,2.304871984083112502e-01,1.144239549693430361e-04,8.437985368183618939e-02,2.403759856364167946e-01,4.293030933954070962e-04,2.850738420298059361e-07,9.765957957119832111e-02,1.268007876611147364e-04,1.688641329139473346e-01,1.555306895818502066e-01,1.500971366654564945e-02,5.127176830201416076e-03,1.255655930941824440e-04,2.234455900346835056e-04,0.000000000000000000e+00,1.026172298638712175e-03,5.252599397582781187e-08,4.396398929545041454e-04
3.268132137463587369e-04,2.358010652534613116e-01,1.509150170165208872e-05,9.296327990184832801e-02,1.897564237383398411e-01,1.543442528170653819e-03,4.413543074951170592e-05,6.823519515470778674e-02,3.741338447166490770e-04,1.738475908122251723e-01,1.275880719510668615e-01,1.049532840266177991e-01,3.954541522410746392e-03,8.658694876758602117e-05,2.748023591025528212e-06,3.847192711965637417e-05,3.877228020328808765e-04,8.400048617293243342e-05,1.572583199577029894e-06
5.252694991632266778e-04,2.494368890479466971e-01,1.944722100703938372e-04,1.190908831593788936e-01,1.877729310429594733e-01,2.276456657106940961e-04,1.267833121972954092e-04,5.340214345408025171e-02,1.827610314858086509e-04,1.678945309985175049e-01,6.684221255745723123e-02,1.482098735945524270e-01,3.965598462641584630e-03,2.599142280380059913e-04,5.255130415423152910e-04,2.313764741826590825e-04,2.166854909264967911e-04,6.717000958513862598e-07,8.644864436543399670e-04
4.458140596085584839e-04,2.376399741084066763e-01,3.217104778840216965e-05,1.487279377679218972e-01,1.789030961831688804e-01,1.422387465222108884e-03,1.526993198449626179e-04,6.786387825291695375e-02,0.000000000000000000e+00,1.617823151164513862e-01,2.146294028404492973e-02,1.752457359655718583e-01,3.604777620825308244e-03,7.254363714125942612e-06,1.366044276917914883e-03,5.709215329426427226e-07,9.079470879263469075e-05,2.940916867877315711e-04,9.133774618991323795e-04
8.073680893041956970e-04,1.960190635493092026e-01,4.346114087497253138e-04,1.477820342067950043e-01,1.840598756355721066e-01,1.133537630568701556e-04,5.861285224348177846e-06,8.976903801869218213e-02,2.523752088575327720e-04,1.557677463821901809e-01,1.384039314782389320e-02,2.024664111707894232e-01,4.440572462072670326e-03,1.260693120099379890e-03,1.212305463865787119e-04,2.062605942974658605e-04,9.294377498717433658e-05,2.104262257394719498e-04,2.482716449567877980e-03
2.846620204286815664e-04,1.651586563833900290e-01,0.000000000000000000e+00,9.491740442617845053e-02,1.907588760573182551e-01,8.886934124986945686e-04,1.938229335388037030e-04,1.297388536091513278e-01,1.578848984095202346e-03,1.555000097911334866e-01,6.418899528994301967e-03,2.123716529987680346e-01,2.794825460844064212e-03,2.384800174371640245e-04,3.718102958910621259e-02,2.024125977613531243e-04,2.502164776320611717e-04,1.646029987694977372e-04,1.368085322521485001e-03
8.469472684874459470e-04,1.141885502262092039e-01,1.268835514483986266e-06,3.146723201805003839e-02,1.491399034763169207e-01,9.595204466037037276e-04,1.735025619461716363e-04,3.280875757876367538e-01,1.738229645179182963e-04,2.112535073769866156e-01,2.188166613200667830e-03,1.006385648911509584e-01,2.629623189583342392e-04,7.667401830575118135e-03,5.171746277846252932e-02,2.139939087958393326e-04,1.929731984271338113e-04,8.001516363038404861e-05,7.532145420420547841e-04
6.434977954146625569e-04,1.025039205437749679e-01,6.468640078371574152e-05,2.711722790215468151e-02,1.309772279025188113e-01,4.839079894967451205e-04,0.000000000000000000e+00,4.179489548138278221e-01,6.457434614341894157e-04,2.548860694173185060e-01,3.021819902047355889e-03,7.785892678877799882e-04,1.221874695943722319e-03,3.316636323180215205e-03,5.198932746850586095e-02,3.522467646403529355e-06,1.037303353867783653e-03,2.998437787542751522e-06,3.374493704025182880e-03
