1.532399337652876948e-05,2.731018170262053440e-05,6.048656606051510835e-05,6.148536703782719946e-05,0.000000000000000000e+00,2.015047364491293624e-01,7.982954478613115690e-01,8.150514420251555594e-05,4.162627621026181342e-05,0.000000000000000000e+00,0.000000000000000000e+00,0.000000000000000000e+00
0.000000000000000000e+00,3.046627148624244636e-07,3.673137403201265361e-02,6.385090712832690824e-07,0.000000000000000000e+00,2.143854957771391401e-01,7.462343558593238502e-01,1.275619363992512880e-05,2.661997959036752071e-03,0.000000000000000000e+00,0.000000000000000000e+00,0.000000000000000000e+00
3.284231726754350532e-06,1.560079290113220593e-05,7.147824828917143103e-02,4.283316317596139855e-05,0.000000000000000000e+00,1.869114594524740880e-01,6.451639525835696221e-01,8.453532374990621601e-02,1.192703435268684282e-02,0.000000000000000000e+00,0.000000000000000000e+00,0.000000000000000000e+00
0.000000000000000000e+00,0.000000000000000000e+00,5.110858018834028155e-02,1.338858522547169158e-05,0.000000000000000000e+00,2.639027474599144329e-01,4.328087732937713206e-01,2.410472072772319729e-01,1.118092621712103545e-02,0.000000000000000000e+00,0.000000000000000000e+00,0.000000000000000000e+00
0.000000000000000000e+00,2.749127643752677157e-07,5.240928571917331108e-02,1.874528283845002619e-06,0.000000000000000000e+00,3.619063897374507621e-01,1.401379321537563338e-01,3.876445323733870851e-01,5.793925050532507809e-02,0.000000000000000000e+00,0.000000000000000000e+00,0.000000000000000000e+00
6.056264346436566959e-08,2.879572490768764855e-06,1.029878577752785934e-01,5.362944954406806538e-04,0.000000000000000000e+00,2.365742833179370896e-01,4.529068167359982106e-02,3.391212693326010053e-01,6.887819163705813374e-02,2.066245074356388711e-01,0.000000000000000000e+00,0.000000000000000000e+00
1.534689224255305322e-05,1.875349749693559515e-04,1.455972129642682800e-01,1.264523694269575459e-03,9.293959273415327617e-06,4.781227542285868860e-03,3.592672812475035453e-05,2.731904722148165154e-01,3.342952717495276116e-02,5.414147156438618991e-01,1.958888073415173957e-05,1.325599319142138511e-06
1.602572827980081039e-07,1.907373615912230182e-06,2.107573571795940959e-01,4.973064725794247966e-04,4.038437509426306401e-08,1.360275258304203747e-02,0.000000000000000000e+00,1.213364377631724056e-01,1.022566437382284449e-01,5.515441587317977401e-01,5.352723967637800378e-06,0.000000000000000000e+00
0.000000000000000000e+00,3.880106312063283554e-04,2.422986118279540912e-01,2.839619846004749586e-03,0.000000000000000000e+00,1.387083416859289514e-02,0.000000000000000000e+00,9.441623529849667296e-02,4.269164241092067436e-02,6.032757742495614695e-01,2.623535225135942956e-04,0.000000000000000000e+00
7.054426127881669050e-08,6.762835371210333224e-05,2.492562616759527450e-01,2.041382388872187061e-03,0.000000000000000000e+00,1.078691878945424280e-02,0.000000000000000000e+00,1.284128646200973119e-02,8.418332920649310158e-02,6.406773372650987897e-01,1.606591329862631771e-04,0.000000000000000000e+00
0.000000000000000000e+00,2.074364036109953985e-02,3.165927690671054839e-01,3.362586602178436763e-03,0.000000000000000000e+00,2.716545556854373707e-03,0.000000000000000000e+00,1.008936347305881744e-03,1.221741976471662633e-01,5.334625775949505266e-01,0.000000000000000000e+00,0.000000000000000000e+00
0.000000000000000000e+00,1.543734935637674274e-03,2.749429082872527630e-01,8.269099483470512130e-03,0.000000000000000000e+00,6.561641181822412162e-04,0.000000000000000000e+00,1.996151161702585991e-04,1.391033185481763412e-01,5.750585634162936888e-01,2.498257978954426025e-04,0.000000000000000000e+00
1.277153847994248508e-08,2.835263850434968300e-02,1.711837828509196191e-01,8.562177014690475207e-03,0.000000000000000000e+00,1.186668079487483880e-02,0.000000000000000000e+00,8.607132654419955009e-02,5.885538154086288921e-03,6.878946535620269476e-01,2.005889630169932416e-04,0.000000000000000000e+00
5.843760863865139754e-10,3.950473766965108269e-02,1.710085837641734940e-01,1.249081347878709496e-02,0.000000000000000000e+00,6.819270116113262774e-03,0.000000000000000000e+00,6.120700339144214200e-03,1.002408530145649547e-02,7.538783556670940467e-01,1.720327648521100276e-04,0.000000000000000000e+00
5.532858412129749874e-08,4.372531485066399881e-02,1.553965770716821682e-01,1.288860665992320673e-02,0.000000000000000000e+00,4.372483803004294928e-03,0.000000000000000000e+00,7.078552764708765453e-06,2.498963472313664620e-03,7.806269672355554690e-01,4.897203940557938754e-04,0.000000000000000000e+00
0.000000000000000000e+00,8.660883802596741621e-02,1.137715754410429658e-01,1.624619869816639958e-02,0.000000000000000000e+00,2.967100783690975688e-03,0.000000000000000000e+00,9.973049228116190215e-05,3.060068598346640020e-03,7.753889588092888197e-01,1.886134192125375536e-03,0.000000000000000000e+00
0.000000000000000000e+00,1.918845958335380353e-01,7.155512177422046483e-02,1.767704342019870561e-02,0.000000000000000000e+00,1.212211083377879618e-03,0.000000000000000000e+00,4.909718355997765048e-05,2.542037160732910807e-07,7.158354890997933317e-01,1.809765363173960161e-03,0.000000000000000000e+00
0.000000000000000000e+00,2.446760043310914068e-01,1.254506116591429521e-01,2.448876236388859706e-02,0.000000000000000000e+00,3.551243341139888733e-06,0.000000000000000000e+00,6.947572055330655046e-05,0.000000000000000000e+00,6.030146378540897079e-01,2.315517079948230771e-03,0.000000000000000000e+00
0.000000000000000000e+00,2.678385201210807254e-01,1.143916998720383854e-01,2.671387748559374969e-02,0.000000000000000000e+00,3.691862589642856560e-05,0.000000000000000000e+00,1.377649844631023864e-02,0.000000000000000000e+00,5.627082543848784812e-01,1.456481318885160907e-02,0.000000000000000000e+00
2.677853071821294426e-05,2.586889138719132841e-01,7.266661570281719718e-02,3.235836203459253185e-02,5.698713688121605323e-05,9.762241764304880134e-05,4.453982261754582656e-05,1.131992430998777642e-04,5.113115347851077965e-05,6.176161931956382078e-01,1.829394567921619266e-02,7.551506346424840784e-05
0.000000000000000000e+00,2.628012227950701774e-01,4.360845204680380283e-02,3.778809787707528012e-02,0.000000000000000000e+00,1.289858905372140115e-04,0.000000000000000000e+00,9.454992662456996114e-03,0.000000000000000000e+00,6.362743803597390446e-01,9.979475126243189317e-03,0.000000000000000000e+00
0.000000000000000000e+00,2.879321247232343728e-01,4.471484600518613184e-02,2.683175128323453743e-02,0.000000000000000000e+00,6.928551306645254839e-05,0.000000000000000000e+00,1.590202736887438471e-04,0.000000000000000000e+00,6.402994917976227995e-01,0.000000000000000000e+00,7.424147691757956513e-06
0.000000000000000000e+00,3.006381109482219038e-01,2.827808550356861531e-02,3.717206688072623860e-02,0.000000000000000000e+00,3.694268106267113011e-05,0.000000000000000000e+00,2.062474347130336695e-04,0.000000000000000000e+00,6.333898747030451970e-01,0.000000000000000000e+00,2.950762642046242889e-04
0.000000000000000000e+00,3.455509911165768333e-01,4.630190201289028501e-02,3.305246451173217415e-02,4.454823342245228866e-09,1.766465739069982888e-04,0.000000000000000000e+00,1.571946490889711159e-04,0.000000000000000000e+00,5.747705661882560602e-01,0.000000000000000000e+00,3.981771169231523603e-09
1.238472129354127192e-04,3.694535831150916882e-01,7.345586924513042293e-02,2.000092853737112791e-02,0.000000000000000000e+00,1.961834513283825735e-04,0.000000000000000000e+00,5.239561503498750290e-04,0.000000000000000000e+00,5.002025094443499631e-01,0.000000000000000000e+00,3.606208605447051851e-02
3.622671574640660958e-07,3.537564389309428292e-01,8.422022334395895538e-02,9.061326352304031190e-03,0.000000000000000000e+00,1.017785367946650233e-05,0.000000000000000000e+00,4.669689407233741500e-04,0.000000000000000000e+00,5.525074589028312610e-01,0.000000000000000000e+00,1.815737847383607885e-06
0.000000000000000000e+00,3.220260482181997452e-01,8.108886887768153306e-02,1.602547117285916742e-02,0.000000000000000000e+00,1.807509370754033055e-03,0.000000000000000000e+00,2.789500924088295346e-04,0.000000000000000000e+00,5.428518235689822058e-01,0.000000000000000000e+00,3.594279053158516701e-02
1.371148119164234183e-04,3.092481316754552845e-01,8.861262443007963951e-02,1.134601249384714627e-02,5.484389927721020986e-05,5.491910715135820781e-05,1.312239427241260617e-05,1.965497481572283864e-02,7.609748947284159182e-06,5.708600028127589487e-01,1.839255273587808015e-06,5.747571263306321799e-05
5.369323221476251737e-05,2.699542367465831982e-01,6.684535109073569403e-02,1.810148944917547992e-02,0.000000000000000000e+00,2.882923396919798154e-03,0.000000000000000000e+00,1.117437386308282044e-01,0.000000000000000000e+00,5.185978420978045733e-01,0.000000000000000000e+00,1.183547674207967478e-02
1.823349596000015441e-04,2.125205271952746444e-01,3.004002834703843605e-02,1.090537526073906138e-01,0.000000000000000000e+00,6.000235355836172624e-02,0.000000000000000000e+00,6.290682103520800483e-02,0.000000000000000000e+00,4.846273197438399349e-01,0.000000000000000000e+00,4.068463971775895111e-02
5.981004316402584176e-02,2.085530785552255906e-01,3.125848394940509978e-02,6.915089733878181100e-02,0.000000000000000000e+00,8.219559506102940005e-02,0.000000000000000000e+00,5.845019035873830898e-02,0.000000000000000000e+00,3.936873437142563437e-01,0.000000000000000000e+00,9.691758835528466176e-02
7.542966313189551630e-02,1.830783945459273643e-01,2.240482078863712673e-03,1.076648916221114721e-01,0.000000000000000000e+00,1.951580485630019235e-01,1.793786559819232832e-06,2.082493201464769572e-01,0.000000000000000000e+00,1.312800177328318774e-01,0.000000000000000000e+00,9.693624107372084131e-02
5.602293810799080509e-02,1.596572955972934416e-01,1.110578381062506288e-02,7.600423671345657439e-02,4.744012716882565822e-04,3.180734041400484768e-01,1.929324419883180039e-04,2.273271710093531794e-01,4.298765557407362159e-02,1.760955511822792890e-04,0.000000000000000000e+00,1.080019826263192567e-01
5.065273510649899447e-02,1.685834197963140824e-01,3.965311539162714945e-05,2.141891274994606881e-02,4.270832630298636648e-03,3.010041379406491746e-01,1.284480049862273265e-01,1.798588690398170709e-01,1.852272850558289597e-06,3.623915711758506558e-05,2.413429258365001583e-05,1.457228252918359723e-01
1.020441444552105844e-04,1.357080633237393585e-01,2.646284427488492964e-05,7.446201394310068161e-05,5.045223106366824792e-03,2.061884467341873195e-01,1.836691853729953416e-01,1.640458803400566823e-01,1.196159302373929062e-01,3.469696536090835954e-06,1.175186378154030381e-03,1.842739569420390189e-01
4.007331593407015729e-06,7.173279422960265883e-02,2.182539572103906888e-05,2.434356501214399887e-05,7.023624493772312113e-03,2.243418639275309434e-01,3.325392598491369589e-01,1.843722136486705687e-01,7.614695040777237633e-02,0.000000000000000000e+00,3.287383748287525751e-03,1.005257232570248710e-01
8.407208667708050877e-06,1.241858182464377464e-04,8.111054557431673917e-02,3.711191166691850911e-05,5.847091198404736657e-03,1.840552229817923879e-01,4.096552212408005045e-01,1.736487522097217018e-01,3.071213382359473318e-02,2.841430133654098277e-07,4.434674701847617778e-03,1.103254925927259211e-01
2.702421775404555956e-05,2.113102827113976217e-03,2.929335969497723238e-04,2.409138230929426690e-04,3.320884101612216431e-06,1.881562812655676042e-01,5.468564774661254235e-01,1.846011233452788391e-01,1.150153422093086426e-04,3.055369255511054754e-06,3.061056991652686549e-03,7.448986264354783005e-02
6.188628579842401362e-03,3.997993679206449102e-02,7.438866368360342912e-05,9.043095241368660211e-04,1.938292084604898921e-03,6.921094709589112326e-02,4.159533608803295812e-01,9.435715078411255341e-02,2.708337883626424913e-01,0.000000000000000000e+00,7.063988965227568917e-02,2.995627775680310967e-02
2.928662268161021662e-05,3.914642225150064686e-03,0.000000000000000000e+00,1.523600226361534193e-01,6.571100891449953426e-04,1.638123302348654664e-01,4.640984470988880339e-01,1.961561380993816217e-01,2.766125654919610295e-06,0.000000000000000000e+00,1.895634020419497551e-02,3.797992911271869363e-10
2.249208278794356808e-02,2.888701943153461175e-03,0.000000000000000000e+00,2.872122148557923471e-01,3.340371159152041771e-03,2.506742448451654282e-01,1.268561760651790993e-01,2.761469495188679790e-01,1.413523267422670830e-06,0.000000000000000000e+00,2.070856332526536253e-02,9.724864207751713133e-03
3.272158789259126317e-04,2.734089621393052071e-05,0.000000000000000000e+00,4.172767545031010883e-01,1.171714965307383768e-02,2.402377849861630221e-01,7.144245323117061341e-02,2.539307344260750554e-01,2.491072465192468955e-04,0.000000000000000000e+00,4.818644513200865884e-03,0.000000000000000000e+00
7.803496802142316738e-06,1.317271564196252503e-06,6.931927178232136772e-08,5.747299898639919302e-01,2.157037537729254457e-03,1.722641542457067632e-01,1.090998248171168999e-02,2.185120029537523934e-01,1.758546450460850954e-07,1.473135421765970135e-02,6.670790610530948940e-03,7.597507218910850979e-08
3.505851794444745673e-06,1.290528630432441698e-03,0.000000000000000000e+00,5.984521500606321265e-01,3.376303280638761999e-04,1.800102043214948586e-02,7.268768458434713038e-03,9.333692543338006908e-02,0.000000000000000000e+00,2.578530380192888272e-01,3.752789068823895666e-03,1.971050337149811427e-02
6.705317777312258098e-05,1.813048874528074787e-03,0.000000000000000000e+00,4.569645288738451994e-01,3.749130004177101847e-04,3.150869229266296812e-02,5.781540229726036748e-03,8.119164505210255123e-02,0.000000000000000000e+00,2.741932434939933771e-01,1.389218029029368542e-03,1.467405881794373868e-01
7.591324946372912316e-03,1.460520820278862070e-03,0.000000000000000000e+00,3.496285351296361532e-01,6.066401049294622332e-04,2.581851819978380272e-02,2.196309280764965118e-03,1.253859027767877388e-01,0.000000000000000000e+00,2.071213072320276516e-01,2.003308611790018470e-03,2.782129612237627114e-01
1.115035386512431360e-04,3.741357740426303445e-03,0.000000000000000000e+00,2.421076636750277844e-01,3.510913372742650385e-04,1.210709879457093352e-02,5.831996586000285504e-02,1.281280956990253350e-01,0.000000000000000000e+00,2.194623311174074276e-01,6.808262195133306903e-03,3.288878480986685560e-01
3.586350977762332339e-04,3.950336562803980107e-03,0.000000000000000000e+00,2.122315167329058838e-01,8.765367153102443304e-04,2.393476079910361251e-02,9.871298469011653004e-03,1.416604448392656812e-01,0.000000000000000000e+00,2.409128761884448133e-01,1.931550019632670250e-03,3.642948330428827930e-01
2.208761657244946372e-02,7.123007737326694268e-03,0.000000000000000000e+00,2.550460286732271764e-01,1.537984035629456469e-03,5.863189812597097150e-02,3.420317230638764620e-06,6.244649565506014965e-02,0.000000000000000000e+00,2.144866865557156221e-01,3.057748762661095083e-04,3.783506929809122288e-01
5.823744535318341360e-04,5.768265114361572146e-03,6.685374884968792045e-04,2.692497639926698105e-01,7.795553058291259177e-03,2.850903958633517823e-02,2.047119792736358133e-04,9.728305892219209217e-02,1.680967538996618396e-04,2.102331889644523388e-01,6.002409181024326822e-03,3.735698230515536178e-01
2.157117505213640516e-03,3.150727375057161845e-03,3.087814918139968751e-02,1.812318952564727359e-01,6.050872777917627558e-03,1.642256358304424596e-02,2.493949509328051500e-06,5.170692715650444477e-06,8.907162279029688656e-02,2.777114009064970412e-01,7.930430160333358167e-03,3.854119927947917690e-01
3.796464776962780183e-04,1.788897850304336503e-03,8.638626755849344863e-02,1.908648880138063067e-02,6.054696830789057377e-03,2.231512456221678570e-02,1.977390968561445801e-06,4.752058490488399282e-07,1.949854200196456944e-01,3.234930364605316799e-01,5.740648577891648702e-03,3.397971417923239534e-01
6.949956185388672701e-04,1.254142562904602244e-03,8.902714025206848181e-02,9.029796342655796448e-02,6.554875941285068924e-03,1.106905125326719877e-02,1.974760724528473559e-06,2.224811900308043381e-04,2.075856033594088712e-01,2.823665611950271215e-01,2.819234594672842542e-03,3.081197774675951684e-01
1.859067050545260523e-04,1.485723791241664628e-03,1.012235048006161625e-01,1.013950769736454705e-01,3.976955541779494431e-03,1.908457977159738750e-02,9.988290309478973457e-07,3.824773252717869262e-04,2.077865834564299463e-01,2.647563457343385940e-01,7.510572857601712816e-03,2.922291679377583273e-01
1.515226304473314288e-04,9.368655266350005241e-04,1.305047245503267173e-01,7.083807192065472158e-02,5.603820811278776605e-03,2.996238530765022584e-02,8.715587828229961963e-07,4.901222714854253483e-04,1.986192447984026221e-01,2.809289786046355597e-01,2.783060744110150628e-03,2.791962007645342747e-01
1.211728934855159183e-04,1.046989937015149622e-03,1.450338726888770469e-01,1.371446833255301478e-01,5.112995775127201527e-03,1.613249312219595250e-02,4.745343644517483388e-06,7.556110277458394798e-04,1.892489440720727389e-01,2.594984678506057074e-01,1.367640865024075418e-03,2.445466129226852303e-01
1.114315588721829153e-03,1.272661870101303308e-03,2.022286199622999880e-01,7.112859320226658233e-02,5.146495953153820690e-03,8.428980654582992824e-03,1.860687399596450699e-06,8.260949127518534647e-04,2.342987942221488318e-01,2.954527161302103466e-01,4.021737063085148488e-04,1.797179917837564422e-01
1.819610227110018876e-03,8.165403979122465945e-04,2.406026755547505669e-01,4.742332341571346005e-03,5.317084823485212011e-03,8.862263783493404268e-03,1.181497911487247544e-03,1.831348625554615490e-03,1.788602392863788138e-01,3.769125059257657506e-01,3.202742474176021453e-02,1.470446935060190363e-01
1.201680773633439321e-03,3.881302592258437383e-04,2.013418741763731701e-01,1.170380509970014027e-01,2.289336421438849852e-03,9.606075736877451796e-03,2.574639014842592537e-06,8.391579533118327834e-04,1.304520648978427511e-01,3.994605860552993826e-01,1.071923681057990012e-02,1.266803664327650625e-01
8.156849683788576846e-04,1.292607793139613753e-03,1.827287965018409011e-01,6.369301799838550382e-02,1.169279103050122927e-02,1.441610237352084455e-02,2.975334945684674671e-06,6.408284953640045606e-04,1.589545489474376849e-01,3.975811030039962946e-01,3.793322048567376262e-03,1.644070651935511385e-01
2.715017532396402696e-03,2.122977319534478154e-03,1.806815128607208443e-01,5.491749051988522451e-02,1.277190779448663348e-02,1.549379515284259393e-02,1.096163645872088784e-05,2.698374276061515356e-04,1.631964449937046147e-01,3.882589783103667092e-01,8.645893017757548885e-03,1.709327316803273267e-01
5.712360067881820267e-04,1.860714621254967033e-03,1.919643910671687548e-01,3.125160261095696196e-02,1.156321880335941209e-02,1.450876355457680032e-02,1.025658177091160134e-03,7.296604448860911050e-04,1.641639520858683698e-01,4.026220080579367422e-01,1.584096127251534945e-03,1.781731299507444133e-01
3.391192805467608206e-04,2.093150135709485101e-03,2.152837317730131039e-01,4.489086375809710704e-04,9.215651957990698973e-03,1.448502049808105159e-02,1.048045486615089476e-04,4.778030032486265798e-04,1.959785913720390182e-01,3.908293192923399939e-01,8.313336341300133284e-04,1.699255929672030263e-01
6.449851701114411471e-04,7.101390623867084688e-03,2.443205860756396397e-01,3.402536558287123925e-02,5.457737492344657063e-03,1.610094030170772586e-02,4.381874896009269843e-06,5.790468196227781207e-04,2.218991770681527920e-01,3.454294449363065067e-01,1.093139644928652066e-03,1.233551186565644969e-01
1.737526893495388658e-03,4.051708408940524891e-03,2.505376071950135564e-01,2.633901936430321430e-03,1.007698591722693514e-02,2.398729536111636126e-02,4.466777849746871895e-06,3.070463932128690587e-04,2.741759731897929764e-01,3.320089489541871441e-01,2.495615083049112799e-03,9.800152812776523337e-02
1.066731705687694291e-05,8.030945030688959457e-03,2.616715982716125155e-01,1.756879634495057236e-07,6.912130905632536682e-03,1.333025477753533347e-04,8.920615727861891348e-06,4.375454295321643255e-05,2.375404141068164499e-01,3.744479960146538389e-01,0.000000000000000000e+00,1.111840422364639980e-01
3.691163793406733017e-03,6.309341892288698652e-04,2.702215553252866886e-01,1.405524496530618497e-03,6.357877075926361178e-03,1.242085400575915731e-02,2.277169418388613092e-04,3.798659635455657949e-03,1.922659229863256380e-01,3.968414177753782912e-01,4.639056757105080794e-03,1.075463158236046601e-01
2.857603508473271960e-03,1.464303091148875385e-02,2.945712007182578751e-01,4.658973632437806572e-02,3.302619137974611898e-03,1.104710215179084253e-03,8.218173230921276259e-06,1.156525911173931533e-02,1.218841075333802759e-01,3.901464730470258213e-01,0.000000000000000000e+00,1.133445355754069406e-01
2.563052882715515391e-03,5.683105816434427587e-04,2.921204697393990912e-01,9.217278620838172121e-02,1.163286811871571368e-02,5.604195576930915551e-03,2.637671752089892753e-05,1.463998178879154580e-02,1.444681850646891141e-01,3.201127719004431271e-01,4.511304112735281448e-04,1.156692407770517350e-01
6.678819670610836078e-04,7.376780613096494896e-03,2.712386038559435608e-01,1.470322357432021498e-01,6.213498277209826733e-03,1.397015102294288033e-02,2.152612892107514010e-06,1.013123799106507329e-02,1.451849722731240189e-01,2.644516621843031046e-01,0.000000000000000000e+00,1.337493264582090835e-01
2.296706779962731475e-03,1.183817020967038204e-02,2.011282284876738380e-01,1.682727106761701119e-01,8.837674329559256844e-03,5.144747997421778712e-03,4.259978168522087688e-06,6.989885596565791059e-03,1.792755307375899498e-01,2.732894379191654899e-01,5.019970393098027554e-03,1.379191684343856195e-01
2.344486396262561185e-03,9.174717561942680524e-03,1.101312443924481743e-01,1.738661857063612259e-01,1.353789420353729810e-02,1.734209505904286269e-02,4.652730416909151538e-06,1.649532319755993596e-03,1.827655878851972282e-01,3.258177243669701517e-01,1.546775921306486412e-03,1.618370096387128920e-01
1.317410088429063746e-03,6.599288848860795052e-05,5.565282918956436509e-02,2.071391048235664001e-01,1.499955321538555715e-02,3.539750329228531084e-02,0.000000000000000000e+00,2.600924412980745964e-04,1.160922077779820288e-01,3.396689119574177740e-01,0.000000000000000000e+00,2.294119039429219076e-01
3.621719910041790863e-03,3.513556190511411825e-02,1.851772452871603900e-02,2.190121591886669827e-01,1.565314216227981295e-02,2.671761243109754130e-02,6.048915424651561309e-06,4.040691853645059922e-03,8.695382055392013310e-02,3.318172211277930495e-01,0.000000000000000000e+00,2.585487377293680944e-01
3.438812099509872423e-03,2.161305535086702548e-02,1.844005536410150276e-02,2.320330997718581811e-01,1.454856346157012287e-02,2.349163132901969236e-02,0.000000000000000000e+00,0.000000000000000000e+00,1.174669645170494797e-01,3.351411286747246199e-01,0.000000000000000000e+00,2.338382364635285260e-01
5.754376543750096447e-03,6.339836897045579914e-03,4.190109047161335448e-02,2.404206557583850046e-01,1.817535640700249783e-02,2.448484304901105482e-02,5.549451225046987851e-06,2.551444564998882873e-05,1.624547984837932391e-01,3.091748065066178275e-01,0.000000000000000000e+00,1.912844035221550887e-01
1.161128790444480689e-02,5.813648738643591857e-02,5.356187642681835281e-02,2.405746534865077779e-01,7.841516926082859468e-03,2.303645349491463198e-02,6.576980822522204262e-06,4.534144298179792966e-05,1.690038405251183262e-01,2.704329403561817058e-01,0.000000000000000000e+00,1.657650950151119407e-01
3.962546362377521170e-03,2.461661283814619433e-02,4.466491759205309942e-02,2.530569200433478438e-01,1.117548047712529045e-02,3.754206953469576419e-02,7.383771338279893923e-06,3.144589462934258787e-04,1.698699752622651049e-01,2.698064145147050508e-01,0.000000000000000000e+00,1.850058607581625825e-01
1.964702378554448667e-02,1.244194751799740199e-02,3.569980287338745534e-02,2.610750216351789277e-01,1.425466352842525569e-02,2.977908815128058398e-02,6.860319708736601989e-06,4.006628562661187533e-04,1.499089465830906187e-01,2.567380158316347472e-01,0.000000000000000000e+00,2.200711166239017469e-01
1.857852962474787137e-02,6.037210676269465920e-02,1.035081243409000963e-02,2.358270695425700447e-01,2.311667499303720827e-02,4.983173530218613922e-02,4.419229203781260972e-06,8.326371457370034695e-05,1.253658404074489696e-01,2.170340697379987138e-01,0.000000000000000000e+00,2.594605061143627767e-01
9.992910116097873316e-03,4.669897852161534330e-02,2.719052103873718929e-02,2.119897719148777782e-01,2.451931093352436447e-02,2.670342376243727348e-02,2.123740887973554650e-04,9.806519319191525511e-05,1.594588969118793387e-01,1.858837881931013347e-01,0.000000000000000000e+00,3.072793128696802989e-01
5.414999391406553203e-03,3.134275433417744311e-02,7.742842597635801738e-02,1.893390302068377884e-01,2.329950500516439829e-02,2.874144157010464357e-02,0.000000000000000000e+00,4.511012272628372685e-04,2.498700610760449525e-01,9.112047951899208964e-02,0.000000000000000000e+00,3.029952843489771008e-01
1.462116494354427296e-02,6.390999850471952570e-02,1.462136383353032365e-01,2.049331937807539195e-01,2.960116381837088820e-02,1.082583945460346281e-01,7.837066109631247584e-06,7.295862531945773721e-02,3.136446654563719849e-01,3.241700587011770059e-03,0.000000000000000000e+00,4.263546579249879315e-02
1.258712809068350709e-02,4.462750863246115612e-02,1.710760860197834965e-01,2.006735566875517407e-01,2.370817459957538786e-02,1.332601903434701973e-01,2.778377170365212666e-03,1.840266260225696671e-01,2.150097898803746133e-01,8.968386151261890883e-04,0.000000000000000000e+00,1.138146547881510248e-02
5.730564323294893301e-04,4.613336563236852123e-02,2.478269303301454118e-01,1.272232109037519654e-01,3.930861287896452588e-02,1.346423390107771290e-01,2.453064051748196292e-02,1.582706947997407354e-01,2.132849049074593828e-01,1.960203958235263370e-05,0.000000000000000000e+00,8.210520730500154088e-03
1.807317735216949425e-02,3.360680679826763551e-02,3.008743207835777866e-01,7.881080715731254849e-02,4.020585107362567578e-02,1.408314644068378585e-01,4.928764971677398327e-02,1.287129923413838917e-01,2.062014527572097744e-01,3.771545948693126252e-06,0.000000000000000000e+00,3.413329799250817975e-03
5.543222601585233011e-04,4.830473956366947846e-02,2.953699754104692210e-01,1.528953781718408317e-02,3.773938801899941881e-02,1.563094796610031700e-01,1.207846809898880797e-01,1.502253006711508077e-01,1.718928589616089131e-01,1.943834132533568146e-06,0.000000000000000000e+00,3.553108597180908591e-03
2.953028797161628643e-05,1.469831414586025148e-02,2.613623725222724570e-01,2.701467613594291800e-02,3.722097188867738715e-02,1.870867463597573888e-01,2.320290331910722093e-01,1.397566114997624565e-01,9.952593565262098096e-02,1.450061209000734478e-06,0.000000000000000000e+00,1.313043685712907312e-03
2.904516774231417561e-02,2.007395342341480871e-02,2.508323874532178421e-01,1.735723464276366090e-02,2.426796616997249287e-02,2.149080462242600187e-01,2.168438467126403424e-01,1.851278559409559876e-01,3.969575271871283312e-02,0.000000000000000000e+00,0.000000000000000000e+00,1.877330899587450726e-03
5.331605367884994368e-02,3.000814613260818081e-03,2.506700250941621966e-01,2.246013190350218706e-04,2.104841890501743182e-02,2.056229948550335473e-01,2.212033660901519816e-01,2.157191091461937438e-01,2.798477182767841742e-02,0.000000000000000000e+00,0.000000000000000000e+00,1.238855380724635923e-03
5.112222905481049462e-02,2.628392003127076951e-02,2.440026105264880285e-01,5.894535324692989735e-03,1.749681490235477713e-02,1.502882250029265176e-01,2.870017036283959988e-01,2.010755296114673241e-01,1.614798656985361180e-02,0.000000000000000000e+00,0.000000000000000000e+00,7.151862217421475721e-04
3.919117759749937008e-02,1.943559028573045300e-01,2.209928649860015137e-01,2.822430306601271619e-03,3.103207728114907096e-03,6.527581844594593230e-02,2.402600864138300651e-01,1.561360390797605358e-01,7.749072851856880773e-02,0.000000000000000000e+00,0.000000000000000000e+00,4.009954654583435451e-04
3.797937597874527504e-02,4.804093100887891349e-02,2.408160730260102134e-01,2.992064236398034316e-02,1.254841950137180985e-03,5.940692971499436648e-02,2.453846891537986852e-01,1.775597588198009891e-01,1.592160824695495192e-01,0.000000000000000000e+00,0.000000000000000000e+00,4.487955531342248264e-04
3.419633538438150017e-02,7.355555817667625007e-02,2.378183990899755129e-01,2.910290679575401954e-02,3.363574389589466456e-07,8.551482949090979946e-02,1.712125265171318411e-01,1.980083838314511679e-01,1.704776743167477904e-01,0.000000000000000000e+00,0.000000000000000000e+00,1.200689654741124446e-04
3.024793978175556800e-02,8.513620645725480940e-02,2.403955468944027896e-01,5.305626436088895642e-02,2.146024934214964574e-06,1.388304800172662778e-01,1.017308371927241051e-01,2.044836661022656488e-01,1.459509343784951008e-01,7.375437023180412387e-07,0.000000000000000000e+00,1.865396653618794952e-04
5.019370873599738464e-02,4.085469780516802485e-02,2.831082984866442609e-01,1.326401450353526246e-01,4.556979964272932023e-07,9.143620564380643134e-02,2.101576584071737641e-02,2.138658573530338725e-01,1.331662151067058431e-01,3.374184932395084269e-02,0.000000000000000000e+00,0.000000000000000000e+00
1.352563812187574516e-02,7.678791410252597260e-02,2.714417115397846358e-01,1.654777878318514917e-01,3.308420930162932571e-06,2.568434698056179868e-02,1.496487955369774515e-03,1.288654226081382415e-01,7.687119835474064133e-02,2.398705661911459952e-01,0.000000000000000000e+00,4.975057093945164379e-06
3.605402421243233583e-05,7.456946138769669774e-02,2.633963368532127869e-01,1.866410819101348428e-01,3.251701982506823776e-06,3.233431905372829160e-04,4.494860981228957940e-04,6.350143610669531369e-02,1.163546185465080818e-01,2.947549795206289569e-01,0.000000000000000000e+00,0.000000000000000000e+00
4.176632139040964073e-03,9.281200994315336184e-02,2.312123320699475404e-01,1.506256730812925992e-01,1.125754382692579574e-05,1.876358715473214225e-05,7.392897550459520467e-04,9.893263439772148615e-02,1.537924368299339595e-01,2.677141595756427628e-01,0.000000000000000000e+00,6.327806069685777034e-06
2.657895418046338313e-05,1.420950783629542080e-01,2.340231273745901619e-01,1.328866124195664522e-01,0.000000000000000000e+00,3.786890694979319191e-06,1.179254194216232393e-04,4.205004364737038175e-02,2.138888797310948275e-01,2.349214372736679879e-01,0.000000000000000000e+00,0.000000000000000000e+00
4.743497976152206242e-05,1.295733823747881042e-01,1.943688689359801824e-01,8.302059269183029167e-02,1.099517732493392923e-03,2.064472278133890949e-08,2.527607151673330870e-03,1.354654192820673453e-01,1.894494075970805380e-01,2.644744414505213470e-01,4.989312227768236244e-07,8.648075755050598022e-06
8.457816759455130348e-06,1.506576098718825085e-01,1.642451819823870507e-01,6.813141614170650784e-02,1.514159407720629362e-05,0.000000000000000000e+00,5.787991450795290779e-04,1.559272807623107437e-01,1.368883426410614224e-01,3.215689303038679614e-01,2.013497557097167386e-03,7.234019389378060062e-06
5.171107640950627726e-06,1.220114064713434532e-01,1.137466296341755057e-01,4.653074281481325153e-02,2.695501668739908775e-07,7.913026539901380391e-06,5.256059935288158111e-04,1.958335211543409116e-01,6.037806484618799679e-02,4.073479158319710525e-01,5.360681272900177929e-02,0.000000000000000000e+00
4.657588913418544735e-05,1.230904100992454980e-01,1.492845301428945837e-01,9.081611557871370477e-02,9.687614006431121550e-06,0.000000000000000000e+00,4.208179839933346550e-04,3.544710318448149322e-02,1.153143339132278178e-01,4.645639753337865718e-01,2.103187154565662811e-02,3.055354536833780100e-06
8.731562999071465210e-05,5.743391656572612025e-02,1.535589955201733248e-01,6.262771496766311730e-02,0.000000000000000000e+00,9.498104975106175955e-08,4.451289514650597729e-04,1.378725645950849288e-01,1.433051473221993999e-01,3.954547112291932343e-01,4.922653045968851393e-02,0.000000000000000000e+00
0.000000000000000000e+00,2.443212454047592394e-02,2.098612422080036177e-01,6.606630185663835142e-02,7.129863899387693474e-06,2.430765716039820103e-07,2.152447862278745951e-05,8.675850873162639643e-02,2.318019504109695705e-01,3.342811142226063126e-01,4.680111343689525444e-02,1.705266431624293451e-06
1.528539880250578140e-04,2.825230941443289748e-02,1.731763061832421735e-01,1.348699532822760505e-01,9.029381583254897370e-02,0.000000000000000000e+00,4.460049764349404517e-04,8.631671070506835575e-02,2.001528327060624612e-01,2.691994997295330538e-01,1.716195379481689348e-02,2.085188562203413028e-06
2.905390354602244694e-04,2.760938157936899950e-02,2.092105326396326015e-01,5.628092718866253147e-02,0.000000000000000000e+00,8.287456595442440619e-08,2.182005890475156168e-04,7.373778403631563172e-02,2.110762651158882841e-01,3.961989309493758049e-01,2.541854073377239343e-02,5.980913239513544901e-07
2.945670357738577536e-05,2.421774035462591866e-03,1.085822148526458114e-01,1.267235129829023810e-01,1.578024675679939911e-05,0.000000000000000000e+00,3.424858274353397122e-04,7.763849585489601690e-02,1.302828018411676947e-01,5.067690139387516224e-01,4.721730988519592942e-02,8.614726326414410732e-06
1.296861748934017677e-04,6.620530144393418914e-02,8.772821673488745420e-02,9.059264489657647967e-02,4.988169530901126331e-06,0.000000000000000000e+00,5.877747176358910338e-04,1.646790404141013908e-01,1.179721325150385053e-01,4.480041467476610917e-01,2.411680163356834383e-02,0.000000000000000000e+00
1.417873006645685354e-04,1.830449383081849280e-03,1.593729916240980149e-01,4.158057186075633099e-02,4.765839990781283472e-06,2.928472913408634842e-06,4.039981228750471904e-04,1.961112117847079450e-01,2.294700864332505086e-01,2.870874809117772153e-01,8.402403123618457093e-02,1.001966476213960780e-06
4.141263875683896117e-03,7.593491066807898926e-02,1.264715183702237455e-01,1.067489334802330797e-01,1.172031128644746284e-05,8.229302512052524232e-07,4.275323650239126793e-04,2.168670880024337888e-01,3.066710331359693287e-01,1.529215086093695941e-01,9.834174587023989528e-03,7.797794435443594060e-06
5.378049741068411383e-06,1.307728969632588820e-02,1.108429343582755661e-01,2.068121379816861838e-01,4.967915942638738998e-06,4.341070864747545042e-05,5.346767346246039318e-03,1.783961352459631777e-01,3.787791747866887659e-01,1.054327607554526591e-01,1.285252355878413293e-03,1.293166003303742400e-06
1.117127411791871475e-04,4.537974869773657438e-02,1.195379993638684690e-01,6.589383945541502086e-02,4.184655166445576738e-06,1.892010250466576258e-04,2.738432058570105382e-02,1.702594655011905878e-01,4.229441312856969115e-01,1.353660942274744761e-01,1.295268416791523804e-02,0.000000000000000000e+00
1.162150869063989587e-04,1.188277528855081339e-02,1.160339162712996641e-01,8.160978014474173925e-02,8.773662981390400691e-06,1.006505466198695737e-03,8.518963963177046683e-02,2.076198236461277991e-01,3.706601959937747548e-01,1.170415309919812519e-01,8.852119572520789764e-03,3.327383437618563976e-07
3.945248353653123979e-04,3.570509499484617651e-03,8.286843029272308869e-02,8.844923126588878637e-02,1.943944324623142483e-02,9.486099163208100427e-02,1.582208597778638759e-01,2.700713639293387813e-01,2.817041406609093190e-01,3.902572028349283518e-04,5.670524756521922664e-05,1.989332962615331622e-07
5.754385028171356270e-05,4.668415808096030607e-03,7.881033785275893318e-04,1.365619873728346756e-01,7.879476222496274108e-06,2.710053841322502266e-01,1.714700639106687963e-01,2.231722060255578732e-01,1.922259574157454132e-01,8.563121921467115395e-07,8.017803884998323861e-05,0.000000000000000000e+00
3.021462803720934790e-04,1.532511090454246466e-02,1.154934889857089572e-02,5.932301861093875611e-02,3.190337474115938904e-03,3.029537869513286852e-01,2.176368929152193987e-01,1.995557068226768704e-01,1.896907982118155589e-01,0.000000000000000000e+00,4.973414865987599775e-04,8.433521259553094042e-07
7.014410359374809861e-04,1.638981463400234276e-02,4.310357961074889194e-02,5.347040895293634494e-02,3.792190263298306913e-02,2.718150145126722039e-01,2.513151307616087182e-01,6.393664163859673344e-02,2.613271568839686254e-01,0.000000000000000000e+00,1.526532481609738635e-05,0.000000000000000000e+00
5.408186701931375838e-05,1.964066903382919241e-02,1.339073306602455229e-02,5.084506348515110269e-02,6.876886258993138157e-02,2.541415130780778631e-01,2.690164387765336951e-01,4.583764557287416672e-04,3.235367081645713072e-01,9.724457156131208619e-06,2.654110560244794456e-05,1.490770958257430206e-04
4.577541444739200186e-04,5.693885228012741592e-04,1.792090649863398752e-04,6.728082089523158837e-02,1.035662084216259632e-01,2.787739121469487991e-01,2.578856932111653899e-01,1.732544533170584972e-04,2.911407767166872551e-01,0.000000000000000000e+00,2.834698031066803685e-07,1.716453221738357011e-07
1.993542344131704906e-04,8.274822103068293910e-02,9.546805385790427603e-05,7.710191162082911942e-02,1.082365614923151975e-01,3.315464133484072318e-01,2.153338747255420793e-01,4.465425984871568277e-04,1.840841669037844019e-01,0.000000000000000000e+00,3.007495069347309650e-05,1.743023997105175185e-04
1.366066778085881081e-03,4.356077296514865305e-02,3.506166901647600996e-03,7.011671520106907418e-02,3.964337881083874332e-02,4.221952912439722594e-01,1.962780552162623204e-01,7.828141495054696808e-02,1.450723338371165960e-01,0.000000000000000000e+00,0.000000000000000000e+00,0.000000000000000000e+00
1.478394034173866056e-03,2.094689443102010218e-02,8.294531209474584332e-03,7.628570428347902777e-02,2.580351296623767388e-02,4.301358403110329132e-01,1.156497168335865466e-01,1.189126978929267997e-01,1.249788494753771295e-01,0.000000000000000000e+00,7.754006032685620275e-02,0.000000000000000000e+00
1.814618870165022550e-03,5.585185683064297288e-03,8.868331553235480127e-03,7.266450243161422240e-02,1.370416331141806332e-02,4.028989015797672657e-01,1.620360461833341564e-02,1.409319366726532463e-01,1.248672043053078856e-01,4.364858358005979473e-06,2.124855656107227930e-01,1.330652421648780560e-06
8.731588229266948505e-04,7.723449484456994230e-05,3.803464342947235604e-03,6.810408268729326031e-02,1.684174776877617880e-02,3.659882516899665150e-01,2.907412261944458914e-04,1.592541554969703899e-01,2.087703425643162025e-01,1.186336612911161568e-03,1.745974585682811553e-01,2.029898754298841736e-04
1.349822651882558655e-03,5.489836300023214280e-05,3.160005151401565755e-05,4.201276069683726466e-02,2.698449867316928680e-03,3.556937003423796817e-01,6.030165780483210026e-05,2.235922528003914667e-01,3.587215164614990792e-01,1.537234157796257307e-02,1.940850602277670783e-05,3.833971269981204097e-04
4.070857494598173498e-04,2.654578008041956228e-05,2.341073403071438741e-04,3.041601304499861463e-02,1.616156533088795649e-03,3.165190335821496670e-01,7.291541948333049312e-05,2.060912352834614047e-01,4.319337433749624866e-01,4.451849990260451024e-04,6.122297172658353395e-03,6.158018927393800121e-03
8.371627555789810200e-04,5.074363534824885037e-04,9.948470779420463556e-04,8.297857079929893409e-02,2.126667478092023110e-04,2.561871058299301507e-01,5.020573847930348999e-05,9.085107785616673703e-02,3.990821482128905084e-01,1.076882723241410211e-01,5.791525422516614202e-02,2.698431324353778478e-03
8.379452249346111808e-04,2.415159916073129789e-04,8.407228274573385826e-03,7.153525466993655713e-02,1.600438139127191356e-04,2.125808359700923633e-01,5.552644920617324702e-06,4.753121614776144207e-05,3.223186679057736259e-01,2.292968423792056676e-01,4.860144789121670361e-02,1.059803799217773346e-01
6.257817054876170602e-04,3.409837357339956976e-04,1.343548792815676355e-04,1.500974178555600225e-01,1.259117788968892686e-04,1.102492529920173353e-01,0.000000000000000000e+00,2.174344424171158197e-03,2.699943215935717289e-01,3.530968689369295421e-01,1.109252791614178182e-02,1.020808357814665113e-01
1.467292504326813849e-04,3.279933174787528702e-04,5.748502338281242624e-05,1.521578130799803308e-01,3.188439384601953337e-05,4.365090664430062301e-02,1.164583661805227550e-05,1.333334472680351041e-05,1.919393281663082096e-01,4.346714430782634975e-01,3.341959183992841698e-02,1.435926092573524271e-01
5.744815531662335805e-04,1.475153489059425488e-04,1.149618639933777908e-04,1.146549877507647558e-01,0.000000000000000000e+00,8.797635759527544855e-03,1.240977847927899966e-05,6.990226849866876951e-05,1.914801384256820949e-01,4.775846409387447533e-01,3.408707295761536499e-02,1.724903654359419558e-01
6.384742309513228374e-07,1.777881550029664754e-04,4.165311891393408406e-04,8.458702701075059005e-02,6.036429977519618936e-05,5.879112838276909204e-07,2.411213492724257339e-06,2.249916498388979648e-05,2.223077592239857680e-01,4.864051759443749900e-01,3.090429351262284283e-02,1.750926900288677923e-01
9.071103855674257589e-05,3.172414581986276474e-04,1.023158641158988970e-04,1.170311527428637283e-01,4.590666507631597417e-06,1.020626764620381282e-05,2.053275789336079160e-04,1.602798354740715797e-05,1.914646784957776404e-01,4.834241498279412963e-01,3.185486577374876255e-02,1.754941612963524800e-01
4.929132044453681753e-05,7.351818846084649372e-04,7.875161334981346252e-05,1.315185099043784112e-01,1.167453374759223052e-06,8.991711407304428096e-06,1.659538285428011488e-06,1.183187539208265840e-05,3.165148863865788198e-01,4.279583973587641754e-01,1.788179264878010655e-02,1.052539616027809849e-01
3.057443374714749647e-04,4.879101126374077273e-03,8.781935270892942888e-03,1.669162462848264861e-01,1.992727246786274282e-05,7.016460849609308320e-06,6.518085282414875299e-05,3.333334943598888016e-05,3.151506850559874229e-01,4.017739270054374034e-01,4.445991207300910644e-03,9.764038842647952687e-02
3.933541313050634223e-05,1.120441715261510582e-02,1.109089468687618069e-01,1.165763196733503315e-01,1.198360600798639549e-05,4.536984265202470440e-06,1.020129300673024859e-05,3.122760205380006027e-07,2.730527334379121984e-01,4.055735579474826213e-01,2.783599659490390999e-03,7.987670873376846725e-02
2.696086015714380113e-02,1.150745637748227038e-02,2.548386065985084117e-02,1.330634027188204449e-01,2.642541442294536400e-02,1.001530152300772343e-05,7.412715536046451935e-06,2.655397779678071658e-04,7.264969683397487499e-02,5.121924678759433025e-01,8.028112040754694766e-04,1.906576837252571544e-01
2.399828784736236450e-04,5.197702059759197815e-03,1.291410701167278532e-02,1.425083379631279790e-01,4.722894966617968877e-03,1.161219275903761609e-02,1.623325557473069124e-03,1.036581921678407791e-04,5.725346409445974949e-02,5.377660952452238963e-01,3.342309642985045212e-04,2.257525072576953007e-01
2.039189308641227709e-04,7.883775375480749081e-02,1.606051909898438546e-02,1.601834238390289766e-01,1.617290844790043078e-06,5.380339244958590346e-04,2.400266736124635132e-06,3.917846454093847149e-08,7.463833451091327173e-05,5.161843363924728534e-01,5.550515559858856113e-03,2.222620693952216120e-01
4.651560400766134584e-04,1.314731872720845997e-02,1.340633773580843235e-02,1.407310057176103246e-01,1.273750588327409380e-05,2.225347823743473088e-03,5.805666883203952400e-06,5.672303625158611801e-06,2.141121738724982293e-01,4.376530146077702854e-01,2.215551709445194063e-03,1.760247264263318512e-01
2.687063885973346613e-04,1.272197193045253652e-02,2.616907665123018034e-02,1.333027202428718194e-01,9.095946164982818873e-06,1.077662390753411598e-05,3.499189433915555361e-06,1.042197698234180326e-06,3.394484237260594894e-01,3.747027952412564922e-01,2.539559668562999493e-03,1.108378168002515374e-01
2.437319928993603743e-04,1.761856888989793077e-02,1.111810626295677285e-01,1.760384602799787146e-01,0.000000000000000000e+00,4.809582314550365535e-03,1.689790591429520421e-06,1.075633001697466501e-05,1.713771723411837700e-01,3.918133508428909284e-01,6.486190780604707577e-04,1.262676564548083358e-01
4.490602506767165129e-04,4.548084522522575363e-02,1.236507909009172818e-01,1.522234778214985040e-01,1.721083541643669818e-05,2.556642995135753257e-02,3.066559282589945843e-07,3.425307088515966306e-04,1.165262353700658171e-01,4.026349307468939931e-01,1.308437848978143180e-03,1.318164982371659577e-01
1.279002256541341143e-01,4.633227920637333040e-03,8.738822229433987343e-02,1.047956376617432128e-01,2.559678623287493793e-05,7.039957933586897358e-03,1.705454482609630989e-05,5.196279730801568394e-03,2.494515354740663854e-02,4.169574758907294565e-01,4.870244940271535247e-03,2.162658547534704323e-01
4.325818110529624887e-03,1.983649709696001101e-02,9.083663004197466140e-02,1.108145626403466422e-01,4.795472060002375198e-05,7.253231612631882465e-03,3.343952884143590993e-05,4.227407317600542086e-03,1.409084281207793367e-02,4.518061903937348189e-01,9.553096740947066197e-05,2.966429431473080469e-01
1.004604457095221309e-02,2.056391135486902721e-02,5.337281066751681929e-02,9.127782903138759174e-02,1.075051101288163292e-05,1.409648824284093042e-02,2.157487774615049939e-05,0.000000000000000000e+00,2.053797926179617810e-03,4.613337568976513814e-01,5.313979070984996451e-03,3.419550442910783139e-01
4.909185456406101045e-02,4.916576922776394465e-02,6.926809741057829428e-02,1.285527481341630918e-01,1.042473810219246944e-05,7.629434238923352499e-03,1.759097349058446881e-05,1.018457476999979429e-04,1.029611471995315122e-02,4.229984527292907637e-01,5.185373113345453965e-04,2.623785915010283243e-01
6.761635266923327840e-05,9.281788360927957504e-02,1.160663219980931082e-01,1.563193104729868055e-01,0.000000000000000000e+00,2.347703005101164572e-02,0.000000000000000000e+00,3.547284751551236170e-05,0.000000000000000000e+00,4.029048796296156310e-01,1.572078006959077935e-07,2.083225445564128031e-01
2.612194605039577550e-04,1.212859874910822700e-01,1.498387094394222629e-01,1.324068984321130071e-01,1.776482719087823457e-05,3.947489509760799750e-03,1.970040645043351208e-05,9.759716499472868921e-05,8.287514033505661085e-03,3.578533657029489556e-01,8.997939753974111652e-05,2.259181530300366780e-01
3.791297453898557091e-04,1.239557064647543866e-01,1.710304588804897608e-01,1.063625862478502354e-01,7.742713744605916854e-06,1.983506621183537752e-02,1.291231802535360627e-05,2.394229398861018321e-03,8.543903253197069475e-03,3.287242745713176428e-01,8.111611693868597578e-05,2.387080645802961976e-01
1.827690782157307759e-03,1.053901172302558614e-01,1.524127251493415935e-01,7.099399289189953222e-02,3.890398886872268214e-05,5.641031935455749491e-02,1.983169578518857628e-05,6.095920788012787299e-03,9.386632403495994217e-03,3.112302815479806584e-01,9.480840869788920231e-05,2.861247481875365262e-01
2.743472609666212925e-02,1.069064261180157627e-01,1.317364145395488184e-01,6.066521188844519602e-02,1.411375223499140085e-05,4.529130801075456625e-02,1.485868896370092190e-05,2.921581727512668081e-03,4.798913625608740297e-03,3.062090230757985032e-01,9.731852512535665856e-03,3.042980376971725631e-01
1.197038227629425820e-02,1.273634522327684315e-01,1.222813608632234428e-01,7.137927859939489916e-02,1.698688985147591443e-05,2.735432459462532051e-02,2.227015940124726950e-05,1.206373687188702051e-04,9.964650796062795787e-03,3.058468390479797128e-01,3.836797308304574008e-04,3.233242587997501305e-01
8.088205444618787321e-02,1.238364610122462406e-01,1.019359352672663671e-01,6.421955555401082094e-02,2.739773953441576688e-05,5.882645913604021143e-02,4.144435052420436397e-04,6.541675026053889348e-04,6.703324417322821353e-03,2.338106721333916838e-01,1.577078344705348670e-03,3.271421432201621626e-01
1.188589473247397416e-01,1.150778140567726010e-01,1.015098830616002895e-01,5.963956602456990663e-02,2.037006308220373146e-06,2.470227739215919913e-02,2.246015072287776360e-05,2.913406286473016471e-02,6.621494772613750225e-03,1.974830828871398658e-01,1.083896111875764828e-04,3.468926581671927245e-01
2.955080129564961050e-02,1.257752252213402977e-01,1.553607804473049192e-01,8.478886615850388109e-02,1.625764079747609993e-05,6.585188350604399832e-02,1.022616027592857810e-05,8.249575064148855809e-05,6.281216505115727947e-03,1.975955044610369360e-01,1.515391547417757763e-04,3.343910050102468223e-01
2.373920046162852210e-02,8.936443351424648573e-02,1.956339690206934101e-01,7.935785787830215710e-02,3.482564500056643179e-04,7.065611321767194253e-02,1.483154979297679627e-05,1.105025082724123697e-01,7.547234009968666404e-03,1.693162628592299601e-01,4.803439697845157045e-04,2.530699468248971407e-01
8.162045677042480130e-02,4.294577447678077364e-02,2.097121659846964969e-01,5.958024202105232509e-02,1.786529266082328884e-05,5.073664429395431663e-02,1.705421881803429037e-03,2.834938477810809432e-01,7.699367136034454898e-03,1.538306364943085591e-01,9.258148214179876884e-06,1.086910475496484785e-01
8.687593663575275682e-02,7.844791410432430667e-02,2.710941452136658159e-01,1.085198207025976080e-01,3.368225882824047454e-04,2.001177752224005957e-01,1.318769973687443516e-04,1.360122274181954083e-01,6.845688656795212781e-03,1.090270734525431717e-01,1.200044076164619113e-06,2.627275624002179885e-03
7.835227538460097507e-02,2.531305373519574659e-02,2.475009330708313193e-01,1.173622564523636863e-01,1.785333617164912333e-03,2.614801951158780002e-01,2.904519016479253923e-02,1.375664966045215265e-01,1.106334621117111873e-02,1.523751998407278185e-04,2.889833997079309380e-03,8.805346621742438096e-02
6.140029879960099551e-03,1.706123545781464482e-02,1.975839120301185747e-01,1.304714008160411665e-01,1.405217235685456883e-03,2.714974374459400153e-01,9.304048962514369081e-02,2.471305255990232930e-01,3.568614670681879292e-02,0.000000000000000000e+00,2.044751874878829220e-05,0.000000000000000000e+00
9.594873248460621020e-05,6.668351851362518123e-02,1.172584498482202031e-01,1.215285273829943002e-01,3.085458113024575934e-03,2.331147967881257721e-01,1.682285542812110846e-01,2.327365217714426060e-01,7.683292708653693438e-03,0.000000000000000000e+00,4.966803922877782718e-02,0.000000000000000000e+00
1.237716991830450702e-04,1.253541115760001545e-01,5.185393188220958210e-02,1.402208532248351014e-01,3.797765092008728582e-03,2.029484200552139073e-01,2.650504034828371491e-01,1.704049568877037124e-01,6.259154464304190861e-03,0.000000000000000000e+00,3.404320832201097186e-02,0.000000000000000000e+00
6.429578610298836128e-05,3.830433410767779268e-02,2.616208767507802874e-02,1.627235686877602228e-01,7.752146068483698436e-03,2.137423807917509522e-01,3.801123469234825025e-01,1.678827418570399965e-01,3.306632635765138772e-03,0.000000000000000000e+00,7.726953952275427716e-06,0.000000000000000000e+00
6.615045363525773022e-05,3.229287930189579658e-02,6.318417805101235463e-03,1.326944737534029028e-01,1.410013098320534591e-02,2.023658539294590220e-01,4.438095974508835528e-01,1.616640520680079629e-01,6.732919140332286126e-03,0.000000000000000000e+00,6.891910269895087151e-07,0.000000000000000000e+00
2.407998881889346007e-03,1.237018417217675553e-01,3.533161416244913478e-02,3.803590671062211798e-02,2.675866560836705210e-02,1.276754577702465254e-01,4.398438880380649563e-01,1.986720293915781033e-01,7.620812220857036030e-03,0.000000000000000000e+00,0.000000000000000000e+00,0.000000000000000000e+00
0.000000000000000000e+00,9.453228769667250397e-02,3.101521796384322299e-04,7.985875843519103789e-02,5.977855934197625308e-03,1.675981111785202760e-01,4.692676298979476246e-01,1.822236021246443627e-01,2.210204687209875549e-04,0.000000000000000000e+00,0.000000000000000000e+00,0.000000000000000000e+00
0.000000000000000000e+00,8.102741527755992490e-02,7.408325999733879341e-03,1.246208223733956538e-01,2.103759294095002702e-02,1.441090112042184013e-01,3.981150929744602940e-01,2.221012017799009752e-01,1.624702077939068614e-03,3.049589468105446611e-07,0.000000000000000000e+00,0.000000000000000000e+00
2.009962828572730512e-03,6.413614948891660505e-02,4.615579674056146525e-02,1.891500656273797099e-01,2.070313235025077539e-02,7.982552004820028801e-02,3.263766181878115513e-01,2.543655138797177861e-01,1.731144247644247902e-02,1.097225681859381903e-05,0.000000000000000000e+00,0.000000000000000000e+00
2.475468069524185531e-05,1.021107717508762669e-01,1.865928060417642448e-02,1.861460420979965391e-01,2.279914221429725149e-02,7.125871394789899671e-02,1.935267797826382696e-01,1.895624891560237224e-01,8.385225511807364862e-02,1.321051908402451069e-01,0.000000000000000000e+00,0.000000000000000000e+00
0.000000000000000000e+00,1.167150214492721633e-01,0.000000000000000000e+00,1.716047828560567645e-01,2.333215589541598467e-02,7.575363942075637180e-02,1.007658641417537443e-01,1.329179764978672962e-01,1.799589935777687055e-01,1.991636658511634073e-01,0.000000000000000000e+00,0.000000000000000000e+00
2.361241246379914877e-05,1.198826242363360411e-01,1.190814587682418205e-05,1.467419798737873704e-01,2.551281501823095960e-02,3.474592366254889569e-02,4.529702229800101204e-02,8.988070850196747119e-02,2.508613805581026424e-01,2.837347510367007608e-01,1.954936612331394176e-07,3.285909106464842203e-03
2.334440615791756522e-06,1.297282734210595256e-01,7.970676402222554022e-06,1.240534143232675107e-01,2.772803305346046437e-02,7.751229387725892817e-02,6.937882372909815257e-03,5.626790216945275896e-02,2.809200241501318973e-01,2.923530521608390109e-01,0.000000000000000000e+00,4.534997217697526485e-03
0.000000000000000000e+00,1.165609664009043533e-01,0.000000000000000000e+00,1.193263301898720707e-01,1.313175676901181047e-02,6.813154549438461827e-02,0.000000000000000000e+00,4.146830842873365508e-02,2.889180782375266321e-01,3.467282954172360432e-01,0.000000000000000000e+00,5.750272959932396441e-03
0.000000000000000000e+00,9.115682706960252790e-02,0.000000000000000000e+00,1.210264029823057558e-01,8.279348504524917246e-03,4.490706373769312587e-02,0.000000000000000000e+00,3.145100259669064637e-04,2.859105997761921536e-01,4.430395180759379992e-01,0.000000000000000000e+00,5.409316909287411809e-03
1.305573828535948847e-06,5.469487672580133214e-02,0.000000000000000000e+00,9.675494305890638969e-02,1.049695397628739273e-04,1.660095029939412327e-04,8.270190357892048697e-05,4.145109409947466544e-02,2.686474408963360205e-01,5.286751204943189730e-01,0.000000000000000000e+00,9.464272200197246937e-03
0.000000000000000000e+00,5.178216167881227738e-02,0.000000000000000000e+00,8.157366418999363600e-02,5.224715255001187810e-05,3.009573230868573153e-04,4.508997499486663667e-05,3.375438285032905401e-04,2.944786305648164348e-01,5.641444018386484460e-01,0.000000000000000000e+00,7.343784771961566621e-03
0.000000000000000000e+00,5.462838079256980561e-02,0.000000000000000000e+00,5.028354023783666860e-02,0.000000000000000000e+00,4.351946681922394078e-04,0.000000000000000000e+00,9.003424104364340463e-05,3.327837246163461993e-01,5.557502847868628360e-01,0.000000000000000000e+00,6.052065087788455026e-03
0.000000000000000000e+00,5.267027218414459255e-02,0.000000000000000000e+00,4.730069997221594130e-02,0.000000000000000000e+00,1.183133409186411741e-05,0.000000000000000000e+00,0.000000000000000000e+00,3.690219328050570180e-01,5.273247410032664284e-01,0.000000000000000000e+00,3.715102687079560855e-03
0.000000000000000000e+00,5.088773317274677965e-02,4.170730652131704684e-06,7.758546931733308061e-02,4.073606009211501945e-06,2.686451232692638560e-05,0.000000000000000000e+00,0.000000000000000000e+00,3.789756226846902609e-01,4.850093478293689975e-01,0.000000000000000000e+00,7.567568313407814669e-03
0.000000000000000000e+00,2.254381623419235425e-02,0.000000000000000000e+00,9.092634180770456376e-02,0.000000000000000000e+00,2.190095164336699742e-05,0.000000000000000000e+00,0.000000000000000000e+00,3.637143225351591735e-01,5.146133647252275622e-01,0.000000000000000000e+00,8.224759926193142903e-03
0.000000000000000000e+00,2.184580242974726652e-02,0.000000000000000000e+00,9.289440202405895020e-02,0.000000000000000000e+00,3.186375453012980672e-06,0.000000000000000000e+00,0.000000000000000000e+00,3.314801306784951884e-01,5.475077321887530379e-01,0.000000000000000000e+00,6.319437470300735653e-03
0.000000000000000000e+00,2.716929960914107184e-02,0.000000000000000000e+00,8.795845747086969424e-02,0.000000000000000000e+00,3.140681813826749309e-06,0.000000000000000000e+00,0.000000000000000000e+00,2.699413004572783215e-01,6.092609416793620669e-01,0.000000000000000000e+00,5.718146470706246022e-03
1.190968394780217745e-06,2.138199521889566287e-02,1.282151419657085893e-05,1.314650100321961834e-01,7.747087661964803496e-06,7.654779681479079558e-05,0.000000000000000000e+00,1.333283098828034527e-06,2.283472755906555129e-01,6.145793385555424759e-01,0.000000000000000000e+00,4.192451411830928551e-03
0.000000000000000000e+00,2.969582423142202998e-02,1.432963170643888114e-03,1.959356097255531004e-01,0.000000000000000000e+00,3.488012012392217603e-06,0.000000000000000000e+00,5.976633808001641741e-09,1.535345432972776980e-01,6.115147209126247096e-01,0.000000000000000000e+00,7.873778042198317437e-03
0.000000000000000000e+00,4.689642855199158827e-02,4.049311117272674787e-02,2.625650850430933381e-01,0.000000000000000000e+00,4.369345223035377840e-02,0.000000000000000000e+00,0.000000000000000000e+00,4.460961431544097078e-02,5.534466055644496896e-01,0.000000000000000000e+00,8.344920889340159270e-03
1.118030147596866760e-06,5.632225003752816539e-02,1.294017848652278257e-01,2.748932454421925131e-01,0.000000000000000000e+00,3.108886570413920032e-03,3.544793357246415617e-07,5.668516017760060659e-07,4.111845284661371988e-03,5.299283460389517808e-01,8.901287180149056083e-07,2.173940821816594451e-03
0.000000000000000000e+00,9.650555425468151927e-03,1.874092731782131815e-01,2.024371736473383476e-01,0.000000000000000000e+00,1.110387395508675838e-04,0.000000000000000000e+00,0.000000000000000000e+00,1.056792628275952207e-04,5.323762314655811068e-01,0.000000000000000000e+00,6.794594778673834767e-02
0.000000000000000000e+00,1.239961814944583046e-01,2.000489438455815006e-01,4.599914934688723034e-02,3.334270690506335728e-06,3.875662214089920649e-02,0.000000000000000000e+00,0.000000000000000000e+00,2.602301652860962946e-06,5.524876384507942939e-01,2.425256203539958030e-07,3.875032059873394219e-02
0.000000000000000000e+00,1.581108103227615858e-01,1.836537539276809905e-01,2.351597499755235521e-02,0.000000000000000000e+00,4.937635930345087715e-02,0.000000000000000000e+00,0.000000000000000000e+00,0.000000000000000000e+00,5.768732162978335021e-01,0.000000000000000000e+00,8.515616874181414914e-03
0.000000000000000000e+00,1.867400667646146317e-01,5.183612944771227166e-02,1.027484253038535387e-03,0.000000000000000000e+00,5.562821832756994350e-02,3.257381470035435045e-02,0.000000000000000000e+00,5.151374690926971656e-05,5.883766468427289453e-01,0.000000000000000000e+00,8.379269938539131435e-02
0.000000000000000000e+00,1.979717817129095225e-01,7.313762675062791818e-02,2.192953407657179370e-03,2.000506692099781117e-03,1.390362130594970935e-01,0.000000000000000000e+00,0.000000000000000000e+00,3.804390126329080819e-03,5.455873684329015649e-01,0.000000000000000000e+00,3.632269922176363519e-02
0.000000000000000000e+00,2.653131909025642776e-01,1.124818603830044644e-01,1.068317765646915711e-03,0.000000000000000000e+00,1.070048804945370469e-01,0.000000000000000000e+00,9.438655783652002973e-02,0.000000000000000000e+00,4.188402748960881605e-01,0.000000000000000000e+00,9.523430119372019043e-04
1.955649965499169551e-04,2.108217220335517617e-01,3.884101430375049013e-02,5.346929067129143004e-04,7.215577977750355706e-05,1.933439654217278814e-01,1.981676165751654852e-05,3.791029756623102709e-01,4.929852776709877163e-03,1.477869047896178678e-01,8.172724123976998073e-03,1.607876453942396616e-02
0.000000000000000000e+00,2.146090542240131072e-01,9.225799893492393986e-06,4.269668194536615342e-04,0.000000000000000000e+00,2.336944050683303076e-01,1.050905303543297337e-01,4.436036041451684730e-01,2.618722189791642448e-03,0.000000000000000000e+00,0.000000000000000000e+00,0.000000000000000000e+00
0.000000000000000000e+00,2.568983849882867099e-01,1.475184767497886469e-03,2.874574638542832725e-03,0.000000000000000000e+00,1.427566581954634595e-01,2.145635678393819357e-01,3.792576795172727389e-01,2.227003441013975741e-03,0.000000000000000000e+00,0.000000000000000000e+00,0.000000000000000000e+00
0.000000000000000000e+00,2.445279457693625702e-01,5.727139864580881728e-02,3.450957915993050230e-03,0.000000000000000000e+00,1.589915235176573571e-01,3.030171887681575860e-01,2.309184100625017444e-01,1.872456715670479900e-03,0.000000000000000000e+00,0.000000000000000000e+00,0.000000000000000000e+00
0.000000000000000000e+00,2.607866242098236254e-01,1.038732996442720411e-04,1.023405994434589163e-03,0.000000000000000000e+00,1.467511568318227988e-01,2.951477744067764752e-01,2.962002027017381911e-01,4.156590620337345530e-05,0.000000000000000000e+00,0.000000000000000000e+00,0.000000000000000000e+00
