 (-4.132831000000000005e-04-4.800760000000000162e-04j), (1.938690900000000078e-02+2.252013010000000065e-02j), (0.000000000000000000e+00+0.000000000000000000e+00j), (-3.317326885999999919e-01-3.853457659999999785e-01j), (6.919749999999999469e-04+8.038086999999999533e-04j), (-3.246020820000000001e-02-3.770627440000000330e-02j), (0.000000000000000000e+00+0.000000000000000000e+00j), (5.554321276999999446e-01+6.451984566999999782e-01j), (0.000000000000000000e+00+0.000000000000000000e+00j), (0.000000000000000000e+00+0.000000000000000000e+00j), (0.000000000000000000e+00+0.000000000000000000e+00j), (0.000000000000000000e+00+0.000000000000000000e+00j), (-9.363429999999999898e-05-1.087671000000000043e-04j), (4.392339900000000186e-03+5.102209199999999979e-03j), (0.000000000000000000e+00+0.000000000000000000e+00j), (-7.515807280000000312e-02-8.730476709999999974e-02j)
 (0.000000000000000000e+00+0.000000000000000000e+00j), (0.000000000000000000e+00+0.000000000000000000e+00j), (3.322989613999999814e-01+3.860035571000000054e-01j), (0.000000000000000000e+00+0.000000000000000000e+00j), (0.000000000000000000e+00+0.000000000000000000e+00j), (0.000000000000000000e+00+0.000000000000000000e+00j), (-5.563802587999999716e-01-6.462998202999999942e-01j), (0.000000000000000000e+00+0.000000000000000000e+00j), (0.000000000000000000e+00+0.000000000000000000e+00j), (0.000000000000000000e+00+0.000000000000000000e+00j), (0.000000000000000000e+00+0.000000000000000000e+00j), (0.000000000000000000e+00+0.000000000000000000e+00j), (0.000000000000000000e+00+0.000000000000000000e+00j), (0.000000000000000000e+00+0.000000000000000000e+00j), (7.528636869999999481e-02+8.745379770000000219e-02j), (0.000000000000000000e+00+0.000000000000000000e+00j)
 (3.322234817999999978e-01+3.859158789000000089e-01j), (7.082220200000000250e-03+8.226815400000000306e-03j), (0.000000000000000000e+00+0.000000000000000000e+00j), (0.000000000000000000e+00+0.000000000000000000e+00j), (-5.562538807000000363e-01-6.461530174999999820e-01j), (-1.185801939999999929e-02-1.377445679999999943e-02j), (0.000000000000000000e+00+0.000000000000000000e+00j), (0.000000000000000000e+00+0.000000000000000000e+00j), (0.000000000000000000e+00+0.000000000000000000e+00j), (0.000000000000000000e+00+0.000000000000000000e+00j), (0.000000000000000000e+00+0.000000000000000000e+00j), (0.000000000000000000e+00+0.000000000000000000e+00j), (7.526926790000000589e-02+8.743393309999999974e-02j), (1.604563100000000074e-03+1.863885000000000021e-03j), (0.000000000000000000e+00+0.000000000000000000e+00j), (0.000000000000000000e+00+0.000000000000000000e+00j)
 (1.760769078999999959e-01+2.045336299000000135e-01j), (7.901709190000000271e-02+9.178746270000000262e-02j), (0.000000000000000000e+00+0.000000000000000000e+00j), (4.068135829999999786e-02+4.725608810000000298e-02j), (1.087150345999999962e-01+1.262850473999999890e-01j), (-1.237964255000000013e-01-1.438038217000000007e-01j), (0.000000000000000000e+00+0.000000000000000000e+00j), (-6.644716509999999687e-02-7.718604349999999559e-02j), (0.000000000000000000e+00+0.000000000000000000e+00j), (0.000000000000000000e+00+0.000000000000000000e+00j), (0.000000000000000000e+00+0.000000000000000000e+00j), (0.000000000000000000e+00+0.000000000000000000e+00j), (-1.795959900000000057e-03-2.086214500000000034e-03j), (5.226358550000000103e-02+6.071018050000000221e-02j), (0.000000000000000000e+00+0.000000000000000000e+00j), (-5.936778848000000552e-01-6.896253131999999786e-01j)
 (-7.938430999999999483e-04-9.221402999999999978e-04j), (-3.336526570000000053e-02-3.875760300000000158e-02j), (0.000000000000000000e+00+0.000000000000000000e+00j), (5.591262044999999459e-01+6.494895527999999807e-01j), (-5.050547999999999539e-04-5.866794000000000262e-04j), (-1.843986229999999837e-02-2.142002620000000093e-02j), (0.000000000000000000e+00+0.000000000000000000e+00j), (3.340259570999999927e-01+3.880096618000000164e-01j), (0.000000000000000000e+00+0.000000000000000000e+00j), (0.000000000000000000e+00+0.000000000000000000e+00j), (0.000000000000000000e+00+0.000000000000000000e+00j), (0.000000000000000000e+00+0.000000000000000000e+00j), (8.933199999999999445e-06+1.037700000000000077e-05j), (-1.482440000000000125e-04-1.722024999999999966e-04j), (0.000000000000000000e+00+0.000000000000000000e+00j), (-8.674700000000000141e-06-1.007669999999999959e-05j)
 (0.000000000000000000e+00+0.000000000000000000e+00j), (0.000000000000000000e+00+0.000000000000000000e+00j), (-5.601221075000000216e-01-6.506464090000000366e-01j), (0.000000000000000000e+00+0.000000000000000000e+00j), (0.000000000000000000e+00+0.000000000000000000e+00j), (0.000000000000000000e+00+0.000000000000000000e+00j), (-3.345337862000000162e-01-3.885995637999999919e-01j), (0.000000000000000000e+00+0.000000000000000000e+00j), (0.000000000000000000e+00+0.000000000000000000e+00j), (0.000000000000000000e+00+0.000000000000000000e+00j), (0.000000000000000000e+00+0.000000000000000000e+00j), (0.000000000000000000e+00+0.000000000000000000e+00j), (0.000000000000000000e+00+0.000000000000000000e+00j), (0.000000000000000000e+00+0.000000000000000000e+00j), (0.000000000000000000e+00+0.000000000000000000e+00j), (0.000000000000000000e+00+0.000000000000000000e+00j)
 (3.373880114999999735e-01+3.919150755999999958e-01j), (-2.601483886000000023e-01-3.021923478999999912e-01j), (0.000000000000000000e+00+0.000000000000000000e+00j), (-1.562375400000000011e-02-1.814879159999999853e-02j), (1.885654421000000081e-01+2.190405022999999951e-01j), (4.516380522999999814e-01+5.246296708000000031e-01j), (0.000000000000000000e+00+0.000000000000000000e+00j), (2.615942060000000027e-02+3.038718309999999950e-02j), (0.000000000000000000e+00+0.000000000000000000e+00j), (0.000000000000000000e+00+0.000000000000000000e+00j), (0.000000000000000000e+00+0.000000000000000000e+00j), (0.000000000000000000e+00+0.000000000000000000e+00j), (1.290607700000000061e-03+1.499189599999999935e-03j), (-6.054177339999999852e-02-7.032625010000000121e-02j), (0.000000000000000000e+00+0.000000000000000000e+00j), (-3.539751399999999971e-03-4.111829299999999673e-03j)
 (1.191742540000000072e-02+1.384346369999999923e-02j), (-5.590405886000000546e-01-6.493901000999999784e-01j), (0.000000000000000000e+00+0.000000000000000000e+00j), (-3.268593859999999879e-02-3.796848629999999974e-02j), (7.117700599999999579e-03+8.268029899999999530e-03j), (-3.338878473999999930e-01-3.878492313999999941e-01j), (0.000000000000000000e+00+0.000000000000000000e+00j), (-1.952172690000000127e-02-2.267673660000000049e-02j), (0.000000000000000000e+00+0.000000000000000000e+00j), (0.000000000000000000e+00+0.000000000000000000e+00j), (0.000000000000000000e+00+0.000000000000000000e+00j), (0.000000000000000000e+00+0.000000000000000000e+00j), (0.000000000000000000e+00+0.000000000000000000e+00j), (0.000000000000000000e+00+0.000000000000000000e+00j), (0.000000000000000000e+00+0.000000000000000000e+00j), (0.000000000000000000e+00+0.000000000000000000e+00j)
 (0.000000000000000000e+00+0.000000000000000000e+00j), (0.000000000000000000e+00+0.000000000000000000e+00j), (0.000000000000000000e+00+0.000000000000000000e+00j), (0.000000000000000000e+00+0.000000000000000000e+00j), (0.000000000000000000e+00+0.000000000000000000e+00j), (0.000000000000000000e+00+0.000000000000000000e+00j), (0.000000000000000000e+00+0.000000000000000000e+00j), (0.000000000000000000e+00+0.000000000000000000e+00j), (8.114183000000000506e-04+9.425559999999999928e-04j), (-3.806323689999999843e-02-4.421483830000000337e-02j), (0.000000000000000000e+00+0.000000000000000000e+00j), (6.513065032000000532e-01+7.565675979000000551e-01j), (0.000000000000000000e+00+0.000000000000000000e+00j), (0.000000000000000000e+00+0.000000000000000000e+00j), (0.000000000000000000e+00+0.000000000000000000e+00j), (0.000000000000000000e+00+0.000000000000000000e+00j)
 (0.000000000000000000e+00+0.000000000000000000e+00j), (0.000000000000000000e+00+0.000000000000000000e+00j), (0.000000000000000000e+00+0.000000000000000000e+00j), (0.000000000000000000e+00+0.000000000000000000e+00j), (0.000000000000000000e+00+0.000000000000000000e+00j), (0.000000000000000000e+00+0.000000000000000000e+00j), (0.000000000000000000e+00+0.000000000000000000e+00j), (0.000000000000000000e+00+0.000000000000000000e+00j), (0.000000000000000000e+00+0.000000000000000000e+00j), (0.000000000000000000e+00+0.000000000000000000e+00j), (-6.524182933000000073e-01-7.578590704000000011e-01j), (0.000000000000000000e+00+0.000000000000000000e+00j), (0.000000000000000000e+00+0.000000000000000000e+00j), (0.000000000000000000e+00+0.000000000000000000e+00j), (0.000000000000000000e+00+0.000000000000000000e+00j), (0.000000000000000000e+00+0.000000000000000000e+00j)
 (0.000000000000000000e+00+0.000000000000000000e+00j), (0.000000000000000000e+00+0.000000000000000000e+00j), (0.000000000000000000e+00+0.000000000000000000e+00j), (0.000000000000000000e+00+0.000000000000000000e+00j), (0.000000000000000000e+00+0.000000000000000000e+00j), (0.000000000000000000e+00+0.000000000000000000e+00j), (0.000000000000000000e+00+0.000000000000000000e+00j), (0.000000000000000000e+00+0.000000000000000000e+00j), (-6.522701008000000300e-01-7.576869276000000042e-01j), (-1.390485850000000058e-02-1.615209639999999960e-02j), (0.000000000000000000e+00+0.000000000000000000e+00j), (0.000000000000000000e+00+0.000000000000000000e+00j), (0.000000000000000000e+00+0.000000000000000000e+00j), (0.000000000000000000e+00+0.000000000000000000e+00j), (0.000000000000000000e+00+0.000000000000000000e+00j), (0.000000000000000000e+00+0.000000000000000000e+00j)
 (0.000000000000000000e+00+0.000000000000000000e+00j), (0.000000000000000000e+00+0.000000000000000000e+00j), (0.000000000000000000e+00+0.000000000000000000e+00j), (0.000000000000000000e+00+0.000000000000000000e+00j), (0.000000000000000000e+00+0.000000000000000000e+00j), (0.000000000000000000e+00+0.000000000000000000e+00j), (0.000000000000000000e+00+0.000000000000000000e+00j), (0.000000000000000000e+00+0.000000000000000000e+00j), (1.388116319999999938e-02+1.612457150000000047e-02j), (-6.511585631999999846e-01-7.563957485000000203e-01j), (0.000000000000000000e+00+0.000000000000000000e+00j), (-3.807188470000000269e-02-4.422488370000000196e-02j), (0.000000000000000000e+00+0.000000000000000000e+00j), (0.000000000000000000e+00+0.000000000000000000e+00j), (0.000000000000000000e+00+0.000000000000000000e+00j), (0.000000000000000000e+00+0.000000000000000000e+00j)
 (-4.109758253999999944e-01-4.773958059000000254e-01j), (-1.902065579999999978e-01-2.209468475999999959e-01j), (0.000000000000000000e+00+0.000000000000000000e+00j), (2.901609500000000043e-03+3.370553999999999998e-03j), (-2.540279698999999836e-01-2.950827759999999911e-01j), (2.986131509000000128e-01+3.468736043000000269e-01j), (0.000000000000000000e+00+0.000000000000000000e+00j), (-8.750588999999999590e-03-1.016481810000000041e-02j), (0.000000000000000000e+00+0.000000000000000000e+00j), (0.000000000000000000e+00+0.000000000000000000e+00j), (0.000000000000000000e+00+0.000000000000000000e+00j), (0.000000000000000000e+00+0.000000000000000000e+00j), (2.145982500000000008e-03+2.492806099999999789e-03j), (-2.599190839999999947e-02-3.019259839999999945e-02j), (0.000000000000000000e+00+0.000000000000000000e+00j), (-2.571084706999999803e-01-2.986611328000000065e-01j)
 (0.000000000000000000e+00+0.000000000000000000e+00j), (0.000000000000000000e+00+0.000000000000000000e+00j), (-3.860381329999999778e-02-4.484278010000000009e-02j), (0.000000000000000000e+00+0.000000000000000000e+00j), (0.000000000000000000e+00+0.000000000000000000e+00j), (0.000000000000000000e+00+0.000000000000000000e+00j), (6.463577119999999732e-02+7.508190060000000110e-02j), (0.000000000000000000e+00+0.000000000000000000e+00j), (0.000000000000000000e+00+0.000000000000000000e+00j), (0.000000000000000000e+00+0.000000000000000000e+00j), (0.000000000000000000e+00+0.000000000000000000e+00j), (0.000000000000000000e+00+0.000000000000000000e+00j), (0.000000000000000000e+00+0.000000000000000000e+00j), (0.000000000000000000e+00+0.000000000000000000e+00j), (6.480598677000000141e-01+7.527962565000000383e-01j), (0.000000000000000000e+00+0.000000000000000000e+00j)
 (3.740066969999999991e-02+4.344519000000000158e-02j), (2.722261999999999924e-04+3.162220999999999890e-04j), (0.000000000000000000e+00+0.000000000000000000e+00j), (-3.068570000000000336e-05-3.564490000000000155e-05j), (-6.535953379999999424e-02-7.592263439999999419e-02j), (-5.141708000000000476e-04-5.972686999999999961e-04j), (0.000000000000000000e+00+0.000000000000000000e+00j), (5.137810000000000196e-05+5.968160000000000132e-05j), (0.000000000000000000e+00+0.000000000000000000e+00j), (0.000000000000000000e+00+0.000000000000000000e+00j), (0.000000000000000000e+00+0.000000000000000000e+00j), (0.000000000000000000e+00+0.000000000000000000e+00j), (-6.479078180999999770e-01-7.526196333000000349e-01j), (-1.393082539999999925e-02-1.618226000000000039e-02j), (0.000000000000000000e+00+0.000000000000000000e+00j), (-6.952200000000000115e-06-8.075799999999999827e-06j)
 (8.213531999999999951e-04+9.540964000000000085e-04j), (-3.852927460000000331e-02-4.475619480000000289e-02j), (0.000000000000000000e+00+0.000000000000000000e+00j), (-2.252726400000000170e-03-2.616801499999999933e-03j), (-1.375221499999999993e-03-1.597478399999999969e-03j), (6.451096839999999333e-02+7.493692779999999720e-02j), (0.000000000000000000e+00+0.000000000000000000e+00j), (3.771821900000000161e-03+4.381406099999999616e-03j), (0.000000000000000000e+00+0.000000000000000000e+00j), (0.000000000000000000e+00+0.000000000000000000e+00j), (0.000000000000000000e+00+0.000000000000000000e+00j), (0.000000000000000000e+00+0.000000000000000000e+00j), (-1.378843119999999950e-02-1.601685259999999916e-02j), (6.468085530999999611e-01+7.513427102999999940e-01j), (0.000000000000000000e+00+0.000000000000000000e+00j), (3.781754870000000185e-02+4.392944309999999991e-02j)
