0.000000000000000000e+00,9.775174237129118371e-01,0.000000000000000000e+00,9.999197765377686453e-01,0.000000000000000000e+00,0.000000000000000000e+00,0.000000000000000000e+00,0.000000000000000000e+00,0.000000000000000000e+00,2.360048476350133095e-01,0.000000000000000000e+00,0.000000000000000000e+00
0.000000000000000000e+00,1.000000000000000000e+00,0.000000000000000000e+00,1.000000000000000000e+00,0.000000000000000000e+00,0.000000000000000000e+00,0.000000000000000000e+00,0.000000000000000000e+00,0.000000000000000000e+00,1.802622938027729493e-01,0.000000000000000000e+00,0.000000000000000000e+00
0.000000000000000000e+00,9.361038349816190873e-01,0.000000000000000000e+00,9.884368039255918559e-01,0.000000000000000000e+00,0.000000000000000000e+00,0.000000000000000000e+00,0.000000000000000000e+00,0.000000000000000000e+00,2.523049161965472131e-01,0.000000000000000000e+00,0.000000000000000000e+00
0.000000000000000000e+00,9.763894888704413022e-01,0.000000000000000000e+00,9.759416078767111369e-01,0.000000000000000000e+00,0.000000000000000000e+00,0.000000000000000000e+00,0.000000000000000000e+00,0.000000000000000000e+00,2.448937450596026799e-01,0.000000000000000000e+00,0.000000000000000000e+00
0.000000000000000000e+00,1.000000000000000000e+00,0.000000000000000000e+00,8.852835264062404175e-01,0.000000000000000000e+00,0.000000000000000000e+00,0.000000000000000000e+00,0.000000000000000000e+00,0.000000000000000000e+00,3.070458588217476747e-01,0.000000000000000000e+00,0.000000000000000000e+00
0.000000000000000000e+00,9.960031161850694259e-01,0.000000000000000000e+00,7.514305134350153237e-01,0.000000000000000000e+00,0.000000000000000000e+00,0.000000000000000000e+00,0.000000000000000000e+00,0.000000000000000000e+00,4.251812139608855956e-01,0.000000000000000000e+00,0.000000000000000000e+00
0.000000000000000000e+00,9.995763807189617101e-01,0.000000000000000000e+00,5.419615441846256099e-01,0.000000000000000000e+00,0.000000000000000000e+00,0.000000000000000000e+00,0.000000000000000000e+00,0.000000000000000000e+00,6.985401428842159532e-01,0.000000000000000000e+00,0.000000000000000000e+00
0.000000000000000000e+00,9.999986381173465722e-01,0.000000000000000000e+00,6.837439858054714659e-01,0.000000000000000000e+00,0.000000000000000000e+00,0.000000000000000000e+00,0.000000000000000000e+00,0.000000000000000000e+00,5.414277397825527638e-01,0.000000000000000000e+00,0.000000000000000000e+00
0.000000000000000000e+00,1.000000000000000000e+00,0.000000000000000000e+00,8.766598750097481796e-01,0.000000000000000000e+00,2.127960197951458687e-01,0.000000000000000000e+00,1.129268498639809243e-01,0.000000000000000000e+00,2.097726684389481996e-03,0.000000000000000000e+00,0.000000000000000000e+00
0.000000000000000000e+00,8.565691008291042019e-01,0.000000000000000000e+00,1.643104027225307795e-01,0.000000000000000000e+00,5.784579670569339749e-01,0.000000000000000000e+00,6.310621728293009935e-01,0.000000000000000000e+00,0.000000000000000000e+00,0.000000000000000000e+00,0.000000000000000000e+00
0.000000000000000000e+00,2.744875659480072727e-01,0.000000000000000000e+00,1.404951065116908648e-01,0.000000000000000000e+00,9.442300531184852908e-01,2.036285922031246670e-02,8.725203664034341111e-01,0.000000000000000000e+00,0.000000000000000000e+00,0.000000000000000000e+00,0.000000000000000000e+00
0.000000000000000000e+00,3.635993847646882410e-02,1.129544020096608439e-02,4.069671243847080011e-01,0.000000000000000000e+00,9.319960149175967601e-01,4.580251380939930755e-02,7.833462679118037286e-01,0.000000000000000000e+00,0.000000000000000000e+00,0.000000000000000000e+00,0.000000000000000000e+00
0.000000000000000000e+00,2.074527637880548836e-01,0.000000000000000000e+00,8.996419915873231643e-01,0.000000000000000000e+00,4.348149143552780815e-01,0.000000000000000000e+00,7.105598974057030226e-01,0.000000000000000000e+00,0.000000000000000000e+00,0.000000000000000000e+00,0.000000000000000000e+00
0.000000000000000000e+00,5.339101273654313085e-01,0.000000000000000000e+00,9.533357929325205760e-01,0.000000000000000000e+00,1.747131116151355579e-02,0.000000000000000000e+00,8.897672786581690973e-03,0.000000000000000000e+00,7.338954183727763869e-01,0.000000000000000000e+00,0.000000000000000000e+00
0.000000000000000000e+00,5.353251210924040437e-01,0.000000000000000000e+00,8.042553083769308220e-01,0.000000000000000000e+00,3.605547354783340819e-02,0.000000000000000000e+00,5.676955475998429713e-04,0.000000000000000000e+00,8.732570552104005346e-01,0.000000000000000000e+00,0.000000000000000000e+00
0.000000000000000000e+00,5.786319918474354118e-01,0.000000000000000000e+00,8.814850442071880954e-01,0.000000000000000000e+00,2.554837317586600154e-02,0.000000000000000000e+00,3.299693165768953929e-03,0.000000000000000000e+00,7.709431084547428981e-01,0.000000000000000000e+00,0.000000000000000000e+00
0.000000000000000000e+00,6.534173511281876623e-02,0.000000000000000000e+00,6.266513851134347668e-01,0.000000000000000000e+00,8.462631685019048611e-01,0.000000000000000000e+00,7.159652903231866761e-01,0.000000000000000000e+00,0.000000000000000000e+00,0.000000000000000000e+00,0.000000000000000000e+00
0.000000000000000000e+00,7.534956852171995068e-02,0.000000000000000000e+00,3.865381915728987594e-01,0.000000000000000000e+00,8.195461639371451890e-01,0.000000000000000000e+00,9.719076649817415259e-01,0.000000000000000000e+00,0.000000000000000000e+00,0.000000000000000000e+00,0.000000000000000000e+00
0.000000000000000000e+00,2.937709659542948604e-01,0.000000000000000000e+00,3.000207384750824824e-01,0.000000000000000000e+00,6.675278997727778219e-01,0.000000000000000000e+00,9.908722147977114814e-01,0.000000000000000000e+00,0.000000000000000000e+00,0.000000000000000000e+00,0.000000000000000000e+00
0.000000000000000000e+00,4.076583941822792823e-01,0.000000000000000000e+00,3.038864148392180775e-01,0.000000000000000000e+00,8.810287513732256715e-01,0.000000000000000000e+00,6.591240920892993405e-01,0.000000000000000000e+00,0.000000000000000000e+00,0.000000000000000000e+00,0.000000000000000000e+00
0.000000000000000000e+00,7.983584751982070182e-01,0.000000000000000000e+00,7.002587486587302790e-01,0.000000000000000000e+00,5.271758907830235291e-02,0.000000000000000000e+00,7.076745617077889391e-03,0.000000000000000000e+00,6.909422478924851507e-01,0.000000000000000000e+00,0.000000000000000000e+00
0.000000000000000000e+00,6.779750923696845621e-01,0.000000000000000000e+00,5.742612578161510051e-01,0.000000000000000000e+00,2.810655753053008937e-02,0.000000000000000000e+00,2.331504214517733653e-02,0.000000000000000000e+00,9.448741438569039364e-01,0.000000000000000000e+00,0.000000000000000000e+00
0.000000000000000000e+00,4.736650949055528637e-01,2.318604909749580507e-03,4.166655980362019007e-01,0.000000000000000000e+00,6.482262411219493758e-01,0.000000000000000000e+00,6.932396322165027547e-01,0.000000000000000000e+00,0.000000000000000000e+00,0.000000000000000000e+00,0.000000000000000000e+00
0.000000000000000000e+00,1.655936752071155704e-01,0.000000000000000000e+00,1.933829986882922569e-01,0.000000000000000000e+00,9.844829999680223542e-01,0.000000000000000000e+00,9.044386000290840499e-01,0.000000000000000000e+00,0.000000000000000000e+00,0.000000000000000000e+00,0.000000000000000000e+00
0.000000000000000000e+00,1.156344108313634711e-01,0.000000000000000000e+00,3.347518872234814258e-01,0.000000000000000000e+00,9.716316634185432344e-01,2.665494018291458215e-03,8.386393515555805589e-01,0.000000000000000000e+00,0.000000000000000000e+00,0.000000000000000000e+00,0.000000000000000000e+00
0.000000000000000000e+00,1.217834403087388745e-01,0.000000000000000000e+00,5.999813539452329980e-01,0.000000000000000000e+00,7.003273004382222222e-01,0.000000000000000000e+00,8.255073358600766298e-01,0.000000000000000000e+00,0.000000000000000000e+00,0.000000000000000000e+00,0.000000000000000000e+00
0.000000000000000000e+00,4.123243305524134095e-01,0.000000000000000000e+00,9.165672226284276025e-01,0.000000000000000000e+00,8.797552876210324932e-03,0.000000000000000000e+00,4.508300710338471184e-02,0.000000000000000000e+00,8.574871412259261749e-01,0.000000000000000000e+00,0.000000000000000000e+00
0.000000000000000000e+00,4.438662135323335201e-01,0.000000000000000000e+00,8.324072607170175386e-01,0.000000000000000000e+00,5.412218419468792056e-03,0.000000000000000000e+00,4.835124978983403835e-05,0.000000000000000000e+00,1.000000000000000000e+00,0.000000000000000000e+00,0.000000000000000000e+00
0.000000000000000000e+00,5.111971051138802791e-01,0.000000000000000000e+00,7.660398899139373441e-01,0.000000000000000000e+00,4.583574382005465436e-03,0.000000000000000000e+00,1.624130707764270820e-01,0.000000000000000000e+00,7.954085424980770203e-01,0.000000000000000000e+00,0.000000000000000000e+00
0.000000000000000000e+00,5.919672251725146550e-01,0.000000000000000000e+00,7.692446151924520192e-01,0.000000000000000000e+00,8.484193074682051527e-01,0.000000000000000000e+00,3.695689027578339531e-02,0.000000000000000000e+00,0.000000000000000000e+00,0.000000000000000000e+00,0.000000000000000000e+00
0.000000000000000000e+00,4.583113756759746860e-01,0.000000000000000000e+00,6.794909951854909425e-01,0.000000000000000000e+00,9.216134528382952107e-01,0.000000000000000000e+00,1.857964436990772183e-01,0.000000000000000000e+00,0.000000000000000000e+00,0.000000000000000000e+00,0.000000000000000000e+00
0.000000000000000000e+00,4.684642219630360538e-01,0.000000000000000000e+00,7.119380955643000997e-01,0.000000000000000000e+00,9.949628744380079048e-01,0.000000000000000000e+00,8.247716781208916381e-02,0.000000000000000000e+00,0.000000000000000000e+00,0.000000000000000000e+00,0.000000000000000000e+00
0.000000000000000000e+00,6.500675884763331691e-01,0.000000000000000000e+00,6.341993167608227511e-01,0.000000000000000000e+00,9.103481194021749712e-01,0.000000000000000000e+00,4.657041505227684647e-02,0.000000000000000000e+00,0.000000000000000000e+00,0.000000000000000000e+00,0.000000000000000000e+00
0.000000000000000000e+00,8.100934868221459917e-01,2.954444091855209023e-02,4.035554438368277319e-01,0.000000000000000000e+00,9.517147891134711823e-01,0.000000000000000000e+00,5.784978836136830255e-02,0.000000000000000000e+00,0.000000000000000000e+00,0.000000000000000000e+00,0.000000000000000000e+00
0.000000000000000000e+00,7.595220176051018512e-01,0.000000000000000000e+00,4.500392920179629996e-01,0.000000000000000000e+00,9.646421868160294233e-01,0.000000000000000000e+00,7.715992044704063357e-02,0.000000000000000000e+00,0.000000000000000000e+00,0.000000000000000000e+00,0.000000000000000000e+00
0.000000000000000000e+00,9.919373850084650668e-01,0.000000000000000000e+00,7.773029315602338896e-01,0.000000000000000000e+00,4.217898653125861652e-01,0.000000000000000000e+00,1.066032006536317411e-01,0.000000000000000000e+00,0.000000000000000000e+00,0.000000000000000000e+00,0.000000000000000000e+00
0.000000000000000000e+00,9.771637841548264092e-01,0.000000000000000000e+00,7.801210204663102665e-01,0.000000000000000000e+00,8.198850154844078419e-02,0.000000000000000000e+00,3.937467888868658172e-01,0.000000000000000000e+00,0.000000000000000000e+00,0.000000000000000000e+00,0.000000000000000000e+00
0.000000000000000000e+00,6.577241388013272960e-01,0.000000000000000000e+00,5.870646624501725253e-01,0.000000000000000000e+00,8.912482546014634244e-02,0.000000000000000000e+00,9.016111961476792613e-01,0.000000000000000000e+00,0.000000000000000000e+00,0.000000000000000000e+00,0.000000000000000000e+00
0.000000000000000000e+00,5.597339900930562440e-01,0.000000000000000000e+00,6.422217634255533714e-01,0.000000000000000000e+00,1.029719417329472836e-01,0.000000000000000000e+00,9.447288464099876659e-01,0.000000000000000000e+00,0.000000000000000000e+00,0.000000000000000000e+00,0.000000000000000000e+00
0.000000000000000000e+00,5.932205431459831591e-01,0.000000000000000000e+00,7.296827019690256266e-01,0.000000000000000000e+00,1.533842511820669996e-01,0.000000000000000000e+00,7.847690036056435003e-01,0.000000000000000000e+00,0.000000000000000000e+00,0.000000000000000000e+00,0.000000000000000000e+00
0.000000000000000000e+00,5.367493616419511948e-01,0.000000000000000000e+00,7.102473778408359140e-01,0.000000000000000000e+00,7.637477703180027555e-02,0.000000000000000000e+00,9.333426505853346100e-01,0.000000000000000000e+00,0.000000000000000000e+00,0.000000000000000000e+00,0.000000000000000000e+00
0.000000000000000000e+00,4.822537438662473641e-01,0.000000000000000000e+00,8.867899107679637627e-01,0.000000000000000000e+00,3.616804217964652429e-02,6.204821922724140814e-05,8.578626647332453503e-01,0.000000000000000000e+00,0.000000000000000000e+00,0.000000000000000000e+00,0.000000000000000000e+00
0.000000000000000000e+00,3.928595736410104844e-01,0.000000000000000000e+00,8.127263574306747840e-01,0.000000000000000000e+00,6.344827282713835781e-02,0.000000000000000000e+00,9.915886943589723446e-01,0.000000000000000000e+00,0.000000000000000000e+00,0.000000000000000000e+00,0.000000000000000000e+00
0.000000000000000000e+00,5.659104691545135957e-01,0.000000000000000000e+00,8.763322457815426736e-01,0.000000000000000000e+00,8.116463888017982908e-03,0.000000000000000000e+00,1.247456217933305272e-01,0.000000000000000000e+00,6.730164967465744885e-01,0.000000000000000000e+00,0.000000000000000000e+00
0.000000000000000000e+00,4.661168404585548375e-01,0.000000000000000000e+00,7.725473332347347899e-01,0.000000000000000000e+00,6.262120916774467638e-02,0.000000000000000000e+00,4.608283460013336795e-03,0.000000000000000000e+00,9.825188974022384114e-01,0.000000000000000000e+00,0.000000000000000000e+00
0.000000000000000000e+00,3.810556784310673573e-01,0.000000000000000000e+00,8.355669665309259919e-01,0.000000000000000000e+00,1.087094917168505244e-03,0.000000000000000000e+00,5.725129518828801778e-03,0.000000000000000000e+00,9.806944062940258222e-01,0.000000000000000000e+00,0.000000000000000000e+00
0.000000000000000000e+00,5.580667417466554925e-01,0.000000000000000000e+00,7.511474258071854093e-01,0.000000000000000000e+00,8.816577616906241940e-04,0.000000000000000000e+00,3.265898168108452571e-02,0.000000000000000000e+00,8.966753474484591147e-01,0.000000000000000000e+00,0.000000000000000000e+00
0.000000000000000000e+00,8.195354963237948542e-01,0.000000000000000000e+00,7.783861933820245271e-01,0.000000000000000000e+00,3.928981844490827546e-01,0.000000000000000000e+00,2.524572540532717402e-01,0.000000000000000000e+00,1.153768522972347729e-05,0.000000000000000000e+00,0.000000000000000000e+00
0.000000000000000000e+00,4.227385962992240565e-01,0.000000000000000000e+00,3.624841067749348111e-01,0.000000000000000000e+00,8.532243470276721364e-01,0.000000000000000000e+00,6.137307281889231581e-01,0.000000000000000000e+00,0.000000000000000000e+00,0.000000000000000000e+00,0.000000000000000000e+00
0.000000000000000000e+00,2.671324111016453728e-01,0.000000000000000000e+00,3.406516221894244634e-01,0.000000000000000000e+00,8.068734775030059758e-01,0.000000000000000000e+00,8.367235278416887967e-01,0.000000000000000000e+00,0.000000000000000000e+00,0.000000000000000000e+00,0.000000000000000000e+00
0.000000000000000000e+00,2.347017251962534579e-01,0.000000000000000000e+00,3.659687899112357701e-01,0.000000000000000000e+00,7.807044443478714513e-01,0.000000000000000000e+00,8.727048567017583469e-01,0.000000000000000000e+00,0.000000000000000000e+00,0.000000000000000000e+00,0.000000000000000000e+00
0.000000000000000000e+00,5.347252612907257285e-01,0.000000000000000000e+00,6.524770343247594528e-01,0.000000000000000000e+00,4.810019103434574617e-01,0.000000000000000000e+00,5.805186919740071838e-01,0.000000000000000000e+00,0.000000000000000000e+00,0.000000000000000000e+00,0.000000000000000000e+00
0.000000000000000000e+00,7.047816339964037002e-01,0.000000000000000000e+00,7.797006172441462990e-01,0.000000000000000000e+00,1.593987574769772236e-02,0.000000000000000000e+00,1.958032951693976838e-03,0.000000000000000000e+00,7.870490883850109753e-01,0.000000000000000000e+00,0.000000000000000000e+00
0.000000000000000000e+00,5.691447543861627434e-01,7.459726044745257920e-04,4.497085185196618706e-01,0.000000000000000000e+00,1.367330499658842360e-02,0.000000000000000000e+00,6.701298478076400666e-01,0.000000000000000000e+00,5.226261644742247192e-01,0.000000000000000000e+00,0.000000000000000000e+00
0.000000000000000000e+00,9.024275605467497741e-01,0.000000000000000000e+00,4.429417887474507709e-01,0.000000000000000000e+00,5.263783383980044084e-01,0.000000000000000000e+00,3.720869183992240870e-01,0.000000000000000000e+00,0.000000000000000000e+00,0.000000000000000000e+00,0.000000000000000000e+00
0.000000000000000000e+00,6.124275129661009842e-01,0.000000000000000000e+00,8.850890893985223495e-02,0.000000000000000000e+00,9.872471989040995100e-01,0.000000000000000000e+00,5.692493062260295389e-01,0.000000000000000000e+00,0.000000000000000000e+00,0.000000000000000000e+00,0.000000000000000000e+00
0.000000000000000000e+00,5.571343135097484023e-01,0.000000000000000000e+00,2.591956329386212454e-01,0.000000000000000000e+00,7.230475547770387479e-01,0.000000000000000000e+00,7.219438061703247200e-01,0.000000000000000000e+00,0.000000000000000000e+00,0.000000000000000000e+00,0.000000000000000000e+00
0.000000000000000000e+00,4.170933257843623676e-01,0.000000000000000000e+00,4.045256575187531345e-01,0.000000000000000000e+00,7.745090861929035952e-01,0.000000000000000000e+00,6.625485334533455228e-01,0.000000000000000000e+00,0.000000000000000000e+00,0.000000000000000000e+00,0.000000000000000000e+00
0.000000000000000000e+00,7.008878435382269734e-01,0.000000000000000000e+00,9.042673972624688528e-01,0.000000000000000000e+00,3.082490541248947835e-01,0.000000000000000000e+00,3.431591954878544515e-01,0.000000000000000000e+00,0.000000000000000000e+00,0.000000000000000000e+00,0.000000000000000000e+00
0.000000000000000000e+00,5.705910361353795368e-01,0.000000000000000000e+00,6.719003566996691879e-01,0.000000000000000000e+00,9.971243533356837288e-03,0.000000000000000000e+00,1.375152658560929719e-01,0.000000000000000000e+00,8.498291797981878393e-01,0.000000000000000000e+00,0.000000000000000000e+00
0.000000000000000000e+00,7.149065408606976035e-01,0.000000000000000000e+00,6.620214812787140746e-01,0.000000000000000000e+00,4.420886812736538677e-06,0.000000000000000000e+00,2.778621281188042250e-03,0.000000000000000000e+00,8.859878931553031300e-01,0.000000000000000000e+00,0.000000000000000000e+00
0.000000000000000000e+00,6.937453616945260526e-01,0.000000000000000000e+00,6.194452198532082177e-01,0.000000000000000000e+00,3.305086388536597475e-02,0.000000000000000000e+00,1.904351319037708885e-03,0.000000000000000000e+00,8.994924359367802991e-01,0.000000000000000000e+00,0.000000000000000000e+00
0.000000000000000000e+00,4.363015518211188493e-01,0.000000000000000000e+00,4.536065564200014166e-01,0.000000000000000000e+00,5.430420138886618009e-01,0.000000000000000000e+00,8.170051308953382163e-01,0.000000000000000000e+00,0.000000000000000000e+00,0.000000000000000000e+00,0.000000000000000000e+00
0.000000000000000000e+00,2.840579879415616182e-01,0.000000000000000000e+00,5.077323387816873312e-01,0.000000000000000000e+00,7.743941703458016024e-01,0.000000000000000000e+00,6.841451893383815319e-01,0.000000000000000000e+00,0.000000000000000000e+00,0.000000000000000000e+00,0.000000000000000000e+00
0.000000000000000000e+00,4.340170054951443535e-02,0.000000000000000000e+00,5.007762772812299756e-01,0.000000000000000000e+00,8.568239470944837288e-01,0.000000000000000000e+00,8.506158618695225382e-01,0.000000000000000000e+00,0.000000000000000000e+00,0.000000000000000000e+00,0.000000000000000000e+00
0.000000000000000000e+00,2.239956565221347673e-01,0.000000000000000000e+00,5.367651434923818021e-01,0.000000000000000000e+00,8.252288926775139810e-01,0.000000000000000000e+00,6.674352517435128140e-01,0.000000000000000000e+00,0.000000000000000000e+00,0.000000000000000000e+00,0.000000000000000000e+00
0.000000000000000000e+00,3.394778506424661613e-01,0.000000000000000000e+00,7.207880823788422875e-01,0.000000000000000000e+00,5.392026902001504363e-01,0.000000000000000000e+00,4.818601166115690226e-01,0.000000000000000000e+00,1.552410597234080702e-01,0.000000000000000000e+00,0.000000000000000000e+00
0.000000000000000000e+00,2.842740370647483528e-01,0.000000000000000000e+00,5.614862159285483045e-01,0.000000000000000000e+00,7.848768866970474711e-01,0.000000000000000000e+00,6.191462608535870382e-01,0.000000000000000000e+00,0.000000000000000000e+00,0.000000000000000000e+00,0.000000000000000000e+00
0.000000000000000000e+00,4.456068208478490833e-01,0.000000000000000000e+00,4.694347525202964833e-01,0.000000000000000000e+00,6.431371670857681799e-01,0.000000000000000000e+00,6.888603362817642406e-01,0.000000000000000000e+00,0.000000000000000000e+00,0.000000000000000000e+00,0.000000000000000000e+00
0.000000000000000000e+00,4.536307200702749953e-01,0.000000000000000000e+00,5.217768662814409319e-01,0.000000000000000000e+00,5.291252165359685566e-01,0.000000000000000000e+00,7.412998040919696052e-01,0.000000000000000000e+00,0.000000000000000000e+00,0.000000000000000000e+00,0.000000000000000000e+00
0.000000000000000000e+00,1.732379373548575685e-01,0.000000000000000000e+00,5.512743124365745429e-01,0.000000000000000000e+00,8.006359326374744567e-01,0.000000000000000000e+00,7.216041237270734987e-01,0.000000000000000000e+00,0.000000000000000000e+00,0.000000000000000000e+00,0.000000000000000000e+00
0.000000000000000000e+00,5.675708337943693449e-01,0.000000000000000000e+00,9.935887358135508940e-01,0.000000000000000000e+00,2.965717663081041677e-01,0.000000000000000000e+00,3.913586771499751871e-01,0.000000000000000000e+00,8.393388293188295174e-06,0.000000000000000000e+00,0.000000000000000000e+00
0.000000000000000000e+00,6.398725721645430742e-01,0.000000000000000000e+00,7.304735340451447012e-01,0.000000000000000000e+00,6.075073176598368152e-03,0.000000000000000000e+00,4.024285213328847484e-03,0.000000000000000000e+00,8.715571102620629507e-01,0.000000000000000000e+00,0.000000000000000000e+00
0.000000000000000000e+00,6.699837576712160958e-01,0.000000000000000000e+00,6.368172296493075368e-01,0.000000000000000000e+00,5.325331159677523742e-05,0.000000000000000000e+00,1.173202902397558166e-02,0.000000000000000000e+00,9.365788155039345142e-01,0.000000000000000000e+00,0.000000000000000000e+00
0.000000000000000000e+00,6.341963289689152017e-01,0.000000000000000000e+00,6.861316899527047930e-01,0.000000000000000000e+00,7.954645994065858913e-03,0.000000000000000000e+00,4.410074525672243520e-03,0.000000000000000000e+00,9.215177211636721433e-01,0.000000000000000000e+00,0.000000000000000000e+00
0.000000000000000000e+00,2.579553888746231594e-01,0.000000000000000000e+00,4.654370553780910469e-01,0.000000000000000000e+00,6.455496544515890722e-01,0.000000000000000000e+00,8.887495335426092158e-01,0.000000000000000000e+00,0.000000000000000000e+00,0.000000000000000000e+00,0.000000000000000000e+00
0.000000000000000000e+00,1.222575736354909459e-01,0.000000000000000000e+00,3.395529325515617702e-01,0.000000000000000000e+00,8.499502987449399916e-01,0.000000000000000000e+00,9.444202811215535176e-01,0.000000000000000000e+00,0.000000000000000000e+00,0.000000000000000000e+00,0.000000000000000000e+00
0.000000000000000000e+00,1.232476644355656042e-01,2.490539582258989736e-05,4.276392595440422495e-01,0.000000000000000000e+00,9.106052274525999746e-01,0.000000000000000000e+00,7.899294316613503231e-01,0.000000000000000000e+00,0.000000000000000000e+00,0.000000000000000000e+00,0.000000000000000000e+00
0.000000000000000000e+00,1.118863799485650817e-01,0.000000000000000000e+00,7.186493605075572333e-01,0.000000000000000000e+00,8.212470755891241314e-01,0.000000000000000000e+00,6.046826235200722932e-01,0.000000000000000000e+00,0.000000000000000000e+00,0.000000000000000000e+00,0.000000000000000000e+00
0.000000000000000000e+00,2.329599568479065186e-01,0.000000000000000000e+00,9.391539641831287977e-01,0.000000000000000000e+00,2.310406495842891872e-01,0.000000000000000000e+00,1.593029177822616604e-01,0.000000000000000000e+00,6.864590341020684328e-01,0.000000000000000000e+00,0.000000000000000000e+00
0.000000000000000000e+00,3.066364296235582487e-01,0.000000000000000000e+00,8.398923061954575164e-01,0.000000000000000000e+00,4.844083199012327867e-01,0.000000000000000000e+00,6.227350617324868276e-01,0.000000000000000000e+00,0.000000000000000000e+00,0.000000000000000000e+00,0.000000000000000000e+00
0.000000000000000000e+00,1.384761156627717649e-01,0.000000000000000000e+00,5.466483122276281081e-01,0.000000000000000000e+00,7.208419292228218644e-01,0.000000000000000000e+00,8.648836098685610541e-01,0.000000000000000000e+00,0.000000000000000000e+00,0.000000000000000000e+00,0.000000000000000000e+00
0.000000000000000000e+00,1.786538469871422619e-01,0.000000000000000000e+00,5.982383980470502571e-01,0.000000000000000000e+00,7.455206104366997044e-01,0.000000000000000000e+00,7.445734855174721556e-01,0.000000000000000000e+00,0.000000000000000000e+00,0.000000000000000000e+00,0.000000000000000000e+00
0.000000000000000000e+00,4.406126020521522468e-01,0.000000000000000000e+00,4.668105269100989441e-01,0.000000000000000000e+00,7.645223915629582034e-01,0.000000000000000000e+00,5.943793362662850299e-01,0.000000000000000000e+00,0.000000000000000000e+00,0.000000000000000000e+00,0.000000000000000000e+00
0.000000000000000000e+00,6.595507274251090069e-01,0.000000000000000000e+00,8.470026654439826164e-01,0.000000000000000000e+00,3.470505608634699701e-01,0.000000000000000000e+00,3.941788133502018288e-01,0.000000000000000000e+00,0.000000000000000000e+00,0.000000000000000000e+00,0.000000000000000000e+00
0.000000000000000000e+00,5.777791491948041092e-01,0.000000000000000000e+00,5.142621325026173196e-01,0.000000000000000000e+00,2.864933339959341851e-01,0.000000000000000000e+00,6.509334129228361299e-02,0.000000000000000000e+00,8.158049021772371123e-01,0.000000000000000000e+00,0.000000000000000000e+00
0.000000000000000000e+00,8.901891086984274892e-01,0.000000000000000000e+00,5.252983382242779609e-01,0.000000000000000000e+00,4.594965740738918836e-01,0.000000000000000000e+00,3.894430482378831160e-01,0.000000000000000000e+00,0.000000000000000000e+00,0.000000000000000000e+00,0.000000000000000000e+00
0.000000000000000000e+00,8.678973808604174556e-01,0.000000000000000000e+00,2.351719093454792409e-01,0.000000000000000000e+00,9.258397712071086971e-01,0.000000000000000000e+00,2.358245872893878214e-01,0.000000000000000000e+00,0.000000000000000000e+00,0.000000000000000000e+00,0.000000000000000000e+00
0.000000000000000000e+00,8.639508183223676419e-01,3.589080185234788580e-03,2.052855944492757712e-01,0.000000000000000000e+00,7.553111946813493294e-01,0.000000000000000000e+00,4.279205706029245437e-01,0.000000000000000000e+00,0.000000000000000000e+00,0.000000000000000000e+00,0.000000000000000000e+00
0.000000000000000000e+00,7.556565484800948918e-01,0.000000000000000000e+00,2.650000881980660861e-01,0.000000000000000000e+00,6.846709212765124120e-01,0.000000000000000000e+00,5.553890351657916336e-01,0.000000000000000000e+00,0.000000000000000000e+00,0.000000000000000000e+00,0.000000000000000000e+00
0.000000000000000000e+00,5.943236425168475501e-01,0.000000000000000000e+00,3.854990541119134306e-01,0.000000000000000000e+00,7.968594200443255282e-01,0.000000000000000000e+00,4.863078576734882752e-01,0.000000000000000000e+00,0.000000000000000000e+00,0.000000000000000000e+00,0.000000000000000000e+00
0.000000000000000000e+00,6.786810288218247944e-01,0.000000000000000000e+00,7.765392811485811730e-01,0.000000000000000000e+00,5.833870114399891671e-01,0.000000000000000000e+00,2.073419040276955061e-01,0.000000000000000000e+00,0.000000000000000000e+00,0.000000000000000000e+00,0.000000000000000000e+00
0.000000000000000000e+00,5.522793763916520327e-01,0.000000000000000000e+00,7.002402061744643635e-01,0.000000000000000000e+00,8.841093993537301188e-01,0.000000000000000000e+00,1.038657936220985928e-01,0.000000000000000000e+00,0.000000000000000000e+00,0.000000000000000000e+00,0.000000000000000000e+00
0.000000000000000000e+00,4.112273677070583111e-01,0.000000000000000000e+00,3.808679728937124365e-01,0.000000000000000000e+00,9.869862958159643096e-01,0.000000000000000000e+00,4.821620762656715353e-01,0.000000000000000000e+00,0.000000000000000000e+00,0.000000000000000000e+00,0.000000000000000000e+00
0.000000000000000000e+00,5.217160839197788613e-01,0.000000000000000000e+00,3.001115928741035499e-01,0.000000000000000000e+00,9.482363602562730032e-01,0.000000000000000000e+00,4.909404733363564866e-01,0.000000000000000000e+00,0.000000000000000000e+00,0.000000000000000000e+00,0.000000000000000000e+00
0.000000000000000000e+00,6.787913162732710504e-01,0.000000000000000000e+00,3.922262936644069775e-01,0.000000000000000000e+00,9.191895877289539829e-01,0.000000000000000000e+00,2.683020518448934189e-01,0.000000000000000000e+00,0.000000000000000000e+00,0.000000000000000000e+00,0.000000000000000000e+00
0.000000000000000000e+00,5.021198216376304702e-01,0.000000000000000000e+00,4.222674836510102447e-01,0.000000000000000000e+00,7.341341751315285657e-01,0.000000000000000000e+00,5.910619296752177565e-01,0.000000000000000000e+00,0.000000000000000000e+00,0.000000000000000000e+00,0.000000000000000000e+00
0.000000000000000000e+00,7.097339586525209798e-01,0.000000000000000000e+00,8.839269018130129218e-01,0.000000000000000000e+00,6.425577311692347582e-01,0.000000000000000000e+00,2.814496964227010400e-02,0.000000000000000000e+00,0.000000000000000000e+00,0.000000000000000000e+00,0.000000000000000000e+00
0.000000000000000000e+00,4.142952120873775734e-01,0.000000000000000000e+00,5.442860044136771380e-01,0.000000000000000000e+00,9.263501575517743003e-01,0.000000000000000000e+00,3.799609000810345028e-01,0.000000000000000000e+00,0.000000000000000000e+00,0.000000000000000000e+00,0.000000000000000000e+00
0.000000000000000000e+00,3.555615792862505398e-01,0.000000000000000000e+00,1.864002253922600882e-01,0.000000000000000000e+00,9.847934590183079484e-01,0.000000000000000000e+00,7.342472677357598787e-01,0.000000000000000000e+00,0.000000000000000000e+00,0.000000000000000000e+00,0.000000000000000000e+00
0.000000000000000000e+00,5.134233623420810799e-01,0.000000000000000000e+00,4.588878148628144915e-02,0.000000000000000000e+00,9.692017795172489514e-01,0.000000000000000000e+00,7.327129279268641548e-01,0.000000000000000000e+00,0.000000000000000000e+00,0.000000000000000000e+00,0.000000000000000000e+00
0.000000000000000000e+00,6.745854890122969794e-01,0.000000000000000000e+00,1.408101972840984373e-01,0.000000000000000000e+00,9.387660095850323128e-01,0.000000000000000000e+00,5.072331060859577301e-01,0.000000000000000000e+00,0.000000000000000000e+00,0.000000000000000000e+00,0.000000000000000000e+00
0.000000000000000000e+00,7.233733908497358422e-01,0.000000000000000000e+00,3.607325272098346192e-01,0.000000000000000000e+00,1.195763502641360027e-01,0.000000000000000000e+00,5.010159502825877603e-02,0.000000000000000000e+00,9.910074741181642555e-01,0.000000000000000000e+00,0.000000000000000000e+00
0.000000000000000000e+00,7.247521049353291556e-01,0.000000000000000000e+00,6.010888097818231079e-01,0.000000000000000000e+00,1.557630343434562425e-03,0.000000000000000000e+00,8.361174885537690999e-04,0.000000000000000000e+00,9.333200861890583733e-01,0.000000000000000000e+00,0.000000000000000000e+00
0.000000000000000000e+00,3.515808284935986183e-01,5.019039119030069859e-05,3.018897874210860754e-01,0.000000000000000000e+00,6.816490865018147716e-01,0.000000000000000000e+00,9.137090598607028324e-01,0.000000000000000000e+00,0.000000000000000000e+00,0.000000000000000000e+00,0.000000000000000000e+00
0.000000000000000000e+00,3.820403046937143055e-01,1.177452954426295648e-02,1.505530891143416483e-01,0.000000000000000000e+00,9.624951114496965721e-01,0.000000000000000000e+00,7.613165106166037699e-01,0.000000000000000000e+00,0.000000000000000000e+00,0.000000000000000000e+00,0.000000000000000000e+00
0.000000000000000000e+00,3.111738337426076528e-01,0.000000000000000000e+00,3.448148426939240396e-02,0.000000000000000000e+00,9.632018098822254792e-01,0.000000000000000000e+00,9.941345024119427887e-01,0.000000000000000000e+00,0.000000000000000000e+00,0.000000000000000000e+00,0.000000000000000000e+00
0.000000000000000000e+00,7.200928911548762912e-01,0.000000000000000000e+00,2.361168482377344890e-01,0.000000000000000000e+00,6.624671404551532028e-01,0.000000000000000000e+00,6.396869523109146582e-01,0.000000000000000000e+00,0.000000000000000000e+00,0.000000000000000000e+00,0.000000000000000000e+00
0.000000000000000000e+00,8.797466638020458030e-01,0.000000000000000000e+00,3.850788935842983651e-01,0.000000000000000000e+00,4.184929564287926708e-03,0.000000000000000000e+00,9.710364453496359363e-03,0.000000000000000000e+00,9.723345437499714139e-01,0.000000000000000000e+00,0.000000000000000000e+00
0.000000000000000000e+00,7.798493724080483025e-01,0.000000000000000000e+00,3.531122451969047060e-01,0.000000000000000000e+00,1.083021446422970796e-01,0.000000000000000000e+00,6.278436949144766688e-02,0.000000000000000000e+00,9.382279170409139057e-01,0.000000000000000000e+00,0.000000000000000000e+00
0.000000000000000000e+00,6.449785321636687385e-01,0.000000000000000000e+00,3.814966681318203712e-01,0.000000000000000000e+00,6.420052364132317058e-01,0.000000000000000000e+00,5.867023643084494644e-01,0.000000000000000000e+00,0.000000000000000000e+00,0.000000000000000000e+00,0.000000000000000000e+00
0.000000000000000000e+00,2.315554209873381120e-01,0.000000000000000000e+00,1.949573401353437985e-01,0.000000000000000000e+00,8.956113751088825570e-01,0.000000000000000000e+00,9.324673419000061303e-01,0.000000000000000000e+00,0.000000000000000000e+00,0.000000000000000000e+00,0.000000000000000000e+00
0.000000000000000000e+00,2.103444157831683425e-01,0.000000000000000000e+00,1.882755067316466691e-01,0.000000000000000000e+00,9.220743225786209862e-01,0.000000000000000000e+00,9.365499349425844278e-01,0.000000000000000000e+00,0.000000000000000000e+00,0.000000000000000000e+00,0.000000000000000000e+00
0.000000000000000000e+00,4.108312503545551997e-01,0.000000000000000000e+00,3.757872335190801105e-01,0.000000000000000000e+00,7.223171558950514104e-01,0.000000000000000000e+00,7.372627247214178503e-01,0.000000000000000000e+00,0.000000000000000000e+00,0.000000000000000000e+00,0.000000000000000000e+00
0.000000000000000000e+00,6.229779693445809396e-01,0.000000000000000000e+00,4.855520259257386506e-01,0.000000000000000000e+00,1.292967323895286291e-01,0.000000000000000000e+00,1.842794679371408950e-01,0.000000000000000000e+00,8.206482810394342131e-01,0.000000000000000000e+00,0.000000000000000000e+00
0.000000000000000000e+00,6.315827394525729277e-01,0.000000000000000000e+00,5.908526728419698504e-01,0.000000000000000000e+00,4.838819307894081656e-01,0.000000000000000000e+00,5.797382981981835659e-01,0.000000000000000000e+00,0.000000000000000000e+00,0.000000000000000000e+00,0.000000000000000000e+00
0.000000000000000000e+00,2.805872849874256336e-01,0.000000000000000000e+00,5.328852970887476559e-01,0.000000000000000000e+00,6.838150601688910424e-01,0.000000000000000000e+00,7.481476421293445922e-01,0.000000000000000000e+00,0.000000000000000000e+00,0.000000000000000000e+00,0.000000000000000000e+00
0.000000000000000000e+00,2.527791807974509863e-01,0.000000000000000000e+00,5.303558642481558394e-01,0.000000000000000000e+00,8.029758458591647052e-01,0.000000000000000000e+00,6.572828262877196126e-01,0.000000000000000000e+00,0.000000000000000000e+00,0.000000000000000000e+00,0.000000000000000000e+00
0.000000000000000000e+00,9.529183737055992032e-02,0.000000000000000000e+00,4.906177376828197434e-01,0.000000000000000000e+00,8.631637652667150107e-01,0.000000000000000000e+00,7.946851976402715678e-01,0.000000000000000000e+00,0.000000000000000000e+00,0.000000000000000000e+00,0.000000000000000000e+00
0.000000000000000000e+00,6.006228585812179999e-01,0.000000000000000000e+00,9.881676402096498668e-01,0.000000000000000000e+00,3.782654498783110109e-01,0.000000000000000000e+00,2.889297625715174789e-01,0.000000000000000000e+00,0.000000000000000000e+00,0.000000000000000000e+00,0.000000000000000000e+00
0.000000000000000000e+00,4.959496891825753151e-01,0.000000000000000000e+00,8.098020743700614643e-01,0.000000000000000000e+00,5.174512517358165892e-02,0.000000000000000000e+00,2.067643849096190423e-01,0.000000000000000000e+00,6.665254275323039268e-01,0.000000000000000000e+00,0.000000000000000000e+00
0.000000000000000000e+00,6.458794502409725968e-01,0.000000000000000000e+00,9.134664854738920869e-01,0.000000000000000000e+00,2.399150265606401003e-02,0.000000000000000000e+00,3.051472787260756103e-03,0.000000000000000000e+00,6.744273558514819467e-01,0.000000000000000000e+00,0.000000000000000000e+00
0.000000000000000000e+00,1.235717947812347561e-01,0.000000000000000000e+00,4.135663406276151588e-01,0.000000000000000000e+00,8.838789493805907505e-01,0.000000000000000000e+00,8.449751658479403016e-01,0.000000000000000000e+00,0.000000000000000000e+00,0.000000000000000000e+00,0.000000000000000000e+00
0.000000000000000000e+00,4.475477030064061584e-02,0.000000000000000000e+00,3.807596883258341780e-01,0.000000000000000000e+00,9.213395586706314422e-01,0.000000000000000000e+00,9.174626453326998332e-01,0.000000000000000000e+00,0.000000000000000000e+00,0.000000000000000000e+00,0.000000000000000000e+00
0.000000000000000000e+00,1.217345266557268990e-01,0.000000000000000000e+00,3.735558812159901487e-01,0.000000000000000000e+00,8.701489616170745567e-01,0.000000000000000000e+00,8.996903701914918949e-01,0.000000000000000000e+00,0.000000000000000000e+00,0.000000000000000000e+00,0.000000000000000000e+00
0.000000000000000000e+00,5.449784311100775991e-01,0.000000000000000000e+00,5.908314959455519544e-01,0.000000000000000000e+00,4.916499981252386298e-01,0.000000000000000000e+00,6.141172479313724564e-01,0.000000000000000000e+00,0.000000000000000000e+00,0.000000000000000000e+00,0.000000000000000000e+00
0.000000000000000000e+00,7.492036239464943126e-01,0.000000000000000000e+00,4.471851131583910455e-01,0.000000000000000000e+00,1.494231323910155118e-01,0.000000000000000000e+00,2.819988647475129076e-02,0.000000000000000000e+00,8.723436720322401694e-01,0.000000000000000000e+00,0.000000000000000000e+00
0.000000000000000000e+00,9.238027447015990656e-01,0.000000000000000000e+00,4.805741003887827878e-01,0.000000000000000000e+00,1.630506904779897154e-03,0.000000000000000000e+00,3.609638764453755155e-03,0.000000000000000000e+00,8.517067041479060574e-01,0.000000000000000000e+00,0.000000000000000000e+00
0.000000000000000000e+00,6.435795124401413325e-01,0.000000000000000000e+00,6.559974575304919342e-02,0.000000000000000000e+00,6.626216706813841117e-01,0.000000000000000000e+00,8.772043547784076356e-01,0.000000000000000000e+00,0.000000000000000000e+00,0.000000000000000000e+00,0.000000000000000000e+00
0.000000000000000000e+00,5.497964957988247248e-01,0.000000000000000000e+00,1.349141653136891605e-01,0.000000000000000000e+00,7.925284578810425362e-01,0.000000000000000000e+00,7.713998935347281538e-01,0.000000000000000000e+00,0.000000000000000000e+00,0.000000000000000000e+00,0.000000000000000000e+00
0.000000000000000000e+00,4.795248546769009801e-01,0.000000000000000000e+00,4.119455057769593198e-01,0.000000000000000000e+00,6.911486193234085418e-01,0.000000000000000000e+00,6.647697901597897641e-01,0.000000000000000000e+00,0.000000000000000000e+00,0.000000000000000000e+00,0.000000000000000000e+00
0.000000000000000000e+00,5.845584969896502336e-01,0.000000000000000000e+00,5.719856146072235248e-01,0.000000000000000000e+00,5.221918148449558039e-01,0.000000000000000000e+00,5.722613307618074074e-01,0.000000000000000000e+00,0.000000000000000000e+00,0.000000000000000000e+00,0.000000000000000000e+00
0.000000000000000000e+00,6.993243887601252595e-01,0.000000000000000000e+00,8.093296389814844671e-01,0.000000000000000000e+00,4.218146282609006592e-01,0.000000000000000000e+00,3.191067661376777997e-01,0.000000000000000000e+00,0.000000000000000000e+00,0.000000000000000000e+00,0.000000000000000000e+00
0.000000000000000000e+00,5.323208780064587753e-01,0.000000000000000000e+00,7.554229380219589229e-01,0.000000000000000000e+00,4.151592603541506832e-01,0.000000000000000000e+00,2.133311932695301782e-01,0.000000000000000000e+00,3.233230481139562906e-01,0.000000000000000000e+00,0.000000000000000000e+00
0.000000000000000000e+00,2.712927203401782061e-01,0.000000000000000000e+00,5.592851327352345026e-01,0.000000000000000000e+00,8.276180048972038295e-01,0.000000000000000000e+00,5.947407214152828914e-01,0.000000000000000000e+00,0.000000000000000000e+00,0.000000000000000000e+00,0.000000000000000000e+00
0.000000000000000000e+00,2.096165837357076844e-01,0.000000000000000000e+00,5.191592024708658881e-01,0.000000000000000000e+00,7.875097245119790923e-01,0.000000000000000000e+00,7.327309611835256531e-01,0.000000000000000000e+00,0.000000000000000000e+00,0.000000000000000000e+00,0.000000000000000000e+00
0.000000000000000000e+00,2.355851559884446500e-01,0.000000000000000000e+00,4.106399143038707011e-01,0.000000000000000000e+00,7.311221382491052134e-01,0.000000000000000000e+00,8.707329843445504869e-01,0.000000000000000000e+00,0.000000000000000000e+00,0.000000000000000000e+00,0.000000000000000000e+00
0.000000000000000000e+00,3.333269459601728713e-01,0.000000000000000000e+00,5.041723233567988460e-01,0.000000000000000000e+00,6.161895489195735598e-01,0.000000000000000000e+00,7.955238461233560265e-01,0.000000000000000000e+00,0.000000000000000000e+00,0.000000000000000000e+00,0.000000000000000000e+00
0.000000000000000000e+00,8.333347943261283364e-01,0.000000000000000000e+00,9.118618928770730880e-01,0.000000000000000000e+00,9.562262457827083728e-02,0.000000000000000000e+00,2.274973395758200789e-01,0.000000000000000000e+00,1.671743766069802295e-01,0.000000000000000000e+00,0.000000000000000000e+00
0.000000000000000000e+00,5.639546228259159077e-01,0.000000000000000000e+00,7.787938555833165966e-01,0.000000000000000000e+00,2.145865579726276371e-03,0.000000000000000000e+00,0.000000000000000000e+00,0.000000000000000000e+00,9.111570395254450228e-01,0.000000000000000000e+00,0.000000000000000000e+00
0.000000000000000000e+00,3.633478944170367986e-01,0.000000000000000000e+00,8.170697655194935072e-01,0.000000000000000000e+00,1.791021508804307993e-01,0.000000000000000000e+00,2.104125558794013306e-01,0.000000000000000000e+00,8.416888468529040157e-01,0.000000000000000000e+00,0.000000000000000000e+00
0.000000000000000000e+00,4.839737305181761040e-01,0.000000000000000000e+00,9.475673585123335352e-01,0.000000000000000000e+00,3.669645680159294154e-01,0.000000000000000000e+00,4.399369019888983989e-01,0.000000000000000000e+00,0.000000000000000000e+00,0.000000000000000000e+00,0.000000000000000000e+00
0.000000000000000000e+00,2.855509590175671075e-01,0.000000000000000000e+00,5.735783791909251361e-01,0.000000000000000000e+00,7.659157523494057873e-01,0.000000000000000000e+00,6.288401482553714894e-01,0.000000000000000000e+00,0.000000000000000000e+00,0.000000000000000000e+00,0.000000000000000000e+00
0.000000000000000000e+00,3.317172752833019711e-01,0.000000000000000000e+00,4.473595467940670312e-01,0.000000000000000000e+00,7.204221688879982599e-01,0.000000000000000000e+00,7.537992333115779431e-01,0.000000000000000000e+00,0.000000000000000000e+00,0.000000000000000000e+00,0.000000000000000000e+00
0.000000000000000000e+00,2.870226978628181436e-01,0.000000000000000000e+00,2.834779849798432783e-01,0.000000000000000000e+00,9.043444833888006906e-01,0.000000000000000000e+00,7.728616008741510113e-01,0.000000000000000000e+00,0.000000000000000000e+00,0.000000000000000000e+00,0.000000000000000000e+00
0.000000000000000000e+00,6.192895081698025495e-01,0.000000000000000000e+00,6.255840425192819021e-01,0.000000000000000000e+00,5.214102005550307339e-01,0.000000000000000000e+00,4.718039828978946026e-01,0.000000000000000000e+00,0.000000000000000000e+00,0.000000000000000000e+00,0.000000000000000000e+00
0.000000000000000000e+00,6.311270039656935449e-01,0.000000000000000000e+00,7.004477447525427891e-01,0.000000000000000000e+00,1.305258574735693178e-02,0.000000000000000000e+00,3.970969939588446518e-02,0.000000000000000000e+00,8.505901310753085642e-01,0.000000000000000000e+00,0.000000000000000000e+00
0.000000000000000000e+00,5.545644924145685106e-01,0.000000000000000000e+00,7.955219377866719066e-01,0.000000000000000000e+00,0.000000000000000000e+00,0.000000000000000000e+00,7.830828542776369604e-04,0.000000000000000000e+00,9.084955226207604984e-01,0.000000000000000000e+00,0.000000000000000000e+00
0.000000000000000000e+00,4.610469182865185034e-01,0.000000000000000000e+00,9.464534666585607825e-01,0.000000000000000000e+00,5.582053629457547732e-03,0.000000000000000000e+00,2.003891519426604095e-01,0.000000000000000000e+00,6.251177922394772768e-01,0.000000000000000000e+00,0.000000000000000000e+00
0.000000000000000000e+00,3.293349376270006401e-02,0.000000000000000000e+00,6.236260732101627235e-01,0.000000000000000000e+00,8.712678097074848527e-01,0.000000000000000000e+00,7.268461867105806551e-01,0.000000000000000000e+00,0.000000000000000000e+00,0.000000000000000000e+00,0.000000000000000000e+00
0.000000000000000000e+00,1.110756069298525217e-01,0.000000000000000000e+00,3.761592368182915536e-01,0.000000000000000000e+00,9.041124242055408322e-01,0.000000000000000000e+00,8.588620036419911674e-01,0.000000000000000000e+00,0.000000000000000000e+00,0.000000000000000000e+00,0.000000000000000000e+00
0.000000000000000000e+00,1.864996778476756640e-03,0.000000000000000000e+00,4.475532994487962379e-01,0.000000000000000000e+00,9.072249032386697776e-01,0.000000000000000000e+00,9.011310977531532540e-01,0.000000000000000000e+00,0.000000000000000000e+00,0.000000000000000000e+00,0.000000000000000000e+00
0.000000000000000000e+00,3.860989825133067099e-01,0.000000000000000000e+00,6.608348619845422212e-01,0.000000000000000000e+00,6.369036747639145180e-01,0.000000000000000000e+00,5.669109420976979896e-01,0.000000000000000000e+00,0.000000000000000000e+00,0.000000000000000000e+00,0.000000000000000000e+00
0.000000000000000000e+00,5.604155382989225442e-01,0.000000000000000000e+00,6.518071465940652454e-01,0.000000000000000000e+00,8.884162088578914304e-03,0.000000000000000000e+00,1.096372533601393529e-01,0.000000000000000000e+00,9.102135944384355248e-01,0.000000000000000000e+00,0.000000000000000000e+00
0.000000000000000000e+00,6.767958488966876462e-01,0.000000000000000000e+00,5.950807756885725386e-01,0.000000000000000000e+00,0.000000000000000000e+00,0.000000000000000000e+00,7.559954852252344891e-03,0.000000000000000000e+00,9.845239270798439302e-01,0.000000000000000000e+00,0.000000000000000000e+00
0.000000000000000000e+00,7.367416321830508874e-01,0.000000000000000000e+00,5.485202040213846830e-01,0.000000000000000000e+00,4.911134843270744841e-04,0.000000000000000000e+00,1.667303397362617341e-07,0.000000000000000000e+00,9.891305349764649701e-01,0.000000000000000000e+00,0.000000000000000000e+00
0.000000000000000000e+00,7.251133588407183694e-01,0.000000000000000000e+00,4.959666807284822121e-01,0.000000000000000000e+00,2.161321207519727668e-08,0.000000000000000000e+00,4.062750663439601388e-03,0.000000000000000000e+00,9.848847868294136054e-01,0.000000000000000000e+00,0.000000000000000000e+00
0.000000000000000000e+00,7.214760745096578942e-01,0.000000000000000000e+00,5.501651732275375517e-01,0.000000000000000000e+00,0.000000000000000000e+00,0.000000000000000000e+00,7.697786385014525985e-04,0.000000000000000000e+00,9.958141077681119668e-01,0.000000000000000000e+00,0.000000000000000000e+00
0.000000000000000000e+00,6.406270127590607544e-01,0.000000000000000000e+00,6.127943498342901529e-01,0.000000000000000000e+00,1.548144541233258120e-02,0.000000000000000000e+00,1.495245335717326936e-02,0.000000000000000000e+00,9.991751806353585952e-01,0.000000000000000000e+00,0.000000000000000000e+00
0.000000000000000000e+00,6.319148869473396601e-01,0.000000000000000000e+00,6.363395395830727663e-01,0.000000000000000000e+00,3.710233679797131368e-02,0.000000000000000000e+00,7.565916857445810322e-03,0.000000000000000000e+00,9.287413250150847732e-01,0.000000000000000000e+00,0.000000000000000000e+00
0.000000000000000000e+00,5.143134799086405140e-01,0.000000000000000000e+00,4.579918307604785022e-01,0.000000000000000000e+00,5.977612137357402045e-01,0.000000000000000000e+00,6.759850474146488208e-01,0.000000000000000000e+00,0.000000000000000000e+00,0.000000000000000000e+00,0.000000000000000000e+00
0.000000000000000000e+00,2.760924320738196713e-01,0.000000000000000000e+00,1.651618553099054587e-01,0.000000000000000000e+00,8.739463253310691959e-01,0.000000000000000000e+00,9.281023062278438429e-01,0.000000000000000000e+00,0.000000000000000000e+00,0.000000000000000000e+00,0.000000000000000000e+00
0.000000000000000000e+00,2.250623159481215385e-01,0.000000000000000000e+00,1.290593716296559168e-01,0.000000000000000000e+00,9.668979309373137987e-01,0.000000000000000000e+00,9.226469233421148441e-01,0.000000000000000000e+00,0.000000000000000000e+00,0.000000000000000000e+00,0.000000000000000000e+00
0.000000000000000000e+00,3.535534131395106083e-01,0.000000000000000000e+00,3.740819899822371286e-01,0.000000000000000000e+00,7.856894764640787177e-01,0.000000000000000000e+00,7.314802524936134809e-01,0.000000000000000000e+00,0.000000000000000000e+00,0.000000000000000000e+00,0.000000000000000000e+00
0.000000000000000000e+00,7.225242090939141271e-01,0.000000000000000000e+00,9.003317598084663587e-01,0.000000000000000000e+00,1.194782815107658797e-01,0.000000000000000000e+00,2.454545354549951888e-02,0.000000000000000000e+00,4.747209747109800149e-01,0.000000000000000000e+00,0.000000000000000000e+00
0.000000000000000000e+00,7.188782722175168782e-01,0.000000000000000000e+00,9.920876837203693732e-01,0.000000000000000000e+00,4.516649040823704497e-02,0.000000000000000000e+00,5.732647361202487107e-02,0.000000000000000000e+00,4.300028265591805399e-01,0.000000000000000000e+00,0.000000000000000000e+00
0.000000000000000000e+00,6.422141811372589215e-01,0.000000000000000000e+00,8.984678077752771275e-01,0.000000000000000000e+00,3.515619509973777479e-01,0.000000000000000000e+00,4.113716965768036138e-01,0.000000000000000000e+00,0.000000000000000000e+00,0.000000000000000000e+00,0.000000000000000000e+00
0.000000000000000000e+00,1.053412505900149371e-01,1.600909913036463808e-02,2.376453537984170306e-01,0.000000000000000000e+00,9.534664180802215894e-01,0.000000000000000000e+00,9.510884623628441670e-01,0.000000000000000000e+00,0.000000000000000000e+00,0.000000000000000000e+00,0.000000000000000000e+00
0.000000000000000000e+00,1.395038112584721379e-01,2.299882223163258110e-04,1.342613166059820062e-01,0.000000000000000000e+00,9.961702497838915704e-01,0.000000000000000000e+00,9.699045322795966095e-01,0.000000000000000000e+00,0.000000000000000000e+00,0.000000000000000000e+00,0.000000000000000000e+00
0.000000000000000000e+00,2.258685003628440602e-01,0.000000000000000000e+00,2.150098278853505851e-01,0.000000000000000000e+00,8.694183082269161256e-01,0.000000000000000000e+00,9.339962959126606457e-01,0.000000000000000000e+00,0.000000000000000000e+00,0.000000000000000000e+00,0.000000000000000000e+00
0.000000000000000000e+00,7.359746857523296049e-01,0.000000000000000000e+00,8.061484867966951517e-01,0.000000000000000000e+00,1.553071030807215425e-02,0.000000000000000000e+00,5.974021501587081090e-02,0.000000000000000000e+00,6.424192102677355187e-01,0.000000000000000000e+00,0.000000000000000000e+00
0.000000000000000000e+00,6.147563345280216973e-01,0.000000000000000000e+00,7.415770627205532373e-01,0.000000000000000000e+00,8.262768690369227953e-02,0.000000000000000000e+00,7.118950279090505455e-04,0.000000000000000000e+00,7.964307261326514231e-01,0.000000000000000000e+00,0.000000000000000000e+00
0.000000000000000000e+00,6.133802687057028358e-01,0.000000000000000000e+00,7.152254485459484945e-01,0.000000000000000000e+00,9.086625954263618295e-05,0.000000000000000000e+00,3.941049166037408069e-03,0.000000000000000000e+00,9.243309912399444439e-01,0.000000000000000000e+00,0.000000000000000000e+00
0.000000000000000000e+00,4.754709037760770918e-01,0.000000000000000000e+00,4.148729837385729535e-01,0.000000000000000000e+00,7.110061506172004053e-01,0.000000000000000000e+00,6.440144523348367844e-01,0.000000000000000000e+00,0.000000000000000000e+00,0.000000000000000000e+00,0.000000000000000000e+00
0.000000000000000000e+00,4.206089838883081411e-01,0.000000000000000000e+00,1.393522730989694425e-01,0.000000000000000000e+00,9.012044338113333053e-01,0.000000000000000000e+00,7.973236822497973275e-01,0.000000000000000000e+00,0.000000000000000000e+00,0.000000000000000000e+00,0.000000000000000000e+00
0.000000000000000000e+00,3.947879651264017964e-01,0.000000000000000000e+00,1.500808523954361429e-01,0.000000000000000000e+00,8.605693973638866012e-01,5.971959841647717223e-04,8.410419377456530565e-01,0.000000000000000000e+00,0.000000000000000000e+00,0.000000000000000000e+00,0.000000000000000000e+00
0.000000000000000000e+00,2.153284359271405157e-01,0.000000000000000000e+00,3.227985908634036227e-01,0.000000000000000000e+00,8.033589477503693121e-01,0.000000000000000000e+00,9.132987913384491563e-01,0.000000000000000000e+00,0.000000000000000000e+00,0.000000000000000000e+00,0.000000000000000000e+00
0.000000000000000000e+00,5.742788129950306963e-01,0.000000000000000000e+00,9.620874918757351679e-01,0.000000000000000000e+00,1.949198170481068466e-04,0.000000000000000000e+00,8.323872652799638172e-02,0.000000000000000000e+00,6.278821470739152089e-01,0.000000000000000000e+00,0.000000000000000000e+00
0.000000000000000000e+00,4.733617051935685716e-01,0.000000000000000000e+00,8.776878049790762804e-01,0.000000000000000000e+00,5.461286453985768341e-02,0.000000000000000000e+00,1.471803147353816585e-06,0.000000000000000000e+00,8.870778173654267906e-01,0.000000000000000000e+00,0.000000000000000000e+00
0.000000000000000000e+00,4.034145983642508093e-01,0.000000000000000000e+00,6.784236473160306646e-01,0.000000000000000000e+00,6.575009393482741937e-02,0.000000000000000000e+00,3.419088334441630628e-01,0.000000000000000000e+00,7.368236171003033075e-01,0.000000000000000000e+00,0.000000000000000000e+00
0.000000000000000000e+00,5.628435337689305928e-01,0.000000000000000000e+00,5.863894461131410329e-01,0.000000000000000000e+00,6.448317461156461983e-01,0.000000000000000000e+00,4.674299413764003153e-01,0.000000000000000000e+00,0.000000000000000000e+00,0.000000000000000000e+00,0.000000000000000000e+00
0.000000000000000000e+00,6.016318760659657983e-01,0.000000000000000000e+00,3.739836670929431728e-01,0.000000000000000000e+00,6.107360409150074387e-01,0.000000000000000000e+00,6.723779314851942024e-01,0.000000000000000000e+00,0.000000000000000000e+00,0.000000000000000000e+00,0.000000000000000000e+00
0.000000000000000000e+00,5.738592512682150204e-01,0.000000000000000000e+00,2.884628636042231853e-01,0.000000000000000000e+00,5.797885833229472485e-01,0.000000000000000000e+00,8.180275335915184742e-01,0.000000000000000000e+00,0.000000000000000000e+00,0.000000000000000000e+00,0.000000000000000000e+00
0.000000000000000000e+00,6.322744902704403591e-01,0.000000000000000000e+00,2.063566019552415809e-01,0.000000000000000000e+00,6.586794797611822405e-01,0.000000000000000000e+00,7.638230849404824552e-01,0.000000000000000000e+00,0.000000000000000000e+00,0.000000000000000000e+00,0.000000000000000000e+00
0.000000000000000000e+00,9.613142289392669904e-01,0.000000000000000000e+00,4.483652386262759748e-01,0.000000000000000000e+00,5.485272911657321782e-01,0.000000000000000000e+00,2.944310886683462747e-01,0.000000000000000000e+00,0.000000000000000000e+00,0.000000000000000000e+00,0.000000000000000000e+00
0.000000000000000000e+00,9.398432956613627098e-01,0.000000000000000000e+00,4.418599859366915683e-01,0.000000000000000000e+00,3.142445482645260801e-01,0.000000000000000000e+00,3.929807782955622997e-02,0.000000000000000000e+00,5.067497599981500844e-01,0.000000000000000000e+00,0.000000000000000000e+00
0.000000000000000000e+00,5.050058371905143950e-01,0.000000000000000000e+00,3.566007830779698851e-01,0.000000000000000000e+00,7.112186936805280357e-01,0.000000000000000000e+00,6.630038360046489609e-01,0.000000000000000000e+00,0.000000000000000000e+00,0.000000000000000000e+00,0.000000000000000000e+00
0.000000000000000000e+00,3.221160549679072393e-01,0.000000000000000000e+00,5.123967982482986461e-01,0.000000000000000000e+00,6.800084036985161173e-01,1.858747122302744151e-02,6.988655664286043123e-01,0.000000000000000000e+00,0.000000000000000000e+00,0.000000000000000000e+00,0.000000000000000000e+00
0.000000000000000000e+00,3.325266113053959582e-01,0.000000000000000000e+00,5.294597601420664157e-01,0.000000000000000000e+00,6.134154921111221181e-01,5.764993274551186153e-02,7.021123800829126571e-01,0.000000000000000000e+00,0.000000000000000000e+00,0.000000000000000000e+00,0.000000000000000000e+00
0.000000000000000000e+00,5.517083150819728221e-01,0.000000000000000000e+00,5.034795233216214916e-01,0.000000000000000000e+00,6.092498308700220466e-01,0.000000000000000000e+00,5.667584910110223806e-01,0.000000000000000000e+00,0.000000000000000000e+00,0.000000000000000000e+00,0.000000000000000000e+00
0.000000000000000000e+00,8.651987010233154196e-01,0.000000000000000000e+00,5.198903608883203020e-01,0.000000000000000000e+00,3.590401089646220179e-01,0.000000000000000000e+00,4.835219251834250165e-01,0.000000000000000000e+00,0.000000000000000000e+00,0.000000000000000000e+00,0.000000000000000000e+00
0.000000000000000000e+00,9.746102635933084901e-01,0.000000000000000000e+00,6.902156123074563165e-01,0.000000000000000000e+00,1.619818452761232971e-02,0.000000000000000000e+00,1.221127578636641070e-05,0.000000000000000000e+00,4.975573498241423476e-01,0.000000000000000000e+00,0.000000000000000000e+00
0.000000000000000000e+00,9.670269833761934164e-01,0.000000000000000000e+00,5.758437687151406470e-01,0.000000000000000000e+00,0.000000000000000000e+00,0.000000000000000000e+00,6.464158539002654531e-08,0.000000000000000000e+00,6.548192470924792952e-01,0.000000000000000000e+00,0.000000000000000000e+00
0.000000000000000000e+00,9.989940624326235641e-01,0.000000000000000000e+00,6.414567959420232057e-01,0.000000000000000000e+00,0.000000000000000000e+00,0.000000000000000000e+00,2.973362712576479872e-08,0.000000000000000000e+00,5.902763224688042376e-01,0.000000000000000000e+00,0.000000000000000000e+00
0.000000000000000000e+00,9.999891342418038009e-01,7.080991010026008170e-02,7.978858894254647893e-01,0.000000000000000000e+00,0.000000000000000000e+00,0.000000000000000000e+00,0.000000000000000000e+00,0.000000000000000000e+00,3.617520464553012349e-01,0.000000000000000000e+00,0.000000000000000000e+00
0.000000000000000000e+00,9.645478635724102912e-01,0.000000000000000000e+00,8.300984930637319570e-01,0.000000000000000000e+00,0.000000000000000000e+00,0.000000000000000000e+00,0.000000000000000000e+00,0.000000000000000000e+00,3.758794490521471521e-01,0.000000000000000000e+00,0.000000000000000000e+00
0.000000000000000000e+00,9.778038042620297299e-01,0.000000000000000000e+00,9.021358377435294562e-01,0.000000000000000000e+00,0.000000000000000000e+00,0.000000000000000000e+00,0.000000000000000000e+00,0.000000000000000000e+00,2.798289267821264525e-01,0.000000000000000000e+00,0.000000000000000000e+00
0.000000000000000000e+00,9.996633463636418471e-01,0.000000000000000000e+00,1.000000000000000000e+00,0.000000000000000000e+00,0.000000000000000000e+00,0.000000000000000000e+00,0.000000000000000000e+00,0.000000000000000000e+00,2.668528070338795355e-01,0.000000000000000000e+00,0.000000000000000000e+00
0.000000000000000000e+00,9.826717192376536181e-01,0.000000000000000000e+00,1.000000000000000000e+00,0.000000000000000000e+00,0.000000000000000000e+00,0.000000000000000000e+00,0.000000000000000000e+00,0.000000000000000000e+00,1.910867817395896506e-01,0.000000000000000000e+00,0.000000000000000000e+00
0.000000000000000000e+00,1.000000000000000000e+00,0.000000000000000000e+00,9.921064555014204034e-01,0.000000000000000000e+00,0.000000000000000000e+00,0.000000000000000000e+00,0.000000000000000000e+00,0.000000000000000000e+00,1.997982928158975602e-01,0.000000000000000000e+00,0.000000000000000000e+00
