0.000000000000000000e+00,1.736842395066533762e-01,0.000000000000000000e+00,9.702489355421153316e-01,0.000000000000000000e+00,2.786518298362825052e-01,0.000000000000000000e+00,2.122245354979404863e-01,0.000000000000000000e+00,0.000000000000000000e+00,0.000000000000000000e+00,0.000000000000000000e+00
0.000000000000000000e+00,1.018797270691856466e-01,0.000000000000000000e+00,9.163236826797099832e-01,0.000000000000000000e+00,4.521470331971773060e-01,0.000000000000000000e+00,1.685099947122020714e-01,0.000000000000000000e+00,0.000000000000000000e+00,0.000000000000000000e+00,0.000000000000000000e+00
0.000000000000000000e+00,1.229216609312690570e-03,0.000000000000000000e+00,7.373682086785756651e-01,0.000000000000000000e+00,8.990621087444031767e-01,0.000000000000000000e+00,0.000000000000000000e+00,0.000000000000000000e+00,0.000000000000000000e+00,0.000000000000000000e+00,0.000000000000000000e+00
0.000000000000000000e+00,6.893426206904275377e-02,0.000000000000000000e+00,9.750601095904750659e-01,0.000000000000000000e+00,5.367675111550466172e-01,0.000000000000000000e+00,5.083219650480545054e-02,0.000000000000000000e+00,0.000000000000000000e+00,0.000000000000000000e+00,0.000000000000000000e+00
0.000000000000000000e+00,1.321067371430335868e-01,0.000000000000000000e+00,9.282461997612517779e-01,0.000000000000000000e+00,3.619330429395158921e-01,0.000000000000000000e+00,2.121846035082998461e-01,0.000000000000000000e+00,0.000000000000000000e+00,0.000000000000000000e+00,0.000000000000000000e+00
0.000000000000000000e+00,2.834723522279508079e-01,0.000000000000000000e+00,7.742625697355669523e-01,0.000000000000000000e+00,3.871147633024660251e-01,0.000000000000000000e+00,1.900037346833403640e-01,0.000000000000000000e+00,0.000000000000000000e+00,0.000000000000000000e+00,0.000000000000000000e+00
0.000000000000000000e+00,2.847904286531184881e-01,0.000000000000000000e+00,3.950303946786420384e-01,0.000000000000000000e+00,5.752960262066796338e-01,0.000000000000000000e+00,3.793212461619044351e-01,0.000000000000000000e+00,0.000000000000000000e+00,0.000000000000000000e+00,0.000000000000000000e+00
0.000000000000000000e+00,5.939077903213749177e-02,0.000000000000000000e+00,5.990454913164692252e-01,0.000000000000000000e+00,9.467846449939216757e-01,0.000000000000000000e+00,3.081992216177914176e-02,0.000000000000000000e+00,0.000000000000000000e+00,0.000000000000000000e+00,0.000000000000000000e+00
0.000000000000000000e+00,1.184852691917302192e-01,0.000000000000000000e+00,6.903082810237299860e-01,0.000000000000000000e+00,5.150433954719269014e-01,0.000000000000000000e+00,3.117572317502005363e-01,0.000000000000000000e+00,0.000000000000000000e+00,0.000000000000000000e+00,0.000000000000000000e+00
0.000000000000000000e+00,8.643431272047299996e-02,0.000000000000000000e+00,9.704254670903009750e-01,0.000000000000000000e+00,4.249147246742008277e-01,4.275494823441822190e-02,8.362387685219875577e-02,0.000000000000000000e+00,0.000000000000000000e+00,0.000000000000000000e+00,0.000000000000000000e+00
0.000000000000000000e+00,1.702154319546422268e-01,0.000000000000000000e+00,7.006604654858445969e-01,0.000000000000000000e+00,5.224943089882017055e-01,0.000000000000000000e+00,2.387951271115405227e-01,0.000000000000000000e+00,0.000000000000000000e+00,0.000000000000000000e+00,0.000000000000000000e+00
0.000000000000000000e+00,9.758241903064407419e-02,0.000000000000000000e+00,4.925832527036265729e-01,0.000000000000000000e+00,9.264343611475717166e-01,0.000000000000000000e+00,1.189928443324264479e-01,0.000000000000000000e+00,0.000000000000000000e+00,0.000000000000000000e+00,0.000000000000000000e+00
0.000000000000000000e+00,1.124823540122029675e-01,0.000000000000000000e+00,3.317660453320415148e-01,0.000000000000000000e+00,9.174878190596594818e-01,0.000000000000000000e+00,2.736538949711113666e-01,0.000000000000000000e+00,0.000000000000000000e+00,0.000000000000000000e+00,0.000000000000000000e+00
0.000000000000000000e+00,3.261593772944991476e-02,0.000000000000000000e+00,8.368251167333969898e-01,0.000000000000000000e+00,7.545576439036126848e-01,0.000000000000000000e+00,1.213479841397819940e-02,0.000000000000000000e+00,0.000000000000000000e+00,0.000000000000000000e+00,0.000000000000000000e+00
0.000000000000000000e+00,9.928756513670647377e-02,0.000000000000000000e+00,8.072235994645751145e-01,0.000000000000000000e+00,6.132031901498778970e-01,0.000000000000000000e+00,1.155780016203466071e-01,0.000000000000000000e+00,0.000000000000000000e+00,0.000000000000000000e+00,0.000000000000000000e+00
0.000000000000000000e+00,4.895712851254452325e-02,0.000000000000000000e+00,7.213141763643925453e-01,0.000000000000000000e+00,8.074046098892181389e-01,0.000000000000000000e+00,5.876229403274962904e-02,0.000000000000000000e+00,0.000000000000000000e+00,0.000000000000000000e+00,0.000000000000000000e+00
0.000000000000000000e+00,2.194837409592141908e-01,0.000000000000000000e+00,7.152403184318811835e-01,0.000000000000000000e+00,4.274632719985714813e-01,0.000000000000000000e+00,2.720308401029912782e-01,0.000000000000000000e+00,0.000000000000000000e+00,0.000000000000000000e+00,0.000000000000000000e+00
0.000000000000000000e+00,4.333379079285312740e-01,0.000000000000000000e+00,9.861521733906708498e-01,0.000000000000000000e+00,1.695566671065491457e-02,0.000000000000000000e+00,2.900313042683628183e-03,0.000000000000000000e+00,2.056593832713634329e-01,0.000000000000000000e+00,0.000000000000000000e+00
0.000000000000000000e+00,2.455870329979809585e-01,0.000000000000000000e+00,9.518723626477091360e-01,0.000000000000000000e+00,1.015061346005080058e-02,0.000000000000000000e+00,1.811594371698779533e-03,0.000000000000000000e+00,4.271164377313701466e-01,0.000000000000000000e+00,0.000000000000000000e+00
0.000000000000000000e+00,1.511835169218934960e-01,0.000000000000000000e+00,8.894313914248217490e-01,0.000000000000000000e+00,7.075317182610392323e-03,0.000000000000000000e+00,5.682183707241046482e-03,0.000000000000000000e+00,5.861209620492187078e-01,0.000000000000000000e+00,0.000000000000000000e+00
0.000000000000000000e+00,5.931561764113297414e-02,0.000000000000000000e+00,9.442256134816966462e-01,0.000000000000000000e+00,1.564901588576671221e-02,0.000000000000000000e+00,1.714022544631435899e-02,0.000000000000000000e+00,6.011455083556036527e-01,0.000000000000000000e+00,0.000000000000000000e+00
0.000000000000000000e+00,6.479973954382953205e-02,0.000000000000000000e+00,8.934221645876594398e-01,0.000000000000000000e+00,1.258182646465866826e-02,0.000000000000000000e+00,1.366037234037608371e-02,0.000000000000000000e+00,6.544373748900823573e-01,0.000000000000000000e+00,0.000000000000000000e+00
0.000000000000000000e+00,8.234080209885918933e-02,0.000000000000000000e+00,8.266904251021377492e-01,0.000000000000000000e+00,2.169162762385170445e-02,0.000000000000000000e+00,1.401350185081296114e-02,0.000000000000000000e+00,6.950099002736999099e-01,0.000000000000000000e+00,0.000000000000000000e+00
0.000000000000000000e+00,1.431409429298197145e-01,0.000000000000000000e+00,7.480894911654317747e-01,0.000000000000000000e+00,2.009548051211580005e-02,0.000000000000000000e+00,9.158666066816043352e-03,0.000000000000000000e+00,7.183919179326504478e-01,0.000000000000000000e+00,0.000000000000000000e+00
0.000000000000000000e+00,2.221377481307897361e-01,0.000000000000000000e+00,7.672353290425804051e-01,0.000000000000000000e+00,1.431962380616117608e-02,0.000000000000000000e+00,9.202321483788350812e-03,0.000000000000000000e+00,6.266835454334859223e-01,0.000000000000000000e+00,0.000000000000000000e+00
0.000000000000000000e+00,2.005032952742718533e-01,0.000000000000000000e+00,8.088030902240714859e-01,0.000000000000000000e+00,1.405480753727697887e-02,0.000000000000000000e+00,1.143919559979895105e-02,0.000000000000000000e+00,6.037356957598245533e-01,0.000000000000000000e+00,0.000000000000000000e+00
0.000000000000000000e+00,1.974448694824713080e-01,0.000000000000000000e+00,8.801183616206440519e-01,0.000000000000000000e+00,1.313860274563189053e-02,0.000000000000000000e+00,1.219228177942047880e-02,0.000000000000000000e+00,5.368283900549988275e-01,0.000000000000000000e+00,0.000000000000000000e+00
0.000000000000000000e+00,1.778799706974804884e-01,0.000000000000000000e+00,9.136504180273311571e-01,0.000000000000000000e+00,8.979511107397706096e-03,0.000000000000000000e+00,8.350965054386731354e-03,0.000000000000000000e+00,5.301555416066193738e-01,0.000000000000000000e+00,0.000000000000000000e+00
0.000000000000000000e+00,1.517692742353059510e-01,0.000000000000000000e+00,8.667140646498407985e-01,0.000000000000000000e+00,9.302900790981213485e-04,0.000000000000000000e+00,5.223532090807525910e-03,0.000000000000000000e+00,6.132612216689421469e-01,0.000000000000000000e+00,0.000000000000000000e+00
0.000000000000000000e+00,1.058011157603903907e-01,0.000000000000000000e+00,9.730479100780382584e-01,0.000000000000000000e+00,3.842832400993229959e-03,0.000000000000000000e+00,1.445293442752097755e-05,0.000000000000000000e+00,5.652698743755494304e-01,0.000000000000000000e+00,0.000000000000000000e+00
0.000000000000000000e+00,1.741087867768492670e-01,0.000000000000000000e+00,9.082088058113987339e-01,0.000000000000000000e+00,8.821019950617017824e-02,0.000000000000000000e+00,9.011123081532206036e-02,0.000000000000000000e+00,3.769254391510199476e-01,0.000000000000000000e+00,0.000000000000000000e+00
0.000000000000000000e+00,9.721802985803350283e-03,0.000000000000000000e+00,6.412746903478836469e-01,0.000000000000000000e+00,4.940670514653074941e-01,0.000000000000000000e+00,4.911011395707977623e-01,0.000000000000000000e+00,0.000000000000000000e+00,0.000000000000000000e+00,0.000000000000000000e+00
3.421992819125881709e-05,3.702890481908645559e-01,0.000000000000000000e+00,6.429827505129674936e-01,0.000000000000000000e+00,3.292795509459280345e-01,0.000000000000000000e+00,2.938613027639148667e-01,0.000000000000000000e+00,0.000000000000000000e+00,0.000000000000000000e+00,0.000000000000000000e+00
3.197096737024757163e-03,3.381722477677775313e-02,0.000000000000000000e+00,9.459091808290531755e-01,0.000000000000000000e+00,2.847334332192014150e-01,0.000000000000000000e+00,3.650865570727035436e-01,0.000000000000000000e+00,0.000000000000000000e+00,0.000000000000000000e+00,0.000000000000000000e+00
1.357397363016879799e-01,3.885735433958526961e-04,0.000000000000000000e+00,7.576357719101455279e-01,0.000000000000000000e+00,3.803664942501926438e-01,0.000000000000000000e+00,3.578440973778021506e-01,0.000000000000000000e+00,0.000000000000000000e+00,0.000000000000000000e+00,0.000000000000000000e+00
3.710078449979779536e-01,4.949016669281375638e-03,0.000000000000000000e+00,2.593113206731759157e-01,0.000000000000000000e+00,6.844376105469899274e-01,0.000000000000000000e+00,3.126140123594040587e-01,0.000000000000000000e+00,0.000000000000000000e+00,0.000000000000000000e+00,0.000000000000000000e+00
3.327687902332236436e-01,1.332435968614758236e-02,0.000000000000000000e+00,1.166929622257781296e-02,0.000000000000000000e+00,4.943868708122745592e-01,0.000000000000000000e+00,7.984550429908811031e-01,0.000000000000000000e+00,0.000000000000000000e+00,0.000000000000000000e+00,0.000000000000000000e+00
4.013786770040740359e-01,2.497873122729554231e-03,6.324574354102897866e-02,8.685289320394322735e-03,0.000000000000000000e+00,5.535021693578314750e-01,0.000000000000000000e+00,6.081021894826631469e-01,0.000000000000000000e+00,0.000000000000000000e+00,0.000000000000000000e+00,0.000000000000000000e+00
5.855213758097459475e-01,3.267122171587281271e-02,2.192287720518343030e-01,4.131496910296724584e-02,0.000000000000000000e+00,8.980311637064763985e-02,0.000000000000000000e+00,6.796455448736549165e-02,0.000000000000000000e+00,5.041829021882403561e-01,0.000000000000000000e+00,8.907033677155881679e-02
4.590232731561680879e-01,8.388668480983843198e-03,0.000000000000000000e+00,5.488312783237959680e-01,0.000000000000000000e+00,1.137517875767639179e-03,0.000000000000000000e+00,3.297521161596080790e-04,0.000000000000000000e+00,6.201559064461409365e-01,0.000000000000000000e+00,0.000000000000000000e+00
3.134012562439355554e-01,5.947817491826891054e-03,0.000000000000000000e+00,8.314255878533690636e-01,0.000000000000000000e+00,1.499067931939659373e-04,0.000000000000000000e+00,4.161975558712626886e-05,0.000000000000000000e+00,4.837542085050530738e-01,0.000000000000000000e+00,0.000000000000000000e+00
2.836547046171065123e-01,1.761642596192422583e-03,0.000000000000000000e+00,8.056638986848256856e-01,0.000000000000000000e+00,2.306929022264269085e-03,0.000000000000000000e+00,7.343254159286412633e-03,0.000000000000000000e+00,5.316684694827489288e-01,0.000000000000000000e+00,0.000000000000000000e+00
4.052951334535048744e-01,3.473773494392417508e-03,0.000000000000000000e+00,7.859070276611880290e-01,0.000000000000000000e+00,8.433167482689475289e-03,0.000000000000000000e+00,1.006281174222240817e-02,0.000000000000000000e+00,4.219311712748394227e-01,0.000000000000000000e+00,0.000000000000000000e+00
2.950349116868329902e-01,2.666915351471987536e-03,0.000000000000000000e+00,8.240478174339510575e-01,0.000000000000000000e+00,3.583527445276164011e-03,0.000000000000000000e+00,7.489218358875030998e-03,0.000000000000000000e+00,5.005042846515019850e-01,0.000000000000000000e+00,0.000000000000000000e+00
3.705104422991370439e-01,7.279360313909900154e-03,0.000000000000000000e+00,8.685602673571867216e-01,0.000000000000000000e+00,6.383357575280506485e-03,0.000000000000000000e+00,5.032296912034394526e-03,0.000000000000000000e+00,3.840847757371330662e-01,0.000000000000000000e+00,0.000000000000000000e+00
4.088004250118783545e-01,4.721314332341389544e-03,0.000000000000000000e+00,9.511825143490661993e-01,0.000000000000000000e+00,2.199251632133617310e-03,0.000000000000000000e+00,4.040495741488203153e-03,0.000000000000000000e+00,2.499559476764911248e-01,0.000000000000000000e+00,0.000000000000000000e+00
3.855537801979859180e-01,5.592524223463903391e-03,0.000000000000000000e+00,5.913607343069849920e-01,0.000000000000000000e+00,6.443125218456514647e-01,0.000000000000000000e+00,5.505201860319162629e-03,0.000000000000000000e+00,0.000000000000000000e+00,0.000000000000000000e+00,0.000000000000000000e+00
3.589300525946499953e-01,5.318210235420239374e-04,0.000000000000000000e+00,4.212700200807129591e-01,0.000000000000000000e+00,8.503546012279122879e-01,0.000000000000000000e+00,4.546371239582482765e-03,0.000000000000000000e+00,0.000000000000000000e+00,0.000000000000000000e+00,0.000000000000000000e+00
4.860778846878850423e-01,1.762326547062445861e-02,4.112296534775389256e-02,8.411874560605189788e-02,0.000000000000000000e+00,9.994243426200730696e-01,0.000000000000000000e+00,3.063659757399609437e-03,0.000000000000000000e+00,0.000000000000000000e+00,0.000000000000000000e+00,0.000000000000000000e+00
1.944510854793191296e-03,2.499189465391568887e-01,4.922023223350723842e-01,3.033549294662087341e-04,0.000000000000000000e+00,8.899121694544257499e-01,0.000000000000000000e+00,0.000000000000000000e+00,0.000000000000000000e+00,0.000000000000000000e+00,0.000000000000000000e+00,0.000000000000000000e+00
0.000000000000000000e+00,3.307256313678910709e-01,3.158573353091645997e-01,4.664694658091093384e-03,0.000000000000000000e+00,9.812391624717279326e-01,0.000000000000000000e+00,1.553562245036621721e-03,0.000000000000000000e+00,0.000000000000000000e+00,0.000000000000000000e+00,0.000000000000000000e+00
0.000000000000000000e+00,3.689691152368433369e-01,3.400263372022730990e-01,4.231219094563222309e-03,0.000000000000000000e+00,9.212817253893973435e-01,0.000000000000000000e+00,2.795693674515320904e-03,0.000000000000000000e+00,0.000000000000000000e+00,0.000000000000000000e+00,0.000000000000000000e+00
0.000000000000000000e+00,3.653657016966458393e-01,4.058002739349363397e-01,4.277725809570731216e-03,0.000000000000000000e+00,8.563871985757316452e-01,0.000000000000000000e+00,1.540590137120860490e-05,0.000000000000000000e+00,0.000000000000000000e+00,0.000000000000000000e+00,0.000000000000000000e+00
0.000000000000000000e+00,4.635723785225100424e-01,6.313221802459711984e-01,9.460823410098807493e-03,0.000000000000000000e+00,5.257915129058454706e-01,0.000000000000000000e+00,2.102362106446089174e-04,0.000000000000000000e+00,0.000000000000000000e+00,0.000000000000000000e+00,0.000000000000000000e+00
0.000000000000000000e+00,3.275221043178695446e-01,5.233607197339045225e-01,6.309327817619132979e-03,0.000000000000000000e+00,7.842986707487923856e-03,0.000000000000000000e+00,5.701840252785463255e-03,0.000000000000000000e+00,7.597670513575520701e-01,0.000000000000000000e+00,0.000000000000000000e+00
0.000000000000000000e+00,2.907513312227323343e-01,4.618528430302136223e-01,4.101782384897706586e-03,0.000000000000000000e+00,6.979642593942784155e-03,0.000000000000000000e+00,1.255137354290350102e-02,0.000000000000000000e+00,8.465043556501002930e-01,0.000000000000000000e+00,0.000000000000000000e+00
0.000000000000000000e+00,2.231721515579837556e-01,4.927591507748567690e-01,6.634681948666761378e-03,0.000000000000000000e+00,8.827848117519953089e-03,0.000000000000000000e+00,2.873080524109508302e-02,0.000000000000000000e+00,8.664145043147234437e-01,0.000000000000000000e+00,0.000000000000000000e+00
0.000000000000000000e+00,3.894591755253433152e-01,4.542180759765545028e-01,6.281642003611313980e-03,0.000000000000000000e+00,8.067093308704066656e-03,0.000000000000000000e+00,4.835920900874862184e-03,0.000000000000000000e+00,7.685007449125970114e-01,0.000000000000000000e+00,0.000000000000000000e+00
0.000000000000000000e+00,3.542649305823784567e-01,6.657695960184704109e-01,6.519471523481040406e-03,0.000000000000000000e+00,2.258662138426766747e-02,0.000000000000000000e+00,4.716359354142488601e-03,0.000000000000000000e+00,5.786988140754089072e-01,0.000000000000000000e+00,0.000000000000000000e+00
0.000000000000000000e+00,5.910824436859766218e-01,7.479518418460666673e-01,1.489240262680537226e-02,0.000000000000000000e+00,3.691280881296092609e-02,0.000000000000000000e+00,2.598264121974744323e-02,0.000000000000000000e+00,2.208157516849271196e-01,0.000000000000000000e+00,0.000000000000000000e+00
0.000000000000000000e+00,4.221207105379850555e-01,5.594432332071621605e-01,6.645000827147256803e-03,0.000000000000000000e+00,3.276898572441185875e-01,0.000000000000000000e+00,3.213969773283491538e-01,0.000000000000000000e+00,0.000000000000000000e+00,0.000000000000000000e+00,0.000000000000000000e+00
0.000000000000000000e+00,2.480310269137975254e-01,6.351472008379238643e-01,1.816234262146622369e-02,0.000000000000000000e+00,3.409128350648049088e-01,0.000000000000000000e+00,3.856312732117526121e-01,0.000000000000000000e+00,0.000000000000000000e+00,0.000000000000000000e+00,0.000000000000000000e+00
0.000000000000000000e+00,1.613574062415233101e-01,5.735991569348466435e-01,1.391561252386141166e-02,0.000000000000000000e+00,4.381665996742335478e-01,0.000000000000000000e+00,4.430317847891902527e-01,6.611219190659809548e-05,0.000000000000000000e+00,0.000000000000000000e+00,0.000000000000000000e+00
0.000000000000000000e+00,2.413537272595026387e-02,2.921699051881874731e-01,2.977784932874648870e-03,0.000000000000000000e+00,6.042154554347523021e-01,1.238944131207345284e-01,6.036437689065863310e-01,9.713131036022013345e-03,0.000000000000000000e+00,0.000000000000000000e+00,0.000000000000000000e+00
0.000000000000000000e+00,1.941926300602906026e-04,2.113384027289859704e-02,8.502961548968094793e-03,0.000000000000000000e+00,4.883440866153124227e-01,7.869852898540695418e-02,4.870753945324142187e-01,5.831879064853154881e-01,0.000000000000000000e+00,0.000000000000000000e+00,0.000000000000000000e+00
0.000000000000000000e+00,4.791025799758674188e-03,2.706635746251971619e-02,2.447589968762774008e-03,0.000000000000000000e+00,2.812672066595387488e-01,2.256791903797824669e-05,5.116276485851306566e-01,7.839085335841357027e-01,0.000000000000000000e+00,0.000000000000000000e+00,0.000000000000000000e+00
0.000000000000000000e+00,2.275114648434336943e-04,3.344296569484932896e-02,1.180139371821841083e-03,0.000000000000000000e+00,5.278434350530947228e-01,0.000000000000000000e+00,2.630047123873321957e-01,8.066479921675482334e-01,0.000000000000000000e+00,0.000000000000000000e+00,0.000000000000000000e+00
0.000000000000000000e+00,2.576215213312118158e-03,1.105927057920384482e-01,6.507086891790573278e-03,0.000000000000000000e+00,2.487632146255745191e-01,0.000000000000000000e+00,2.511725380831755783e-01,9.786221693553550649e-01,3.275053052749683780e-02,0.000000000000000000e+00,0.000000000000000000e+00
0.000000000000000000e+00,1.615067078863962431e-03,3.169774816032651377e-02,8.122364677831686260e-05,0.000000000000000000e+00,5.313003828108911258e-04,0.000000000000000000e+00,7.023819397099149943e-04,8.312914835050436713e-01,7.649970753577285398e-01,0.000000000000000000e+00,0.000000000000000000e+00
0.000000000000000000e+00,1.557009879585866856e-03,2.481223967848504575e-02,1.178054018983189927e-02,0.000000000000000000e+00,7.155546075574415257e-03,0.000000000000000000e+00,5.771655403687938647e-03,6.648354341892245278e-01,9.199525203011377217e-01,0.000000000000000000e+00,0.000000000000000000e+00
0.000000000000000000e+00,1.132325274110938996e-04,8.093951164117434149e-02,1.027709677900008828e-04,0.000000000000000000e+00,3.843754318478028592e-02,0.000000000000000000e+00,3.268962223129139727e-02,5.445220260638359289e-01,9.650875886001071269e-01,0.000000000000000000e+00,0.000000000000000000e+00
0.000000000000000000e+00,7.638735431395449194e-01,7.679705609595980690e-06,3.921072838788157711e-01,0.000000000000000000e+00,6.495965782750147931e-03,0.000000000000000000e+00,5.594607399535948301e-03,0.000000000000000000e+00,4.560722929799611025e-01,0.000000000000000000e+00,0.000000000000000000e+00
0.000000000000000000e+00,7.409575954241439666e-01,0.000000000000000000e+00,3.177990510895141174e-01,0.000000000000000000e+00,5.016882416745541140e-03,0.000000000000000000e+00,1.140664342980914590e-02,0.000000000000000000e+00,5.564254672940662783e-01,0.000000000000000000e+00,0.000000000000000000e+00
0.000000000000000000e+00,7.271455697676757479e-01,0.000000000000000000e+00,3.342698440045522856e-01,0.000000000000000000e+00,5.750626618919070510e-03,0.000000000000000000e+00,1.683193910071764665e-02,0.000000000000000000e+00,5.493002252240123395e-01,0.000000000000000000e+00,0.000000000000000000e+00
0.000000000000000000e+00,7.358967595732759381e-01,0.000000000000000000e+00,3.698236001144010743e-01,0.000000000000000000e+00,6.319024617197127082e-03,0.000000000000000000e+00,1.468813557177301062e-02,0.000000000000000000e+00,5.063900978616799886e-01,0.000000000000000000e+00,0.000000000000000000e+00
0.000000000000000000e+00,7.992225359071806201e-01,0.000000000000000000e+00,3.124656449673989256e-01,0.000000000000000000e+00,1.412903865206724917e-03,0.000000000000000000e+00,6.492243029572223548e-04,0.000000000000000000e+00,5.226258536753496386e-01,0.000000000000000000e+00,0.000000000000000000e+00
0.000000000000000000e+00,7.851385948677357396e-01,0.000000000000000000e+00,3.327332277476147127e-01,0.000000000000000000e+00,6.248263059359826944e-04,0.000000000000000000e+00,4.967356763672881322e-06,0.000000000000000000e+00,5.223793499588222922e-01,0.000000000000000000e+00,0.000000000000000000e+00
0.000000000000000000e+00,9.406031190119496996e-03,0.000000000000000000e+00,1.919820702743949437e-03,0.000000000000000000e+00,5.098492022427467130e-02,0.000000000000000000e+00,4.292032367677292570e-02,5.174600574102447004e-01,9.962698750170031481e-01,0.000000000000000000e+00,0.000000000000000000e+00
0.000000000000000000e+00,5.149310508405178025e-03,0.000000000000000000e+00,1.927951576764443510e-03,0.000000000000000000e+00,2.551897670515038043e-03,0.000000000000000000e+00,7.972127396657834042e-03,6.995876734522622487e-01,9.278614769877109314e-01,0.000000000000000000e+00,0.000000000000000000e+00
0.000000000000000000e+00,5.141291434411002486e-04,0.000000000000000000e+00,1.524759245203272063e-03,0.000000000000000000e+00,9.934386204344485688e-03,0.000000000000000000e+00,1.582435950715680535e-03,7.558384017777314279e-01,8.800542982132404379e-01,0.000000000000000000e+00,0.000000000000000000e+00
0.000000000000000000e+00,3.932681940449324147e-04,0.000000000000000000e+00,4.302686567436569097e-03,0.000000000000000000e+00,9.057215894834030195e-03,0.000000000000000000e+00,7.107153146426919976e-01,9.187594813461726906e-01,0.000000000000000000e+00,0.000000000000000000e+00,0.000000000000000000e+00
0.000000000000000000e+00,6.153477870875106483e-04,0.000000000000000000e+00,4.924954094801438234e-04,0.000000000000000000e+00,2.167280411378925877e-06,0.000000000000000000e+00,9.595565316795775512e-01,6.805890612703369147e-01,0.000000000000000000e+00,0.000000000000000000e+00,0.000000000000000000e+00
0.000000000000000000e+00,5.631809728540150273e-01,0.000000000000000000e+00,6.087249249051249200e-02,0.000000000000000000e+00,2.333048719345079056e-03,0.000000000000000000e+00,9.968971543309055328e-01,0.000000000000000000e+00,0.000000000000000000e+00,0.000000000000000000e+00,0.000000000000000000e+00
0.000000000000000000e+00,6.182056232984187716e-01,0.000000000000000000e+00,4.256970256605837818e-03,0.000000000000000000e+00,7.984104980810669992e-04,0.000000000000000000e+00,9.978359295362038139e-01,0.000000000000000000e+00,0.000000000000000000e+00,0.000000000000000000e+00,0.000000000000000000e+00
0.000000000000000000e+00,4.630384535299566506e-01,0.000000000000000000e+00,1.657212279590190296e-01,0.000000000000000000e+00,4.165128102932695066e-03,0.000000000000000000e+00,9.969112941131558214e-01,0.000000000000000000e+00,0.000000000000000000e+00,0.000000000000000000e+00,0.000000000000000000e+00
0.000000000000000000e+00,4.188884798558415445e-01,0.000000000000000000e+00,2.119066089072056125e-01,0.000000000000000000e+00,7.462688590115433389e-03,2.435736096951956640e-04,9.975993328747526645e-01,0.000000000000000000e+00,0.000000000000000000e+00,0.000000000000000000e+00,0.000000000000000000e+00
0.000000000000000000e+00,3.809015299281287570e-01,0.000000000000000000e+00,2.404022319403859020e-01,0.000000000000000000e+00,1.579415552761470089e-03,0.000000000000000000e+00,9.966277546733480763e-01,0.000000000000000000e+00,0.000000000000000000e+00,0.000000000000000000e+00,0.000000000000000000e+00
0.000000000000000000e+00,3.803086198808836027e-01,0.000000000000000000e+00,1.842137602417550091e-01,0.000000000000000000e+00,2.595794604943737691e-02,0.000000000000000000e+00,4.406375237085868868e-02,0.000000000000000000e+00,9.998996489872210569e-01,0.000000000000000000e+00,0.000000000000000000e+00
0.000000000000000000e+00,4.033620500689905075e-01,0.000000000000000000e+00,1.916113756516743538e-01,0.000000000000000000e+00,1.484268905373817976e-02,0.000000000000000000e+00,2.485761963470582009e-02,0.000000000000000000e+00,9.999005068847451883e-01,0.000000000000000000e+00,0.000000000000000000e+00
0.000000000000000000e+00,3.924828935128577556e-01,0.000000000000000000e+00,1.874101499763008716e-01,0.000000000000000000e+00,2.106359086752764703e-02,0.000000000000000000e+00,3.383970900750394445e-02,0.000000000000000000e+00,9.999008269353917289e-01,0.000000000000000000e+00,0.000000000000000000e+00
0.000000000000000000e+00,6.028086048935966668e-01,0.000000000000000000e+00,3.110039963213360407e-03,0.000000000000000000e+00,8.468056306815663001e-03,0.000000000000000000e+00,1.946946165104298035e-02,0.000000000000000000e+00,9.999110427533679513e-01,0.000000000000000000e+00,0.000000000000000000e+00
0.000000000000000000e+00,5.952039501214014816e-01,0.000000000000000000e+00,1.149699739611979420e-03,0.000000000000000000e+00,2.051459844595650978e-02,0.000000000000000000e+00,1.850949687557491147e-02,0.000000000000000000e+00,9.998970763541260576e-01,0.000000000000000000e+00,0.000000000000000000e+00
0.000000000000000000e+00,5.635783737159827389e-01,0.000000000000000000e+00,1.633954542186169621e-03,0.000000000000000000e+00,4.102322164460799753e-02,0.000000000000000000e+00,2.630376580047277466e-02,0.000000000000000000e+00,9.999111905536542944e-01,0.000000000000000000e+00,0.000000000000000000e+00
0.000000000000000000e+00,7.617809268181564321e-03,0.000000000000000000e+00,1.957153259349656005e-03,0.000000000000000000e+00,7.960434154802834353e-03,0.000000000000000000e+00,0.000000000000000000e+00,6.264650452321210983e-01,9.998287152676165190e-01,0.000000000000000000e+00,0.000000000000000000e+00
0.000000000000000000e+00,4.222823246597396697e-03,0.000000000000000000e+00,1.706711039137851459e-03,0.000000000000000000e+00,2.126550985507570657e-02,0.000000000000000000e+00,2.359754128832252176e-02,5.859482613261161044e-01,9.998597637943397176e-01,0.000000000000000000e+00,0.000000000000000000e+00
0.000000000000000000e+00,7.920119916435966814e-03,0.000000000000000000e+00,9.858726347320579796e-04,0.000000000000000000e+00,6.019147199162804274e-01,0.000000000000000000e+00,6.185776620840574003e-01,4.045760009344060992e-01,0.000000000000000000e+00,0.000000000000000000e+00,0.000000000000000000e+00
0.000000000000000000e+00,0.000000000000000000e+00,0.000000000000000000e+00,8.704588359937528649e-03,0.000000000000000000e+00,6.142250512509354055e-01,0.000000000000000000e+00,7.722584562408912889e-01,2.514084324078064703e-01,0.000000000000000000e+00,0.000000000000000000e+00,0.000000000000000000e+00
0.000000000000000000e+00,8.844298615570360530e-04,0.000000000000000000e+00,3.931053928076292357e-03,0.000000000000000000e+00,4.716017814962202848e-01,0.000000000000000000e+00,8.021667924848920883e-01,3.711058311449765279e-01,0.000000000000000000e+00,0.000000000000000000e+00,0.000000000000000000e+00
0.000000000000000000e+00,9.088894274972876422e-04,0.000000000000000000e+00,0.000000000000000000e+00,0.000000000000000000e+00,7.071024470391740202e-01,0.000000000000000000e+00,2.895850021356071169e-01,6.507213693443240077e-01,0.000000000000000000e+00,0.000000000000000000e+00,0.000000000000000000e+00
0.000000000000000000e+00,1.590387175767921102e-02,0.000000000000000000e+00,0.000000000000000000e+00,0.000000000000000000e+00,5.509210992376126770e-01,0.000000000000000000e+00,5.063947799569947783e-01,5.764738114559616600e-01,0.000000000000000000e+00,0.000000000000000000e+00,0.000000000000000000e+00
0.000000000000000000e+00,3.200928297469902029e-03,0.000000000000000000e+00,1.467538557161176356e-03,0.000000000000000000e+00,3.847490955984357863e-01,0.000000000000000000e+00,3.707092975029493975e-01,8.829892737902994559e-01,0.000000000000000000e+00,0.000000000000000000e+00,0.000000000000000000e+00
0.000000000000000000e+00,0.000000000000000000e+00,0.000000000000000000e+00,7.764367514118718401e-03,0.000000000000000000e+00,7.827610200115854913e-03,0.000000000000000000e+00,1.290179068181834809e-02,8.869612401004237645e-01,7.357096018605105980e-01,0.000000000000000000e+00,0.000000000000000000e+00
0.000000000000000000e+00,1.731349896286671049e-03,0.000000000000000000e+00,3.373109405549750035e-05,0.000000000000000000e+00,2.095219974826689757e-02,0.000000000000000000e+00,1.481656645147754088e-02,7.840518553857444006e-01,8.203551136304879643e-01,0.000000000000000000e+00,0.000000000000000000e+00
0.000000000000000000e+00,3.402294201938594687e-04,0.000000000000000000e+00,1.528582149068979500e-03,0.000000000000000000e+00,2.222489874389896314e-02,0.000000000000000000e+00,9.988117807403128212e-03,7.249851966059862596e-01,8.718207930381158821e-01,0.000000000000000000e+00,0.000000000000000000e+00
0.000000000000000000e+00,5.198714570135656680e-03,0.000000000000000000e+00,1.071250623314193382e-03,0.000000000000000000e+00,3.031277059472600732e-02,0.000000000000000000e+00,2.413818687359966034e-02,6.850096577627687866e-01,8.899746938957842080e-01,0.000000000000000000e+00,0.000000000000000000e+00
0.000000000000000000e+00,0.000000000000000000e+00,0.000000000000000000e+00,1.366237618947189906e-03,0.000000000000000000e+00,3.348863157449862710e-02,0.000000000000000000e+00,2.519655354561394292e-02,6.683657737755946959e-01,9.096457304453156034e-01,0.000000000000000000e+00,0.000000000000000000e+00
0.000000000000000000e+00,1.639687063776819331e-02,0.000000000000000000e+00,0.000000000000000000e+00,0.000000000000000000e+00,1.653504859607252478e-02,0.000000000000000000e+00,1.479279431042396231e-02,6.209422579648503637e-01,9.749906477668702776e-01,0.000000000000000000e+00,0.000000000000000000e+00
0.000000000000000000e+00,1.683104181655381863e-03,0.000000000000000000e+00,0.000000000000000000e+00,0.000000000000000000e+00,0.000000000000000000e+00,0.000000000000000000e+00,7.292732938704547807e-03,7.012797488059380191e-01,9.277637053069766049e-01,0.000000000000000000e+00,0.000000000000000000e+00
0.000000000000000000e+00,3.057612615787551184e-04,0.000000000000000000e+00,0.000000000000000000e+00,0.000000000000000000e+00,4.228982935247180969e-03,0.000000000000000000e+00,0.000000000000000000e+00,7.942714205435759123e-01,8.487501106251191807e-01,0.000000000000000000e+00,0.000000000000000000e+00
0.000000000000000000e+00,5.563138325024896344e-03,0.000000000000000000e+00,1.834396659833590834e-03,0.000000000000000000e+00,6.586142793541386806e-03,0.000000000000000000e+00,1.257384192329093035e-02,5.846359115434814901e-01,9.999971712345839814e-01,0.000000000000000000e+00,0.000000000000000000e+00
0.000000000000000000e+00,5.358432201474169210e-01,0.000000000000000000e+00,5.045394959402539972e-03,0.000000000000000000e+00,1.470387387424725890e-02,0.000000000000000000e+00,1.053950962124059962e-02,3.158056122609463720e-04,1.000000000000000000e+00,0.000000000000000000e+00,0.000000000000000000e+00
0.000000000000000000e+00,2.984465880455587916e-01,0.000000000000000000e+00,2.743910926835543274e-01,0.000000000000000000e+00,3.041786233237388226e-02,0.000000000000000000e+00,3.024240274149077659e-02,0.000000000000000000e+00,9.999144125503540703e-01,0.000000000000000000e+00,0.000000000000000000e+00
0.000000000000000000e+00,4.692463716320474654e-02,0.000000000000000000e+00,5.106771614993012021e-01,0.000000000000000000e+00,3.466171055727024913e-02,0.000000000000000000e+00,3.929103239890058968e-02,0.000000000000000000e+00,9.999301339622210794e-01,0.000000000000000000e+00,0.000000000000000000e+00
0.000000000000000000e+00,1.880419737295362451e-02,0.000000000000000000e+00,5.509930414037615964e-01,0.000000000000000000e+00,3.336515263989731778e-02,0.000000000000000000e+00,2.081113183959997989e-02,0.000000000000000000e+00,9.999658577273606852e-01,0.000000000000000000e+00,0.000000000000000000e+00
0.000000000000000000e+00,1.353580320524232217e-01,0.000000000000000000e+00,4.491815396718196740e-01,0.000000000000000000e+00,3.569818372224951158e-02,0.000000000000000000e+00,2.318431490513672786e-03,0.000000000000000000e+00,9.999733727309287890e-01,0.000000000000000000e+00,0.000000000000000000e+00
0.000000000000000000e+00,8.549502398682122528e-02,0.000000000000000000e+00,5.266000232992323893e-01,0.000000000000000000e+00,1.698522520162668720e-02,0.000000000000000000e+00,5.768487771720614372e-04,0.000000000000000000e+00,9.999394345836764009e-01,0.000000000000000000e+00,0.000000000000000000e+00
0.000000000000000000e+00,1.520653993256357861e-01,0.000000000000000000e+00,4.837192043307375067e-01,0.000000000000000000e+00,5.235594590944775417e-04,0.000000000000000000e+00,5.239705219862246565e-04,0.000000000000000000e+00,9.999362772577112812e-01,0.000000000000000000e+00,0.000000000000000000e+00
0.000000000000000000e+00,1.476411115965658716e-01,0.000000000000000000e+00,7.033647099645057299e-01,0.000000000000000000e+00,3.143793790949051536e-01,0.000000000000000000e+00,4.095678925000272863e-01,0.000000000000000000e+00,4.977052791907183443e-02,0.000000000000000000e+00,0.000000000000000000e+00
0.000000000000000000e+00,1.591495217958508179e-01,0.000000000000000000e+00,7.962551047514135893e-01,0.000000000000000000e+00,3.437548336787869530e-01,0.000000000000000000e+00,3.245485392915429812e-01,0.000000000000000000e+00,0.000000000000000000e+00,0.000000000000000000e+00,0.000000000000000000e+00
8.865902153249672008e-04,1.436391783078365125e-01,0.000000000000000000e+00,6.195128695328687707e-01,0.000000000000000000e+00,3.621353750750053169e-01,0.000000000000000000e+00,4.390930516481160173e-01,0.000000000000000000e+00,0.000000000000000000e+00,0.000000000000000000e+00,6.336175672543127579e-02
5.526763400439257281e-06,1.013620398728294538e-03,0.000000000000000000e+00,5.190383546481977040e-05,0.000000000000000000e+00,4.963265013965371952e-03,0.000000000000000000e+00,1.383666754689948477e-04,9.314443519423707407e-01,0.000000000000000000e+00,0.000000000000000000e+00,6.549935620768512212e-01
1.797227202049543677e-05,0.000000000000000000e+00,0.000000000000000000e+00,8.427918832337025538e-05,0.000000000000000000e+00,1.546661964831358704e-01,0.000000000000000000e+00,4.539603198616712181e-04,1.000000000000000000e+00,0.000000000000000000e+00,0.000000000000000000e+00,4.270734880819713752e-01
1.747151944495166495e-03,0.000000000000000000e+00,0.000000000000000000e+00,4.193451540505258035e-01,0.000000000000000000e+00,7.456471810486071661e-01,0.000000000000000000e+00,3.470471394159712619e-01,1.966233991495348020e-03,0.000000000000000000e+00,0.000000000000000000e+00,1.096925232118259180e-01
5.073120276391396288e-03,0.000000000000000000e+00,0.000000000000000000e+00,5.812575305882973220e-01,0.000000000000000000e+00,7.611317962596420017e-01,0.000000000000000000e+00,2.847861877861217472e-01,0.000000000000000000e+00,0.000000000000000000e+00,0.000000000000000000e+00,0.000000000000000000e+00
4.101109363035374683e-03,0.000000000000000000e+00,0.000000000000000000e+00,8.015698988539708969e-01,0.000000000000000000e+00,8.400029475189491057e-01,0.000000000000000000e+00,3.212091526367682223e-04,0.000000000000000000e+00,0.000000000000000000e+00,0.000000000000000000e+00,0.000000000000000000e+00
0.000000000000000000e+00,0.000000000000000000e+00,0.000000000000000000e+00,9.997241742109125306e-01,0.000000000000000000e+00,2.715782063901006627e-01,0.000000000000000000e+00,1.240226548031825027e-01,0.000000000000000000e+00,0.000000000000000000e+00,2.373041161784163466e-01,0.000000000000000000e+00
0.000000000000000000e+00,0.000000000000000000e+00,0.000000000000000000e+00,9.991824431042504173e-01,0.000000000000000000e+00,3.070161927924766609e-01,0.000000000000000000e+00,3.042514288709372017e-01,0.000000000000000000e+00,0.000000000000000000e+00,0.000000000000000000e+00,0.000000000000000000e+00
0.000000000000000000e+00,0.000000000000000000e+00,0.000000000000000000e+00,9.994771679754341775e-01,0.000000000000000000e+00,2.409683122902005203e-01,0.000000000000000000e+00,4.020358872653523874e-01,0.000000000000000000e+00,0.000000000000000000e+00,0.000000000000000000e+00,0.000000000000000000e+00
1.410606686444927605e-03,0.000000000000000000e+00,0.000000000000000000e+00,9.303251454348669958e-01,0.000000000000000000e+00,5.462191200093067245e-01,0.000000000000000000e+00,1.465036165781608557e-01,0.000000000000000000e+00,0.000000000000000000e+00,0.000000000000000000e+00,0.000000000000000000e+00
8.457039968857413964e-03,0.000000000000000000e+00,0.000000000000000000e+00,9.406203830490155182e-01,0.000000000000000000e+00,4.411675744788046694e-01,0.000000000000000000e+00,2.215301245305137390e-01,0.000000000000000000e+00,0.000000000000000000e+00,0.000000000000000000e+00,0.000000000000000000e+00
4.426712739328656637e-03,0.000000000000000000e+00,0.000000000000000000e+00,5.667200306056626065e-03,5.423650969669888688e-01,0.000000000000000000e+00,0.000000000000000000e+00,2.191646474072209139e-02,1.000000000000000000e+00,0.000000000000000000e+00,0.000000000000000000e+00,0.000000000000000000e+00
8.725557702918529043e-03,0.000000000000000000e+00,0.000000000000000000e+00,9.957100462186761227e-05,1.391944352803700657e-01,2.963016849808615578e-03,0.000000000000000000e+00,4.687548557580112907e-01,1.000000000000000000e+00,0.000000000000000000e+00,0.000000000000000000e+00,0.000000000000000000e+00
3.551188358540573187e-02,0.000000000000000000e+00,0.000000000000000000e+00,4.961453674373044187e-01,0.000000000000000000e+00,4.680175566361846617e-01,0.000000000000000000e+00,6.103194601143953069e-01,1.744404883288586225e-04,0.000000000000000000e+00,0.000000000000000000e+00,0.000000000000000000e+00
5.187439336020700092e-02,0.000000000000000000e+00,0.000000000000000000e+00,5.661642039716537900e-01,0.000000000000000000e+00,3.554807616590678898e-01,0.000000000000000000e+00,6.376428211800653223e-01,0.000000000000000000e+00,0.000000000000000000e+00,0.000000000000000000e+00,0.000000000000000000e+00
4.306698293992133331e-01,0.000000000000000000e+00,0.000000000000000000e+00,3.759273133135903611e-01,0.000000000000000000e+00,1.839963054580525392e-01,0.000000000000000000e+00,6.258450877390958622e-01,0.000000000000000000e+00,0.000000000000000000e+00,0.000000000000000000e+00,0.000000000000000000e+00
6.135443819543333621e-01,0.000000000000000000e+00,0.000000000000000000e+00,6.424407891492791567e-01,0.000000000000000000e+00,2.265189801859538582e-02,0.000000000000000000e+00,3.482842253014552525e-01,0.000000000000000000e+00,0.000000000000000000e+00,0.000000000000000000e+00,0.000000000000000000e+00
5.750872908736884837e-01,0.000000000000000000e+00,0.000000000000000000e+00,8.427708544431063986e-01,0.000000000000000000e+00,1.679459621586889759e-02,0.000000000000000000e+00,1.909925011811792195e-01,0.000000000000000000e+00,0.000000000000000000e+00,0.000000000000000000e+00,0.000000000000000000e+00
5.399640947681942915e-01,1.394217889311612961e-03,0.000000000000000000e+00,9.878693276354223451e-01,0.000000000000000000e+00,1.464195023191053845e-03,0.000000000000000000e+00,8.323834912847992429e-02,0.000000000000000000e+00,0.000000000000000000e+00,0.000000000000000000e+00,0.000000000000000000e+00
5.732628965850630198e-01,5.386188491873227131e-03,0.000000000000000000e+00,9.401095471048565022e-01,0.000000000000000000e+00,2.354623539808139987e-02,0.000000000000000000e+00,7.421333178031991329e-02,0.000000000000000000e+00,0.000000000000000000e+00,0.000000000000000000e+00,0.000000000000000000e+00
9.981657895240403366e-01,7.874485538779967334e-03,0.000000000000000000e+00,7.129568757520926559e-02,0.000000000000000000e+00,9.722094532709728287e-02,0.000000000000000000e+00,0.000000000000000000e+00,0.000000000000000000e+00,3.531421256708323214e-02,0.000000000000000000e+00,3.772305071994790926e-01
9.064566042774429011e-01,2.645677405094345363e-04,0.000000000000000000e+00,2.981152453517756443e-02,0.000000000000000000e+00,2.029165223102508825e-02,0.000000000000000000e+00,0.000000000000000000e+00,0.000000000000000000e+00,0.000000000000000000e+00,0.000000000000000000e+00,7.236365192194380569e-01
9.914133544302685674e-01,2.256853445715088769e-04,0.000000000000000000e+00,6.227545270159176027e-01,0.000000000000000000e+00,0.000000000000000000e+00,0.000000000000000000e+00,0.000000000000000000e+00,0.000000000000000000e+00,0.000000000000000000e+00,0.000000000000000000e+00,0.000000000000000000e+00
9.936493913114182730e-01,1.043879887119000642e-02,0.000000000000000000e+00,5.964388771958585300e-01,0.000000000000000000e+00,2.251379777541954660e-02,0.000000000000000000e+00,0.000000000000000000e+00,0.000000000000000000e+00,0.000000000000000000e+00,0.000000000000000000e+00,0.000000000000000000e+00
9.943670739526112579e-01,1.281675646914400175e-02,0.000000000000000000e+00,4.982638876821286478e-01,0.000000000000000000e+00,5.904504227960677420e-02,0.000000000000000000e+00,0.000000000000000000e+00,4.207184619925392150e-05,2.864911612770023458e-02,0.000000000000000000e+00,0.000000000000000000e+00
6.019823627067848459e-01,3.602990143899466053e-04,0.000000000000000000e+00,1.233487517446536048e-03,0.000000000000000000e+00,7.030119691098984935e-03,0.000000000000000000e+00,0.000000000000000000e+00,1.000000000000000000e+00,0.000000000000000000e+00,0.000000000000000000e+00,0.000000000000000000e+00
6.005495294573911513e-01,4.325844577173194871e-02,0.000000000000000000e+00,0.000000000000000000e+00,0.000000000000000000e+00,2.184438840533618319e-03,0.000000000000000000e+00,0.000000000000000000e+00,9.999269794855146776e-01,0.000000000000000000e+00,0.000000000000000000e+00,0.000000000000000000e+00
5.342022819704131953e-01,1.311583512336315649e-01,0.000000000000000000e+00,2.263423006147889105e-01,0.000000000000000000e+00,5.239887002367701885e-02,0.000000000000000000e+00,0.000000000000000000e+00,6.427441001838855028e-01,3.040474048726494669e-02,0.000000000000000000e+00,0.000000000000000000e+00
0.000000000000000000e+00,5.472604447455426957e-01,0.000000000000000000e+00,9.995467313799974995e-01,0.000000000000000000e+00,5.888782618875629260e-02,0.000000000000000000e+00,0.000000000000000000e+00,0.000000000000000000e+00,0.000000000000000000e+00,0.000000000000000000e+00,0.000000000000000000e+00
0.000000000000000000e+00,4.547260054569283727e-01,0.000000000000000000e+00,9.999270111637540426e-01,0.000000000000000000e+00,1.082524964016659402e-01,0.000000000000000000e+00,0.000000000000000000e+00,0.000000000000000000e+00,0.000000000000000000e+00,0.000000000000000000e+00,0.000000000000000000e+00
0.000000000000000000e+00,4.726170788743105367e-01,0.000000000000000000e+00,9.994168320281928697e-01,0.000000000000000000e+00,1.495170155511719445e-01,0.000000000000000000e+00,0.000000000000000000e+00,0.000000000000000000e+00,0.000000000000000000e+00,0.000000000000000000e+00,0.000000000000000000e+00
